"run","Model","ic_series","dummies","dummies_active","dummies_dropped","ecdet","lag_rule","K","n_months","cv_valid","rank_10pct","rank_5pct","rank_1pct","eigen_rank_5pct","tests_agree_5pct","rank_used","vecm_status","alpha_mode","t_mode","p_mode","sig_mode","alpha_mode_lo","alpha_mode_hi","alpha_IC","t_IC","p_IC","sig_IC","alpha_IC_lo","alpha_IC_hi","beta_ic","beta_det","det_label","we_mode_LR","we_mode_p","we_IC_LR","we_IC_p","lb_mode_stat","lb_mode_p","lb_lag","lb_IC_stat","lb_IC_p","hl_mode","shock_term","shock_coef","shock_p","crisis_coef","crisis_p"
"A_common_censusIC","LTL","Total_Inventories","none","","","none","AIC",6,252,TRUE,0,0,0,0,TRUE,NA,"r = 0: no cointegration",NA,NA,NA,"",NA,NA,NA,NA,NA,"",NA,NA,NA,NA,NA,NA,NA,NA,NA,NA,NA,NA,NA,NA,NA,NA,NA,NA,NA,NA
"A_common_censusIC","LTL","Total_Inventories","none","","","none","SBC",2,252,TRUE,0,0,0,0,TRUE,NA,"r = 0: no cointegration",NA,NA,NA,"",NA,NA,NA,NA,NA,"",NA,NA,NA,NA,NA,NA,NA,NA,NA,NA,NA,NA,NA,NA,NA,NA,NA,NA,NA,NA
"A_common_censusIC","LTL","Total_Inventories","none","","","const","AIC",6,252,TRUE,1,1,0,0,FALSE,1,"estimated at r = 1",0.0142380871300066,0.589670935409814,0.556005584635157,"",-0.0333439266316549,0.0618201008916682,0.0400951604367196,3.71574542408614,0.000255920230828256,"***",0.0188310657192539,0.0613592551541854,-1.1593480368346,11.6132928148292,"constant",0.219282751048961,0.639586970307966,8.35086335028355,0.00385504111650725,3.17666229369717,0.994163030313924,12,5.06384510997461,0.955812398060031,NA,NA,NA,NA,NA,NA
"A_common_censusIC","LTL","Total_Inventories","none","","","const","SBC",2,252,TRUE,1,1,1,1,TRUE,1,"estimated at r = 1",0.0203932665377815,1.50382264611829,0.133964068658066,"",-0.0063227152545288,0.0471092483300917,0.0296789212420723,4.71698770080485,4.09888146909504e-06,"***",0.0172834132010277,0.0420744292831169,-1.14881281578843,11.501177900098,"constant",1.67433522606565,0.195678871428465,15.6257318097308,7.71969149919727e-05,10.9481201180732,0.533369973891666,12,29.1398454318008,0.00375587518532861,NA,NA,NA,NA,NA,NA
"A_common_censusIC","LTL","Total_Inventories","none","","","trend","AIC",6,252,TRUE,2,1,0,0,FALSE,1,"estimated at r = 1",0.00693444412637981,2.10886658051505,0.0360718157821801,"**",0.000454458819424955,0.0134144294333347,0.00503566059581459,3.34948671580572,0.000950517936443885,"***",0.00207294704629012,0.00799837414533907,-6.61875899192269,0.016016466214248,"trend.l6",1.43097804316727,0.23160488764256,3.52039279326332,0.0606180796890916,4.22068212032048,0.979116851921977,12,4.79354509637658,0.964521429412512,NA,NA,NA,NA,NA,NA
"A_common_censusIC","LTL","Total_Inventories","none","","","trend","SBC",2,252,TRUE,0,0,0,0,TRUE,NA,"r = 0: no cointegration",NA,NA,NA,"",NA,NA,NA,NA,NA,"",NA,NA,NA,NA,NA,NA,NA,NA,NA,NA,NA,NA,NA,NA,NA,NA,NA,NA,NA,NA
"A_common_censusIC","LTL","Total_Inventories","orig","crisis;pandemic","","none","AIC",6,252,FALSE,1,1,0,1,TRUE,1,"estimated at r = 1",-0.0432672229236206,-1.38483209874679,0.167500230853869,"",-0.10484086131672,0.0183064154694783,0.0524512513835672,3.75360666039223,0.000222843647049029,"***",0.0249127685558585,0.079989734211276,-1.13116296749941,NA,NA,1.80096142498067,0.179596306732159,12.8293805396794,0.000341218704925761,3.11935098151389,0.994641128151626,12,6.75957798212253,0.87308406605363,15.6710164990042,"pandemic",0.00546719555329508,0.0767027297157312,0.000203132314647256,0.950210480118303
"A_common_censusIC","LTL","Total_Inventories","orig","crisis;pandemic","","none","SBC",2,252,FALSE,1,1,0,1,TRUE,1,"estimated at r = 1",-0.0575705205891506,-2.05122162750746,0.0413638434530473,"**",-0.112866983884622,-0.00227405729367938,0.0448881120461377,3.48386431618805,0.000590243934816431,"***",0.0195029527663191,0.0702732713259563,-1.13965149109453,NA,NA,3.86415204504785,0.0493281138728817,10.9391984065637,0.000941508942615688,7.71685103550239,0.806847671953683,12,23.1135461968702,0.0267772925501858,11.6899688609605,"pandemic",0.00593420656838459,0.047449655901596,-0.000246921764706659,0.937004722724959
"A_common_censusIC","LTL","Total_Inventories","orig","crisis;pandemic","","const","AIC",6,252,FALSE,2,1,1,1,TRUE,1,"estimated at r = 1",-0.0120791443028379,-0.423545654041884,0.672307255195996,"",-0.068281961589663,0.0441236729839872,0.0546275774391703,4.33335419912106,2.22578660901108e-05,"***",0.0297842422533122,0.0794709126250284,-1.14605117053237,11.4278757670736,"constant",0.122053649893116,0.726817726590953,12.0780212797519,0.000510197171890936,3.0426849495012,0.995235087104305,12,6.73006576265761,0.874924298993491,57.036522765185,"pandemic",0.00483704934745446,0.111116508835232,0.0029908204913541,0.324684821229306
"A_common_censusIC","LTL","Total_Inventories","orig","crisis;pandemic","","const","SBC",2,252,FALSE,2,2,1,2,TRUE,NA,"r = 2: full rank",NA,NA,NA,"",NA,NA,NA,NA,NA,"",NA,NA,NA,NA,NA,NA,NA,NA,NA,NA,NA,NA,NA,NA,NA,NA,NA,NA,NA,NA
"A_common_censusIC","LTL","Total_Inventories","orig","crisis;pandemic","","trend","AIC",6,252,FALSE,2,1,1,1,TRUE,1,"estimated at r = 1",-0.10332846815562,-2.7995535125109,0.00557010457948176,"***",-0.176066933638683,-0.0305900026725578,0.0502672405316691,2.97170026703352,0.00328929784724075,"***",0.0169312811225192,0.0836031999408191,-0.821835636360922,-0.00091636677625668,"trend.l6",3.51892561935668,0.0606717651993144,3.95131670963644,0.0468347079440506,2.72616945493729,0.997187854896751,12,7.86483730308096,0.795601679403812,6.3553195566945,"pandemic",0.00738073391345411,0.0128332229393299,0.00144983640177762,0.655625322943333
"A_common_censusIC","LTL","Total_Inventories","orig","crisis;pandemic","","trend","SBC",2,252,FALSE,1,1,1,1,TRUE,1,"estimated at r = 1",-0.110390780971904,-3.27903197148519,0.00120094001575764,"***",-0.176718786770834,-0.0440627751729739,0.0541895062408297,3.45759392656426,0.000647754370733795,"***",0.0233113761443673,0.0850676363372921,-0.753407401327575,-0.00117415253420931,"trend.l2",9.42585992444335,0.0021394674916474,10.4501738041935,0.0012263791542827,7.55683205369427,0.818733555711592,12,21.4215275839936,0.0445382532931144,5.9257027301738,"pandemic",0.00690501214586064,0.0139677076086554,0.00119910936800426,0.702087054278988
"A_common_censusIC","LTL","Total_Inventories","za_step","crisis;pan_step","","none","AIC",6,252,FALSE,1,0,0,1,FALSE,NA,"r = 0: no cointegration",NA,NA,NA,"",NA,NA,NA,NA,NA,"",NA,NA,NA,NA,NA,NA,NA,NA,NA,NA,NA,NA,NA,NA,NA,NA,NA,NA,NA,NA
"A_common_censusIC","LTL","Total_Inventories","za_step","crisis;pan_step","","none","SBC",2,252,FALSE,1,1,0,1,TRUE,1,"estimated at r = 1",-0.0139843964934844,-0.724041017880541,0.46976689316394,"",-0.0520375229243525,0.0240687299373838,0.0363834959930119,4.19048736127739,3.95290215819794e-05,"***",0.0192774483504276,0.0534895436355962,-1.31307856538877,NA,NA,0.53755881540052,0.463446197008909,17.3526962647962,3.1045750374048e-05,8.89311765840207,0.712031497162592,12,20.9239282032491,0.0515055627259562,49.2183686658542,"pan_step",-0.00164355356101497,0.526871947782898,-0.00108545551293343,0.735962652066012
"A_common_censusIC","LTL","Total_Inventories","za_step","crisis;pan_step","","const","AIC",6,252,FALSE,1,1,1,1,TRUE,1,"estimated at r = 1",0.0210922903254812,1.1132469344187,0.266806319765432,"",-0.0162459957667911,0.0584305764177535,0.036225822571582,4.34449281923873,2.12423289990219e-05,"***",0.0197934104549726,0.0526582346881913,-1.27047553782131,13.2259209264745,"constant",1.06557056657738,0.301948097605391,15.4850978080462,8.31582877196535e-05,3.21267755917523,0.993847125142373,12,7.82465520450789,0.798678478005389,NA,"pan_step",0.000189729813491974,0.936007180848849,0.00128215144437275,0.68956165519909
"A_common_censusIC","LTL","Total_Inventories","za_step","crisis;pan_step","","const","SBC",2,252,FALSE,1,1,1,1,TRUE,1,"estimated at r = 1",0.0178868273358007,1.47661946338641,0.141122149849305,"",-0.00597835858677353,0.0417520132583749,0.0318005778580283,5.90136846830299,1.25644981314305e-08,"***",0.0211840531246475,0.0424171025914092,-1.35293224138499,14.4378673643124,"constant",1.91161846427338,0.166783587819269,28.2617544278399,1.05969167552011e-07,10.6909393654538,0.555574357956162,12,20.5734421421101,0.0569866408928345,NA,"pan_step",0.00158959176198124,0.482281070457558,-0.000597399930483346,0.854286565144432
"A_common_censusIC","LTL","Total_Inventories","za_step","crisis;pan_step","","trend","AIC",6,252,FALSE,2,2,1,2,TRUE,NA,"r = 2: full rank",NA,NA,NA,"",NA,NA,NA,NA,NA,"",NA,NA,NA,NA,NA,NA,NA,NA,NA,NA,NA,NA,NA,NA,NA,NA,NA,NA,NA,NA
"A_common_censusIC","LTL","Total_Inventories","za_step","crisis;pan_step","","trend","SBC",2,252,FALSE,2,2,1,2,TRUE,NA,"r = 2: full rank",NA,NA,NA,"",NA,NA,NA,NA,NA,"",NA,NA,NA,NA,NA,NA,NA,NA,NA,NA,NA,NA,NA,NA,NA,NA,NA,NA,NA,NA
"A_common_censusIC","LTL","Total_Inventories","za_window","crisis;pan_win","","none","AIC",2,252,FALSE,0,0,0,0,TRUE,NA,"r = 0: no cointegration",NA,NA,NA,"",NA,NA,NA,NA,NA,"",NA,NA,NA,NA,NA,NA,NA,NA,NA,NA,NA,NA,NA,NA,NA,NA,NA,NA,NA,NA
"A_common_censusIC","LTL","Total_Inventories","za_window","crisis;pan_win","","none","SBC",2,252,FALSE,0,0,0,0,TRUE,NA,"r = 0: no cointegration",NA,NA,NA,"",NA,NA,NA,NA,NA,"",NA,NA,NA,NA,NA,NA,NA,NA,NA,NA,NA,NA,NA,NA,NA,NA,NA,NA,NA,NA
"A_common_censusIC","LTL","Total_Inventories","za_window","crisis;pan_win","","const","AIC",2,252,FALSE,1,1,1,1,TRUE,1,"estimated at r = 1",0.0161988598470387,2.0014352176008,0.0465003217432994,"**",0.000253181239339085,0.0321445384547383,0.0198019982083203,5.48345265389028,1.07851776432824e-07,"***",0.0126873240488431,0.0269166723677975,-1.35896716772622,14.5790560532904,"constant",3.48071250208194,0.0620880013732746,24.5525301003089,7.2311331655861e-07,10.6430260235275,0.559733421444969,12,19.8354754974898,0.0702629232984415,NA,"pan_win",0.00122156414188076,0.730676352517904,-0.00142169304380039,0.661470349601382
"A_common_censusIC","LTL","Total_Inventories","za_window","crisis;pan_win","","const","SBC",2,252,FALSE,1,1,1,1,TRUE,1,"estimated at r = 1",0.0161988598470387,2.0014352176008,0.0465003217432994,"**",0.000253181239339085,0.0321445384547383,0.0198019982083203,5.48345265389028,1.07851776432824e-07,"***",0.0126873240488431,0.0269166723677975,-1.35896716772622,14.5790560532904,"constant",3.48071250208194,0.0620880013732746,24.5525301003089,7.2311331655861e-07,10.6430260235275,0.559733421444969,12,19.8354754974898,0.0702629232984415,NA,"pan_win",0.00122156414188076,0.730676352517904,-0.00142169304380039,0.661470349601382
"A_common_censusIC","LTL","Total_Inventories","za_window","crisis;pan_win","","trend","AIC",2,252,FALSE,1,1,0,0,FALSE,1,"estimated at r = 1",-0.116928746977183,-3.31674544116098,0.00105637821657988,"***",-0.186386213832003,-0.0474712801223637,0.0353366695293217,2.15804995511807,0.031946256921203,"**",0.00307596059751846,0.0675973784611249,-0.619206895599075,-0.00162320031023823,"trend.l2",6.12022657176145,0.0133643670240033,2.64176381617403,0.104087925049731,8.04214619267782,0.78182818532377,12,20.194820760688,0.0634891972193183,5.57419055408039,"pan_win",0.00754025874936914,0.0621351789621856,0.00115380366356556,0.713590403647588
"A_common_censusIC","LTL","Total_Inventories","za_window","crisis;pan_win","","trend","SBC",2,252,FALSE,1,1,0,0,FALSE,1,"estimated at r = 1",-0.116928746977183,-3.31674544116098,0.00105637821657988,"***",-0.186386213832003,-0.0474712801223637,0.0353366695293217,2.15804995511807,0.031946256921203,"**",0.00307596059751846,0.0675973784611249,-0.619206895599075,-0.00162320031023823,"trend.l2",6.12022657176145,0.0133643670240033,2.64176381617403,0.104087925049731,8.04214619267782,0.78182818532377,12,20.194820760688,0.0634891972193183,5.57419055408039,"pan_win",0.00754025874936914,0.0621351789621856,0.00115380366356556,0.713590403647588
"A_common_censusIC","LTL","Total_Inventories","za_series","crisis;brk_mode;brk_IC","","none","AIC",6,252,FALSE,1,0,0,1,FALSE,NA,"r = 0: no cointegration",NA,NA,NA,"",NA,NA,NA,NA,NA,"",NA,NA,NA,NA,NA,NA,NA,NA,NA,NA,NA,NA,NA,NA,NA,NA,NA,NA,NA,NA
"A_common_censusIC","LTL","Total_Inventories","za_series","crisis;brk_mode;brk_IC","","none","SBC",2,252,FALSE,1,1,0,1,TRUE,1,"estimated at r = 1",-0.0231634646193288,-0.969752231099251,0.33317991301602,"",-0.0702245879837895,0.023897658745132,0.044902562840826,4.19910894533097,3.82114415949273e-05,"***",0.0238340662850767,0.0659710593965754,-1.18496317795344,NA,NA,0.961473459388978,0.326815919764929,17.3799048851788,3.06044620435042e-05,8.56281665658177,0.7397481712448,12,20.614632599095,0.0563164382334571,29.5762309442171,"brk_mode",-0.000378336940835235,0.87973165503562,-0.00118773898891037,0.710667833708041
"A_common_censusIC","LTL","Total_Inventories","za_series","crisis;brk_mode;brk_IC","","const","AIC",6,252,FALSE,1,1,0,1,TRUE,1,"estimated at r = 1",0.00970689288330622,0.404307887765993,0.68637732442036,"",-0.0376083354256143,0.0570221211922268,0.0454149423222952,4.29586299269816,2.60740538822998e-05,"***",0.0245805296541746,0.0662493549904158,-1.19029094730236,12.092985580702,"constant",0.157497818616958,0.691470740541438,16.9908108744831,3.75611667131626e-05,3.18235409096493,0.994113909348103,12,6.39545086070578,0.894850982687764,NA,"brk_mode",-0.000990756228293746,0.698232549797965,0.000840344754666519,0.792664299421303
"A_common_censusIC","LTL","Total_Inventories","za_series","crisis;brk_mode;brk_IC","","const","SBC",2,252,FALSE,1,1,1,1,TRUE,1,"estimated at r = 1",0.00582509408456479,0.324606019314177,0.745770512440333,"",-0.0295303389522168,0.0411805271213464,0.0441745380691954,5.54044536647045,8.12928611783956e-08,"***",0.0284659509281054,0.0598831252102853,-1.2097943259336,12.4018325891238,"constant",0.0967890979192951,0.755717407514966,26.2524287473874,2.99577825435549e-07,9.70754063979438,0.641600643427472,12,20.6402856071747,0.0559026190972812,NA,"brk_mode",-6.67046981374162e-05,0.978952734402993,-0.00036046098694194,0.910191637997305
"A_common_censusIC","LTL","Total_Inventories","za_series","crisis;brk_mode;brk_IC","","trend","AIC",6,252,FALSE,2,2,1,2,TRUE,NA,"r = 2: full rank",NA,NA,NA,"",NA,NA,NA,NA,NA,"",NA,NA,NA,NA,NA,NA,NA,NA,NA,NA,NA,NA,NA,NA,NA,NA,NA,NA,NA,NA
"A_common_censusIC","LTL","Total_Inventories","za_series","crisis;brk_mode;brk_IC","","trend","SBC",2,252,FALSE,2,2,2,2,TRUE,NA,"r = 2: full rank",NA,NA,NA,"",NA,NA,NA,NA,NA,"",NA,NA,NA,NA,NA,NA,NA,NA,NA,NA,NA,NA,NA,NA,NA,NA,NA,NA,NA,NA
"A_common_censusIC","Truckload","Total_Inventories","none","","","none","AIC",9,252,TRUE,0,0,0,0,TRUE,NA,"r = 0: no cointegration",NA,NA,NA,"",NA,NA,NA,NA,NA,"",NA,NA,NA,NA,NA,NA,NA,NA,NA,NA,NA,NA,NA,NA,NA,NA,NA,NA,NA,NA
"A_common_censusIC","Truckload","Total_Inventories","none","","","none","SBC",2,252,TRUE,0,0,0,0,TRUE,NA,"r = 0: no cointegration",NA,NA,NA,"",NA,NA,NA,NA,NA,"",NA,NA,NA,NA,NA,NA,NA,NA,NA,NA,NA,NA,NA,NA,NA,NA,NA,NA,NA,NA
"A_common_censusIC","Truckload","Total_Inventories","none","","","const","AIC",9,252,TRUE,0,0,0,0,TRUE,NA,"r = 0: no cointegration",NA,NA,NA,"",NA,NA,NA,NA,NA,"",NA,NA,NA,NA,NA,NA,NA,NA,NA,NA,NA,NA,NA,NA,NA,NA,NA,NA,NA,NA
"A_common_censusIC","Truckload","Total_Inventories","none","","","const","SBC",2,252,TRUE,1,1,1,1,TRUE,1,"estimated at r = 1",-0.00178561268752701,-0.163303904998429,0.87041891469873,"",-0.0233269001920077,0.0197556748169537,0.0186142606390379,4.90518300058136,1.73908862242864e-06,"***",0.0111382219518726,0.0260902993262033,-0.713582128562392,5.46575502480925,"constant",0.0254334548744036,0.873291740650186,21.7438418781099,3.11588430479404e-06,25.6632667406628,0.011974380617009,12,28.9900598491313,0.00395340100979291,387.837830041722,NA,NA,NA,NA,NA
"A_common_censusIC","Truckload","Total_Inventories","none","","","trend","AIC",9,252,TRUE,0,0,0,0,TRUE,NA,"r = 0: no cointegration",NA,NA,NA,"",NA,NA,NA,NA,NA,"",NA,NA,NA,NA,NA,NA,NA,NA,NA,NA,NA,NA,NA,NA,NA,NA,NA,NA,NA,NA
"A_common_censusIC","Truckload","Total_Inventories","none","","","trend","SBC",2,252,TRUE,2,0,0,0,TRUE,NA,"r = 0: no cointegration",NA,NA,NA,"",NA,NA,NA,NA,NA,"",NA,NA,NA,NA,NA,NA,NA,NA,NA,NA,NA,NA,NA,NA,NA,NA,NA,NA,NA,NA
"A_common_censusIC","Truckload","Total_Inventories","orig","crisis;pandemic","","none","AIC",6,252,FALSE,1,1,0,1,TRUE,1,"estimated at r = 1",-0.054383497657905,-3.03526479247084,0.00269146000423939,"***",-0.0896939652277605,-0.0190730300880494,0.0139936873526875,2.27095490172056,0.0241130432190752,"**",0.00184983232646749,0.0261375423789074,-0.597658850565202,NA,NA,8.78153270023917,0.00304295410366051,4.96547060052853,0.0258582778153573,16.2735526724104,0.179025655270052,12,8.44442589561469,0.749507561150159,12.3957391147265,"pandemic",0.0145612875258473,0.00024914343147544,0.00190634126933061,0.654871957340153
"A_common_censusIC","Truckload","Total_Inventories","orig","crisis;pandemic","","none","SBC",2,252,FALSE,1,1,1,1,TRUE,1,"estimated at r = 1",-0.0479587121946297,-2.58572581977796,0.0103261350990293,"**",-0.084500923628241,-0.0114165007610185,0.023723606306004,3.72826787029928,0.000242104546484678,"***",0.0111869019142923,0.0362603106977157,-0.698265090006766,NA,NA,5.82711806903125,0.0157809554749105,11.9034065279445,0.000560313800063605,24.7706460471814,0.0159478930369993,12,19.91108761978,0.0687866901583356,14.1035858794807,"pandemic",0.0119509622532346,0.000983622905303416,0.0011599797379174,0.773600099323278
"A_common_censusIC","Truckload","Total_Inventories","orig","crisis;pandemic","","const","AIC",6,252,FALSE,1,1,1,1,TRUE,1,"estimated at r = 1",-0.0352296421586152,-2.26651636673359,0.0243833309330923,"**",-0.0658613716953976,-0.00459791262183282,0.0201670305033152,3.79800445900818,0.000188309521597948,"***",0.00970276786658467,0.0306312931400457,-0.63838475984332,4.38974330968594,"constant",4.0948420627359,0.0430142485397103,11.2065095533294,0.000815108920984464,16.4618998793637,0.170984000250731,12,8.25105636271624,0.765216281811838,19.326467520377,"pandemic",0.0137617847910087,0.000470472482536117,0.00425703161386432,0.309899049587482
"A_common_censusIC","Truckload","Total_Inventories","orig","crisis;pandemic","","const","SBC",2,252,FALSE,2,1,1,1,TRUE,1,"estimated at r = 1",-0.0211460829856121,-1.56904557188896,0.117988543946545,"",-0.0476979137085214,0.00540574773729728,0.0283370693128643,6.19171138202565,2.64694066753164e-09,"***",0.0193204377414885,0.03735370088424,-0.739302282315163,5.83756582928126,"constant",2.16789899202041,0.140918645791625,31.0340742763414,2.53538101624429e-08,25.2419739947996,0.0137169499914656,12,19.6073724503614,0.0748873031399305,32.4311789343078,"pandemic",0.0107471826286448,0.00255252271399297,0.00215975429104537,0.595101469727704
"A_common_censusIC","Truckload","Total_Inventories","orig","crisis;pandemic","","trend","AIC",6,252,FALSE,2,1,1,1,TRUE,1,"estimated at r = 1",-0.047009081803062,-2.34566357201036,0.019878822330643,"**",-0.0865047042097896,-0.00751345939633444,0.0207879025825653,3.06919834699196,0.0024149049228803,"***",0.00743982770005846,0.0341359774650721,-1.0528405608421,0.00130455759492511,"trend.l6",2.56841322688979,0.109017034170775,4.33804402986877,0.0372697161294187,16.3281218234716,0.176665423242859,12,8.68694545871563,0.729411259133569,14.3956084548829,"pandemic",0.0141898045059578,0.000777201255862856,0.000840707066537711,0.843629345928317
"A_common_censusIC","Truckload","Total_Inventories","orig","crisis;pandemic","","trend","SBC",2,252,FALSE,1,1,1,1,TRUE,1,"estimated at r = 1",-0.0420290067539948,-2.05981140860037,0.040527666580399,"**",-0.0822295065901357,-0.00182850691785385,0.0293177823513245,4.24459589543992,3.16342480131496e-05,"***",0.015709461130962,0.042926103571687,-1.03138755938319,0.000992718163176839,"trend.l2",2.91550917756985,0.0877317176681522,11.912387421586,0.000557618882126576,24.6613223944213,0.0165118579386243,12,20.0407465175155,0.0663190909896301,16.1430605372521,"pandemic",0.0120116294830276,0.00180285329741521,0.000765050764099693,0.850357716786783
"A_common_censusIC","Truckload","Total_Inventories","za_step","crisis;pan_step","","none","AIC",9,252,FALSE,1,1,0,0,FALSE,1,"estimated at r = 1",-0.10555319138594,-3.34307820562928,0.000979461808347128,"***",-0.167791713427787,-0.0433146693440939,-0.000428301698551115,-0.0380237548675292,0.969704523268052,"",-0.0226322002253648,0.0217755968282625,-0.488007885726706,NA,NA,6.37979105767339,0.0115427019504811,0.00085752070290104,0.976638522702278,4.0264940557877,0.982953550348976,12,5.59786503566649,0.934982746587019,6.21378895339595,"pan_step",0.0222462757180761,0.00236680564088189,-0.00158204330507731,0.698094816752162
"A_common_censusIC","Truckload","Total_Inventories","za_step","crisis;pan_step","","none","SBC",2,252,FALSE,1,1,0,1,TRUE,1,"estimated at r = 1",-0.024095489716975,-1.06453422617363,0.288188701513742,"",-0.0686904635743101,0.02049948414036,0.0265612768455977,3.5089296583041,0.000539861933030201,"***",0.0116476225513326,0.0414749311398629,-0.74586091540602,NA,NA,0.932379480044179,0.334245381048503,9.84185313881925,0.00170585560330661,27.068078342055,0.00755467412629107,12,18.7051896808087,0.0958958226313864,28.4186950158158,"pan_step",0.00123852231459459,0.754962785741418,-0.000695300183973391,0.870302783746801
"A_common_censusIC","Truckload","Total_Inventories","za_step","crisis;pan_step","","const","AIC",9,252,FALSE,2,2,1,2,TRUE,NA,"r = 2: full rank",NA,NA,NA,"",NA,NA,NA,NA,NA,"",NA,NA,NA,NA,NA,NA,NA,NA,NA,NA,NA,NA,NA,NA,NA,NA,NA,NA,NA,NA
"A_common_censusIC","Truckload","Total_Inventories","za_step","crisis;pan_step","","const","SBC",2,252,FALSE,1,1,1,1,TRUE,1,"estimated at r = 1",0.00378830411100438,0.290472831183793,0.771711796561306,"",-0.0219061510751988,0.0294827592972075,0.0246818765010583,5.69271672614292,3.72672905798205e-08,"***",0.0161398936070149,0.0332238593951017,-0.825968980499303,7.09661178430867,"constant",0.0750226450204219,0.784159458402624,26.6906427225583,2.38775042071815e-07,25.0905104954153,0.0143997491464631,12,18.7821043823448,0.0939243457548037,NA,"pan_step",-0.000808197178963227,0.813578588917081,-0.000987992494091386,0.81820828061064
"A_common_censusIC","Truckload","Total_Inventories","za_step","crisis;pan_step","","trend","AIC",9,252,FALSE,1,1,1,1,TRUE,1,"estimated at r = 1",-0.0927282672350026,-4.32868477935764,2.31208151420988e-05,"***",-0.134955305523717,-0.0505012289462879,-0.0145040893820228,-1.88202633712382,0.061202479501475,"*",-0.0296955387137309,0.000687359949685232,0.637584473851978,-0.0030026745900318,"trend.l9",13.4257944005357,0.000248187895148577,2.65764063679462,0.103053492853986,3.47837367436766,0.991120872236221,12,6.73622457932388,0.874541349045041,7.12284274401047,"pan_step",0.026225911712021,0.000117543254743923,0.000923903370144698,0.821762233086549
"A_common_censusIC","Truckload","Total_Inventories","za_step","crisis;pan_step","","trend","SBC",2,252,FALSE,2,2,1,2,TRUE,NA,"r = 2: full rank",NA,NA,NA,"",NA,NA,NA,NA,NA,"",NA,NA,NA,NA,NA,NA,NA,NA,NA,NA,NA,NA,NA,NA,NA,NA,NA,NA,NA,NA
"A_common_censusIC","Truckload","Total_Inventories","za_window","crisis;pan_win","","none","AIC",6,252,FALSE,1,1,0,1,TRUE,1,"estimated at r = 1",-0.0794103956708197,-3.86414908101767,0.000146522231397115,"***",-0.119910524400093,-0.0389102669415466,0.00734889421783242,1.02283741991501,0.307503036602465,"",-0.0068106184075079,0.0215084068431727,-0.610156099897835,NA,NA,13.5630096429063,0.000230686904512112,0.984364159967927,0.321123735217442,19.6300344571635,0.0744161720431713,12,7.64263405441384,0.812396921938382,8.37731818201559,"pan_win",0.0269607046401713,1.94718627208685e-05,-0.00132077556756751,0.747056735624873
"A_common_censusIC","Truckload","Total_Inventories","za_window","crisis;pan_win","","none","SBC",2,252,FALSE,2,1,1,1,TRUE,1,"estimated at r = 1",-0.0807893894454059,-3.69404860588573,0.000275055710194201,"***",-0.123877902372439,-0.037700876518373,0.0156003088168058,2.04802243174156,0.0416790073952061,"**",0.000592811585457492,0.030607806048154,-0.675967982087544,NA,NA,10.0615046654848,0.00151399526340823,3.17204303335269,0.0749086885355823,26.4654711903297,0.00921778218679381,12,19.3901114366401,0.0795388239053968,8.22824197916117,"pan_win",0.0243573170066653,6.87110490888299e-05,0.000419734747464134,0.915091702792654
"A_common_censusIC","Truckload","Total_Inventories","za_window","crisis;pan_win","","const","AIC",6,252,FALSE,2,2,2,2,TRUE,NA,"r = 2: full rank",NA,NA,NA,"",NA,NA,NA,NA,NA,"",NA,NA,NA,NA,NA,NA,NA,NA,NA,NA,NA,NA,NA,NA,NA,NA,NA,NA,NA,NA
"A_common_censusIC","Truckload","Total_Inventories","za_window","crisis;pan_win","","const","SBC",2,252,FALSE,2,2,2,2,TRUE,NA,"r = 2: full rank",NA,NA,NA,"",NA,NA,NA,NA,NA,"",NA,NA,NA,NA,NA,NA,NA,NA,NA,NA,NA,NA,NA,NA,NA,NA,NA,NA,NA,NA
"A_common_censusIC","Truckload","Total_Inventories","za_window","crisis;pan_win","","trend","AIC",6,252,FALSE,1,1,0,1,TRUE,1,"estimated at r = 1",-0.0662442499981095,-4.53319506212378,9.51827994688611e-06,"***",-0.0950432028952487,-0.0374452971009703,7.17690485576871e-05,0.0138505133797737,0.988961737882827,"",-0.0101400764328288,0.0102836145299442,0.250575207350484,-0.00245775662150412,"trend.l6",14.5691159646379,0.000135110916020142,0.00014433548956877,0.99041446893389,17.8705999710129,0.119676413416099,12,7.54443528254906,0.819641930194152,10.1129747773974,"pan_win",0.0248467208040724,1.00618456660854e-05,0.000246067845601132,0.952040216331324
"A_common_censusIC","Truckload","Total_Inventories","za_window","crisis;pan_win","","trend","SBC",2,252,FALSE,2,1,1,1,TRUE,1,"estimated at r = 1",-0.0756153347940466,-4.55505151318634,8.44758513004947e-06,"***",-0.108321254941264,-0.0429094146468292,0.00645075101155761,1.09299578497445,0.275524412908472,"",-0.00517715673452536,0.0180786587576406,-0.0645094675684764,-0.00171797621751694,"trend.l2",12.1616247128477,0.000487828644305521,0.741637869456332,0.389136714782697,25.6293597750868,0.0121065187090902,12,19.2878720789442,0.0818140566514711,8.81563930874436,"pan_win",0.0245504431329474,1.23206936387118e-05,0.000331707758164199,0.931567651965251
"A_common_censusIC","Truckload","Total_Inventories","za_series","crisis;brk_mode;brk_IC","","none","AIC",9,252,FALSE,1,0,0,0,TRUE,NA,"r = 0: no cointegration",NA,NA,NA,"",NA,NA,NA,NA,NA,"",NA,NA,NA,NA,NA,NA,NA,NA,NA,NA,NA,NA,NA,NA,NA,NA,NA,NA,NA,NA
"A_common_censusIC","Truckload","Total_Inventories","za_series","crisis;brk_mode;brk_IC","","none","SBC",2,252,FALSE,1,0,0,0,TRUE,NA,"r = 0: no cointegration",NA,NA,NA,"",NA,NA,NA,NA,NA,"",NA,NA,NA,NA,NA,NA,NA,NA,NA,NA,NA,NA,NA,NA,NA,NA,NA,NA,NA,NA
"A_common_censusIC","Truckload","Total_Inventories","za_series","crisis;brk_mode;brk_IC","","const","AIC",9,252,FALSE,2,2,1,2,TRUE,NA,"r = 2: full rank",NA,NA,NA,"",NA,NA,NA,NA,NA,"",NA,NA,NA,NA,NA,NA,NA,NA,NA,NA,NA,NA,NA,NA,NA,NA,NA,NA,NA,NA
"A_common_censusIC","Truckload","Total_Inventories","za_series","crisis;brk_mode;brk_IC","","const","SBC",2,252,FALSE,1,1,1,1,TRUE,1,"estimated at r = 1",-0.00249747301835084,-0.156664951700788,0.875644572544153,"",-0.0339053615782062,0.0289104155415045,0.0260112970382293,4.90210500069528,1.77727516749544e-06,"***",0.0155571360270694,0.0364654580493892,-0.783161425451891,6.48412418220603,"constant",0.0207585314422647,0.885438708763166,19.1397105576616,1.21490669638957e-05,25.3175964151155,0.0133875456768262,12,18.6463564083098,0.0974278432695576,277.19268898896,"brk_mode",-0.000936616972676329,0.79474899942973,-0.000825988020530606,0.84735215613323
"A_common_censusIC","Truckload","Total_Inventories","za_series","crisis;brk_mode;brk_IC","","trend","AIC",9,252,FALSE,1,1,1,1,TRUE,1,"estimated at r = 1",-0.0751047034752496,-4.94819647230077,1.52924919329461e-06,"***",-0.105025038726631,-0.0451843682238679,-0.0119085671174911,-2.16153360611675,0.0317798856280233,"**",-0.0227689158665365,-0.00104821836844566,1.74253157886803,-0.00692748325635794,"trend.l9",19.9022791961889,8.15031006440314e-06,4.01439563264506,0.0451133894354466,3.21643123341646,0.993813499716082,12,5.88539866738408,0.921748370456605,8.87799528062122,"brk_mode",0.0208298095780489,5.08706618934746e-05,0.00443970381516572,0.311210134648448
"A_common_censusIC","Truckload","Total_Inventories","za_series","crisis;brk_mode;brk_IC","","trend","SBC",2,252,FALSE,2,2,1,2,TRUE,NA,"r = 2: full rank",NA,NA,NA,"",NA,NA,NA,NA,NA,"",NA,NA,NA,NA,NA,NA,NA,NA,NA,NA,NA,NA,NA,NA,NA,NA,NA,NA,NA,NA
"A_common_censusIC","Local","Total_Inventories","none","","","none","AIC",4,252,TRUE,0,0,0,0,TRUE,NA,"r = 0: no cointegration",NA,NA,NA,"",NA,NA,NA,NA,NA,"",NA,NA,NA,NA,NA,NA,NA,NA,NA,NA,NA,NA,NA,NA,NA,NA,NA,NA,NA,NA
"A_common_censusIC","Local","Total_Inventories","none","","","none","SBC",4,252,TRUE,0,0,0,0,TRUE,NA,"r = 0: no cointegration",NA,NA,NA,"",NA,NA,NA,NA,NA,"",NA,NA,NA,NA,NA,NA,NA,NA,NA,NA,NA,NA,NA,NA,NA,NA,NA,NA,NA,NA
"A_common_censusIC","Local","Total_Inventories","none","","","const","AIC",4,252,TRUE,0,0,0,0,TRUE,NA,"r = 0: no cointegration",NA,NA,NA,"",NA,NA,NA,NA,NA,"",NA,NA,NA,NA,NA,NA,NA,NA,NA,NA,NA,NA,NA,NA,NA,NA,NA,NA,NA,NA
"A_common_censusIC","Local","Total_Inventories","none","","","const","SBC",4,252,TRUE,0,0,0,0,TRUE,NA,"r = 0: no cointegration",NA,NA,NA,"",NA,NA,NA,NA,NA,"",NA,NA,NA,NA,NA,NA,NA,NA,NA,NA,NA,NA,NA,NA,NA,NA,NA,NA,NA,NA
"A_common_censusIC","Local","Total_Inventories","none","","","trend","AIC",4,252,TRUE,0,0,0,0,TRUE,NA,"r = 0: no cointegration",NA,NA,NA,"",NA,NA,NA,NA,NA,"",NA,NA,NA,NA,NA,NA,NA,NA,NA,NA,NA,NA,NA,NA,NA,NA,NA,NA,NA,NA
"A_common_censusIC","Local","Total_Inventories","none","","","trend","SBC",4,252,TRUE,0,0,0,0,TRUE,NA,"r = 0: no cointegration",NA,NA,NA,"",NA,NA,NA,NA,NA,"",NA,NA,NA,NA,NA,NA,NA,NA,NA,NA,NA,NA,NA,NA,NA,NA,NA,NA,NA,NA
"A_common_censusIC","Local","Total_Inventories","orig","crisis;pandemic","","none","AIC",4,252,FALSE,1,1,0,1,TRUE,1,"estimated at r = 1",-0.0524841293450194,-2.97665539694451,0.00322983686778587,"***",-0.0872272765963185,-0.0177409820937202,0.0183275171823081,2.20022800902271,0.0287990550116919,"**",0.00191384837060389,0.0347411859940123,-0.610284721632747,NA,NA,8.37403199963415,0.00380620234299633,4.61960454172089,0.0316085247285463,28.6447444130286,0.004447400537404,12,10.0980724075598,0.607357087366277,12.8571083345971,"pandemic",0.00677812388542016,0.0130618761921004,0.00537120040333063,0.118939975147029
"A_common_censusIC","Local","Total_Inventories","orig","crisis;pandemic","","none","SBC",3,252,FALSE,1,1,1,1,TRUE,1,"estimated at r = 1",-0.052727976921331,-2.98847940358269,0.00310791610710174,"***",-0.0874920138238656,-0.0179639400187963,0.020382626052695,2.45617365463853,0.0147831962445561,"**",0.00403177249697617,0.0367334796084139,-0.601348510391772,NA,NA,8.31381912917914,0.0039344574925354,5.65470880722123,0.0174085648980591,40.6412945679255,5.62469155104273e-05,12,13.9467802644868,0.304119710573717,12.7960168770805,"pandemic",0.00805202666222517,0.00347111493826645,0.00567208684752575,0.0916077957287947
"A_common_censusIC","Local","Total_Inventories","orig","crisis;pandemic","","const","AIC",4,252,FALSE,2,1,1,1,TRUE,1,"estimated at r = 1",-0.0330648737739491,-2.15982858871609,0.0318290512722416,"**",-0.063230135292181,-0.00289961225571717,0.0253633577043706,3.52886948585104,0.000504678911946984,"***",0.0112011597211641,0.0395255556875771,-0.635951949744408,4.2755928086761,"constant",3.45841615209613,0.0629305678030886,9.03383008697089,0.00265028611362761,29.6150181675467,0.00318995942926659,12,10.129497861348,0.60460090759082,20.6147332093483,"pandemic",0.00644235249043518,0.0169855153657103,0.00627188148268173,0.0714675226491005
"A_common_censusIC","Local","Total_Inventories","orig","crisis;pandemic","","const","SBC",3,252,FALSE,2,2,1,2,TRUE,NA,"r = 2: full rank",NA,NA,NA,"",NA,NA,NA,NA,NA,"",NA,NA,NA,NA,NA,NA,NA,NA,NA,NA,NA,NA,NA,NA,NA,NA,NA,NA,NA,NA
"A_common_censusIC","Local","Total_Inventories","orig","crisis;pandemic","","trend","AIC",4,252,FALSE,1,1,0,1,TRUE,1,"estimated at r = 1",-0.04704283279825,-2.70004532483994,0.00745521552339062,"***",-0.081374281594654,-0.012711384001846,0.0209288876925141,2.56058171063657,0.0110984389892206,"**",0.0048232758463866,0.0370344995386416,-0.794290131139513,0.000562830998837508,"trend.l4",5.061710740559,0.0244600816390329,4.56203375390828,0.0326882346567977,29.2421007790579,0.0036265009679608,12,10.1320574399936,0.60437644149394,14.3850275995647,"pandemic",0.00685887117879917,0.0146528949367477,0.00466237495339216,0.171048425315536
"A_common_censusIC","Local","Total_Inventories","orig","crisis;pandemic","","trend","SBC",3,252,FALSE,1,1,0,1,TRUE,1,"estimated at r = 1",-0.0500865162275674,-2.85268053878914,0.00473017913715816,"***",-0.0846810153290066,-0.0154920171261283,0.0217898035829124,2.6484928672925,0.00864512016752213,"***",0.00557939846419861,0.0380002087016262,-0.74342835431471,0.000440944876392079,"trend.l3",6.84821504438942,0.00887298771109268,5.9199223733925,0.0149706181226255,40.9229635041955,5.04765868869494e-05,12,13.9622736940494,0.303123904241213,13.4894561166192,"pandemic",0.0082597035706536,0.00343111666671507,0.00528472999125385,0.113286483549595
"A_common_censusIC","Local","Total_Inventories","za_step","crisis;pan_step","","none","AIC",4,252,FALSE,0,0,0,0,TRUE,NA,"r = 0: no cointegration",NA,NA,NA,"",NA,NA,NA,NA,NA,"",NA,NA,NA,NA,NA,NA,NA,NA,NA,NA,NA,NA,NA,NA,NA,NA,NA,NA,NA,NA
"A_common_censusIC","Local","Total_Inventories","za_step","crisis;pan_step","","none","SBC",4,252,FALSE,0,0,0,0,TRUE,NA,"r = 0: no cointegration",NA,NA,NA,"",NA,NA,NA,NA,NA,"",NA,NA,NA,NA,NA,NA,NA,NA,NA,NA,NA,NA,NA,NA,NA,NA,NA,NA,NA,NA
"A_common_censusIC","Local","Total_Inventories","za_step","crisis;pan_step","","const","AIC",4,252,FALSE,1,1,1,1,TRUE,1,"estimated at r = 1",-0.00493716646810998,-0.451267622499245,0.652225593910022,"",-0.0264949003707887,0.0166205674345687,0.0193228433435182,3.84577149427906,0.000155962784149771,"***",0.00942257267799131,0.0292231140090451,-0.811283718670724,6.81637781516981,"constant",0.135385201228227,0.712912544692655,9.41589319549301,0.00215112753766367,29.5879699815389,0.00321984514714369,12,10.1136077719674,0.605994492251769,140.046863325378,"pan_step",-0.000111685456174274,0.959381895028391,0.0026804946570979,0.449580982740938
"A_common_censusIC","Local","Total_Inventories","za_step","crisis;pan_step","","const","SBC",4,252,FALSE,1,1,1,1,TRUE,1,"estimated at r = 1",-0.00493716646810998,-0.451267622499245,0.652225593910022,"",-0.0264949003707887,0.0166205674345687,0.0193228433435182,3.84577149427906,0.000155962784149771,"***",0.00942257267799131,0.0292231140090451,-0.811283718670724,6.81637781516981,"constant",0.135385201228227,0.712912544692655,9.41589319549301,0.00215112753766367,29.5879699815389,0.00321984514714369,12,10.1136077719674,0.605994492251769,140.046863325378,"pan_step",-0.000111685456174274,0.959381895028391,0.0026804946570979,0.449580982740938
"A_common_censusIC","Local","Total_Inventories","za_step","crisis;pan_step","","trend","AIC",4,252,FALSE,2,2,1,0,FALSE,NA,"r = 2: full rank",NA,NA,NA,"",NA,NA,NA,NA,NA,"",NA,NA,NA,NA,NA,NA,NA,NA,NA,NA,NA,NA,NA,NA,NA,NA,NA,NA,NA,NA
"A_common_censusIC","Local","Total_Inventories","za_step","crisis;pan_step","","trend","SBC",4,252,FALSE,2,2,1,0,FALSE,NA,"r = 2: full rank",NA,NA,NA,"",NA,NA,NA,NA,NA,"",NA,NA,NA,NA,NA,NA,NA,NA,NA,NA,NA,NA,NA,NA,NA,NA,NA,NA,NA,NA
"A_common_censusIC","Local","Total_Inventories","za_window","crisis;pan_win","","none","AIC",4,252,FALSE,1,0,0,0,TRUE,NA,"r = 0: no cointegration",NA,NA,NA,"",NA,NA,NA,NA,NA,"",NA,NA,NA,NA,NA,NA,NA,NA,NA,NA,NA,NA,NA,NA,NA,NA,NA,NA,NA,NA
"A_common_censusIC","Local","Total_Inventories","za_window","crisis;pan_win","","none","SBC",2,252,FALSE,1,1,0,0,FALSE,1,"estimated at r = 1",-0.0431358146839939,-2.39660955206878,0.0173368743694136,"**",-0.0785967759602133,-0.00767485340777446,0.0181194715984014,2.09014224070023,0.0376895135758596,"**",0.00103980173542517,0.0351991414613777,-0.682323463759316,NA,NA,3.67971973288427,0.0550781076513284,2.81013200127559,0.0936706678896954,41.4873745376424,4.06089488914629e-05,12,19.8788145867243,0.0694133907861868,15.719827938525,"pan_win",0.0071331357523637,0.0595522324075521,0.00497726347912812,0.134405914629832
"A_common_censusIC","Local","Total_Inventories","za_window","crisis;pan_win","","const","AIC",4,252,FALSE,2,1,1,1,TRUE,1,"estimated at r = 1",-0.00905033700988454,-0.752072528846485,0.452783128806183,"",-0.0327621377736349,0.0146614637538658,0.0208504594015989,3.76541370127373,0.000211621039630958,"***",0.00993951253522074,0.031761406267977,-0.741755322861985,5.81424357268478,"constant",0.312260090112309,0.576296603981898,7.49498330179791,0.00618711049750398,29.9886187917795,0.00280346605719428,12,10.8445294439035,0.542287511002697,76.2408979086865,"pan_win",0.00221655032948532,0.545374337602311,0.00326568172726505,0.356513430163772
"A_common_censusIC","Local","Total_Inventories","za_window","crisis;pan_win","","const","SBC",2,252,FALSE,2,2,1,2,TRUE,NA,"r = 2: full rank",NA,NA,NA,"",NA,NA,NA,NA,NA,"",NA,NA,NA,NA,NA,NA,NA,NA,NA,NA,NA,NA,NA,NA,NA,NA,NA,NA,NA,NA
"A_common_censusIC","Local","Total_Inventories","za_window","crisis;pan_win","","trend","AIC",4,252,FALSE,1,0,0,0,TRUE,NA,"r = 0: no cointegration",NA,NA,NA,"",NA,NA,NA,NA,NA,"",NA,NA,NA,NA,NA,NA,NA,NA,NA,NA,NA,NA,NA,NA,NA,NA,NA,NA,NA,NA
"A_common_censusIC","Local","Total_Inventories","za_window","crisis;pan_win","","trend","SBC",2,252,FALSE,1,0,0,0,TRUE,NA,"r = 0: no cointegration",NA,NA,NA,"",NA,NA,NA,NA,NA,"",NA,NA,NA,NA,NA,NA,NA,NA,NA,NA,NA,NA,NA,NA,NA,NA,NA,NA,NA,NA
"A_common_censusIC","Local","Total_Inventories","za_series","crisis;brk_mode;brk_IC","","none","AIC",4,252,FALSE,1,1,0,0,FALSE,1,"estimated at r = 1",-0.056980825522089,-2.70756049494458,0.00729606807077809,"***",-0.0984504962542546,-0.0155111547899233,0.0177367150364923,1.78866894834874,0.0750074940136075,"*",-0.00180322560121833,0.0372766556742029,-0.52429248954267,NA,NA,5.30445290721692,0.0212709789972729,2.34269869621711,0.125871324438933,27.5633057574767,0.00640548023023613,12,9.1564787812479,0.689510141375139,11.8146067134284,"brk_mode",0.0064369066548166,0.0333835262380313,0.00409421443705435,0.241458382105768
"A_common_censusIC","Local","Total_Inventories","za_series","crisis;brk_mode;brk_IC","","none","SBC",2,252,FALSE,1,1,0,1,TRUE,1,"estimated at r = 1",-0.0397772106609113,-2.10112958620799,0.0367088976000978,"**",-0.0770765419652175,-0.00247787935660505,0.0258764880499496,2.8328202773116,0.00501987533508867,"***",0.00787924963494744,0.0438737264649517,-0.604362301210231,NA,NA,3.97118658942046,0.0462851452399404,7.1552759205131,0.00747437957173691,42.1496821478232,3.14279555777564e-05,12,19.4560996906534,0.0780999306446037,17.0768181270827,"brk_mode",0.00407899505148683,0.122916863736543,0.00409564272170313,0.225692527301747
"A_common_censusIC","Local","Total_Inventories","za_series","crisis;brk_mode;brk_IC","","const","AIC",4,252,FALSE,2,2,1,0,FALSE,NA,"r = 2: full rank",NA,NA,NA,"",NA,NA,NA,NA,NA,"",NA,NA,NA,NA,NA,NA,NA,NA,NA,NA,NA,NA,NA,NA,NA,NA,NA,NA,NA,NA
"A_common_censusIC","Local","Total_Inventories","za_series","crisis;brk_mode;brk_IC","","const","SBC",2,252,FALSE,2,2,1,2,TRUE,NA,"r = 2: full rank",NA,NA,NA,"",NA,NA,NA,NA,NA,"",NA,NA,NA,NA,NA,NA,NA,NA,NA,NA,NA,NA,NA,NA,NA,NA,NA,NA,NA,NA
"A_common_censusIC","Local","Total_Inventories","za_series","crisis;brk_mode;brk_IC","","trend","AIC",4,252,FALSE,2,2,1,2,TRUE,NA,"r = 2: full rank",NA,NA,NA,"",NA,NA,NA,NA,NA,"",NA,NA,NA,NA,NA,NA,NA,NA,NA,NA,NA,NA,NA,NA,NA,NA,NA,NA,NA,NA
"A_common_censusIC","Local","Total_Inventories","za_series","crisis;brk_mode;brk_IC","","trend","SBC",2,252,FALSE,2,2,2,2,TRUE,NA,"r = 2: full rank",NA,NA,NA,"",NA,NA,NA,NA,NA,"",NA,NA,NA,NA,NA,NA,NA,NA,NA,NA,NA,NA,NA,NA,NA,NA,NA,NA,NA,NA
"A_common_censusIC","Airfreight","Total_Inventories","none","","","none","AIC",5,252,TRUE,0,0,0,0,TRUE,NA,"r = 0: no cointegration",NA,NA,NA,"",NA,NA,NA,NA,NA,"",NA,NA,NA,NA,NA,NA,NA,NA,NA,NA,NA,NA,NA,NA,NA,NA,NA,NA,NA,NA
"A_common_censusIC","Airfreight","Total_Inventories","none","","","none","SBC",3,252,TRUE,0,0,0,0,TRUE,NA,"r = 0: no cointegration",NA,NA,NA,"",NA,NA,NA,NA,NA,"",NA,NA,NA,NA,NA,NA,NA,NA,NA,NA,NA,NA,NA,NA,NA,NA,NA,NA,NA,NA
"A_common_censusIC","Airfreight","Total_Inventories","none","","","const","AIC",5,252,TRUE,0,0,0,0,TRUE,NA,"r = 0: no cointegration",NA,NA,NA,"",NA,NA,NA,NA,NA,"",NA,NA,NA,NA,NA,NA,NA,NA,NA,NA,NA,NA,NA,NA,NA,NA,NA,NA,NA,NA
"A_common_censusIC","Airfreight","Total_Inventories","none","","","const","SBC",3,252,TRUE,0,0,0,0,TRUE,NA,"r = 0: no cointegration",NA,NA,NA,"",NA,NA,NA,NA,NA,"",NA,NA,NA,NA,NA,NA,NA,NA,NA,NA,NA,NA,NA,NA,NA,NA,NA,NA,NA,NA
"A_common_censusIC","Airfreight","Total_Inventories","none","","","trend","AIC",5,252,TRUE,0,0,0,0,TRUE,NA,"r = 0: no cointegration",NA,NA,NA,"",NA,NA,NA,NA,NA,"",NA,NA,NA,NA,NA,NA,NA,NA,NA,NA,NA,NA,NA,NA,NA,NA,NA,NA,NA,NA
"A_common_censusIC","Airfreight","Total_Inventories","none","","","trend","SBC",3,252,TRUE,0,0,0,0,TRUE,NA,"r = 0: no cointegration",NA,NA,NA,"",NA,NA,NA,NA,NA,"",NA,NA,NA,NA,NA,NA,NA,NA,NA,NA,NA,NA,NA,NA,NA,NA,NA,NA,NA,NA
"A_common_censusIC","Airfreight","Total_Inventories","orig","crisis;pandemic","","none","AIC",5,252,FALSE,0,0,0,0,TRUE,NA,"r = 0: no cointegration",NA,NA,NA,"",NA,NA,NA,NA,NA,"",NA,NA,NA,NA,NA,NA,NA,NA,NA,NA,NA,NA,NA,NA,NA,NA,NA,NA,NA,NA
"A_common_censusIC","Airfreight","Total_Inventories","orig","crisis;pandemic","","none","SBC",3,252,FALSE,0,0,0,0,TRUE,NA,"r = 0: no cointegration",NA,NA,NA,"",NA,NA,NA,NA,NA,"",NA,NA,NA,NA,NA,NA,NA,NA,NA,NA,NA,NA,NA,NA,NA,NA,NA,NA,NA,NA
"A_common_censusIC","Airfreight","Total_Inventories","orig","crisis;pandemic","","const","AIC",5,252,FALSE,0,0,0,0,TRUE,NA,"r = 0: no cointegration",NA,NA,NA,"",NA,NA,NA,NA,NA,"",NA,NA,NA,NA,NA,NA,NA,NA,NA,NA,NA,NA,NA,NA,NA,NA,NA,NA,NA,NA
"A_common_censusIC","Airfreight","Total_Inventories","orig","crisis;pandemic","","const","SBC",3,252,FALSE,1,1,0,0,FALSE,1,"estimated at r = 1",0.000928141908599014,0.752976739731491,0.452230576487556,"",-0.00150049303314701,0.00335677685034504,0.00161653595667489,3.75662913384821,0.000218081138900988,"***",0.000768690956222374,0.00246438095712741,-2.21346628792932,27.9295042152273,"constant",0.405709587603959,0.52415522154574,9.71975729943968,0.00182297588274305,16.6253393317606,0.164242491874059,12,13.8116665055005,0.312896324559578,NA,"pandemic",6.14000264060114e-05,0.984080145365704,0.00151410380290392,0.716110550574237
"A_common_censusIC","Airfreight","Total_Inventories","orig","crisis;pandemic","","trend","AIC",5,252,FALSE,0,0,0,0,TRUE,NA,"r = 0: no cointegration",NA,NA,NA,"",NA,NA,NA,NA,NA,"",NA,NA,NA,NA,NA,NA,NA,NA,NA,NA,NA,NA,NA,NA,NA,NA,NA,NA,NA,NA
"A_common_censusIC","Airfreight","Total_Inventories","orig","crisis;pandemic","","trend","SBC",3,252,FALSE,0,0,0,0,TRUE,NA,"r = 0: no cointegration",NA,NA,NA,"",NA,NA,NA,NA,NA,"",NA,NA,NA,NA,NA,NA,NA,NA,NA,NA,NA,NA,NA,NA,NA,NA,NA,NA,NA,NA
"A_common_censusIC","Airfreight","Total_Inventories","za_step","crisis;pan_step","","none","AIC",5,252,FALSE,0,0,0,0,TRUE,NA,"r = 0: no cointegration",NA,NA,NA,"",NA,NA,NA,NA,NA,"",NA,NA,NA,NA,NA,NA,NA,NA,NA,NA,NA,NA,NA,NA,NA,NA,NA,NA,NA,NA
"A_common_censusIC","Airfreight","Total_Inventories","za_step","crisis;pan_step","","none","SBC",3,252,FALSE,0,0,0,0,TRUE,NA,"r = 0: no cointegration",NA,NA,NA,"",NA,NA,NA,NA,NA,"",NA,NA,NA,NA,NA,NA,NA,NA,NA,NA,NA,NA,NA,NA,NA,NA,NA,NA,NA,NA
"A_common_censusIC","Airfreight","Total_Inventories","za_step","crisis;pan_step","","const","AIC",5,252,FALSE,1,0,0,0,TRUE,NA,"r = 0: no cointegration",NA,NA,NA,"",NA,NA,NA,NA,NA,"",NA,NA,NA,NA,NA,NA,NA,NA,NA,NA,NA,NA,NA,NA,NA,NA,NA,NA,NA,NA
"A_common_censusIC","Airfreight","Total_Inventories","za_step","crisis;pan_step","","const","SBC",3,252,FALSE,1,1,0,1,TRUE,1,"estimated at r = 1",0.0028835953182333,0.60782055008183,0.543903588263669,"",-0.0064637513378159,0.0122309419742825,0.00713989443708821,4.36284751151023,1.93572083400524e-05,"***",0.00391547764943553,0.0103643112247409,-1.66801207773505,19.2069317935788,"constant",0.308135231855995,0.578826742176205,15.1320455190492,0.000100247114787511,17.5008736209629,0.131707455503416,12,13.9741096034888,0.302364650313036,NA,"pan_step",-0.000762561052811577,0.81001628567342,0.00187608597039141,0.658002476564313
"A_common_censusIC","Airfreight","Total_Inventories","za_step","crisis;pan_step","","trend","AIC",5,252,FALSE,1,0,0,1,FALSE,NA,"r = 0: no cointegration",NA,NA,NA,"",NA,NA,NA,NA,NA,"",NA,NA,NA,NA,NA,NA,NA,NA,NA,NA,NA,NA,NA,NA,NA,NA,NA,NA,NA,NA
"A_common_censusIC","Airfreight","Total_Inventories","za_step","crisis;pan_step","","trend","SBC",3,252,FALSE,0,0,0,0,TRUE,NA,"r = 0: no cointegration",NA,NA,NA,"",NA,NA,NA,NA,NA,"",NA,NA,NA,NA,NA,NA,NA,NA,NA,NA,NA,NA,NA,NA,NA,NA,NA,NA,NA,NA
"A_common_censusIC","Airfreight","Total_Inventories","za_window","crisis;pan_win","","none","AIC",5,252,FALSE,0,0,0,0,TRUE,NA,"r = 0: no cointegration",NA,NA,NA,"",NA,NA,NA,NA,NA,"",NA,NA,NA,NA,NA,NA,NA,NA,NA,NA,NA,NA,NA,NA,NA,NA,NA,NA,NA,NA
"A_common_censusIC","Airfreight","Total_Inventories","za_window","crisis;pan_win","","none","SBC",3,252,FALSE,0,0,0,0,TRUE,NA,"r = 0: no cointegration",NA,NA,NA,"",NA,NA,NA,NA,NA,"",NA,NA,NA,NA,NA,NA,NA,NA,NA,NA,NA,NA,NA,NA,NA,NA,NA,NA,NA,NA
"A_common_censusIC","Airfreight","Total_Inventories","za_window","crisis;pan_win","","const","AIC",5,252,FALSE,1,0,0,0,TRUE,NA,"r = 0: no cointegration",NA,NA,NA,"",NA,NA,NA,NA,NA,"",NA,NA,NA,NA,NA,NA,NA,NA,NA,NA,NA,NA,NA,NA,NA,NA,NA,NA,NA,NA
"A_common_censusIC","Airfreight","Total_Inventories","za_window","crisis;pan_win","","const","SBC",3,252,FALSE,1,1,0,1,TRUE,1,"estimated at r = 1",0.000662998232947613,0.926063780937279,0.355379309397506,"",-0.000747592052942443,0.00207358851883767,0.00105434677826307,4.27945339748988,2.74584587521956e-05,"***",0.000568919038195144,0.00153977451833099,-4.24349422788674,57.7850539609125,"constant",0.726904379320425,0.393888443632283,14.8490489169405,0.000116466783548042,16.7709212698396,0.158419567751648,12,14.1520626477983,0.291103454682107,NA,"pan_win",-0.00148849296206542,0.745219874015239,0.00120495738043275,0.775084227218315
"A_common_censusIC","Airfreight","Total_Inventories","za_window","crisis;pan_win","","trend","AIC",5,252,FALSE,0,0,0,0,TRUE,NA,"r = 0: no cointegration",NA,NA,NA,"",NA,NA,NA,NA,NA,"",NA,NA,NA,NA,NA,NA,NA,NA,NA,NA,NA,NA,NA,NA,NA,NA,NA,NA,NA,NA
"A_common_censusIC","Airfreight","Total_Inventories","za_window","crisis;pan_win","","trend","SBC",3,252,FALSE,0,0,0,0,TRUE,NA,"r = 0: no cointegration",NA,NA,NA,"",NA,NA,NA,NA,NA,"",NA,NA,NA,NA,NA,NA,NA,NA,NA,NA,NA,NA,NA,NA,NA,NA,NA,NA,NA,NA
"A_common_censusIC","Airfreight","Total_Inventories","za_series","crisis;brk_mode;brk_IC","","none","AIC",5,252,FALSE,0,0,0,0,TRUE,NA,"r = 0: no cointegration",NA,NA,NA,"",NA,NA,NA,NA,NA,"",NA,NA,NA,NA,NA,NA,NA,NA,NA,NA,NA,NA,NA,NA,NA,NA,NA,NA,NA,NA
"A_common_censusIC","Airfreight","Total_Inventories","za_series","crisis;brk_mode;brk_IC","","none","SBC",2,252,FALSE,1,0,0,1,FALSE,NA,"r = 0: no cointegration",NA,NA,NA,"",NA,NA,NA,NA,NA,"",NA,NA,NA,NA,NA,NA,NA,NA,NA,NA,NA,NA,NA,NA,NA,NA,NA,NA,NA,NA
"A_common_censusIC","Airfreight","Total_Inventories","za_series","crisis;brk_mode;brk_IC","","const","AIC",5,252,FALSE,0,0,0,0,TRUE,NA,"r = 0: no cointegration",NA,NA,NA,"",NA,NA,NA,NA,NA,"",NA,NA,NA,NA,NA,NA,NA,NA,NA,NA,NA,NA,NA,NA,NA,NA,NA,NA,NA,NA
"A_common_censusIC","Airfreight","Total_Inventories","za_series","crisis;brk_mode;brk_IC","","const","SBC",2,252,FALSE,2,1,1,1,TRUE,1,"estimated at r = 1",-0.0110243042672248,-0.567434599708561,0.570965258480339,"",-0.0493019450892412,0.0272533365547915,0.0310054217177987,4.45953356021491,1.27773836180378e-05,"***",0.017307395545619,0.0447034478899784,-0.405724409440625,1.15048838629768,"constant",0.216140938293501,0.641996193806909,12.6253981561354,0.000380540819167496,17.7459154123615,0.123626018477776,12,20.51906566845,0.0578823224185484,62.5272463476241,"brk_mode",0.00501133651763393,0.387103259456007,0.00611143608725332,0.239179258519215
"A_common_censusIC","Airfreight","Total_Inventories","za_series","crisis;brk_mode;brk_IC","","trend","AIC",5,252,FALSE,1,1,1,1,TRUE,1,"estimated at r = 1",0.0056197232330402,3.69780386308687,0.000273841217972485,"***",0.00262482183841539,0.00861462462766501,0.0016312905263427,3.04117076335309,0.00263869222597659,"***",0.000574224829078343,0.00268835622360705,-21.4806284704948,0.0664883005451582,"trend.l5",9.46188832483099,0.00209784998528018,6.48281347806898,0.0108922439818085,9.41328764213303,0.667283348887894,12,8.72172010963859,0.726497485420679,NA,"brk_mode",0.00630474422540622,0.228422474326724,0.0102745221781866,0.0512398299273402
"A_common_censusIC","Airfreight","Total_Inventories","za_series","crisis;brk_mode;brk_IC","","trend","SBC",2,252,FALSE,2,1,1,1,TRUE,1,"estimated at r = 1",0.0138503194684102,0.634743352350652,0.526221269441974,"",-0.0291410409694629,0.0568416799062832,0.0383909739851647,5.06889771093095,8.17580618724713e-07,"***",0.0234686947775807,0.0533132531927486,-1.59405521101043,0.00400892518140369,"trend.l2",0.263618959787958,0.607644711184406,15.6323196277407,7.69284509551937e-05,18.1585893943803,0.110959366263082,12,24.9051506859441,0.0152787858055355,NA,"brk_mode",0.00143261875767805,0.788772479522992,0.0025642769182636,0.608924417670147
"A_common_censusIC","SeaFreight","Total_Inventories","none","","","none","AIC",6,252,TRUE,0,0,0,0,TRUE,NA,"r = 0: no cointegration",NA,NA,NA,"",NA,NA,NA,NA,NA,"",NA,NA,NA,NA,NA,NA,NA,NA,NA,NA,NA,NA,NA,NA,NA,NA,NA,NA,NA,NA
"A_common_censusIC","SeaFreight","Total_Inventories","none","","","none","SBC",2,252,TRUE,0,0,0,0,TRUE,NA,"r = 0: no cointegration",NA,NA,NA,"",NA,NA,NA,NA,NA,"",NA,NA,NA,NA,NA,NA,NA,NA,NA,NA,NA,NA,NA,NA,NA,NA,NA,NA,NA,NA
"A_common_censusIC","SeaFreight","Total_Inventories","none","","","const","AIC",6,252,TRUE,0,0,0,0,TRUE,NA,"r = 0: no cointegration",NA,NA,NA,"",NA,NA,NA,NA,NA,"",NA,NA,NA,NA,NA,NA,NA,NA,NA,NA,NA,NA,NA,NA,NA,NA,NA,NA,NA,NA
"A_common_censusIC","SeaFreight","Total_Inventories","none","","","const","SBC",2,252,TRUE,1,1,1,1,TRUE,1,"estimated at r = 1",-0.0114094113765841,-1.35520873473906,0.176646732470546,"",-0.0279952719825833,0.00517644922941512,0.00920532700883812,3.91814231556347,0.000116911734820333,"***",0.0045768300958898,0.0138338239217864,-0.868061123934441,7.01732232194894,"constant",1.47594776853678,0.224409609350161,11.9191692503078,0.000555592517790804,9.58685639555857,0.652154685473152,12,22.3470735632003,0.0338091221797487,60.404993277719,NA,NA,NA,NA,NA
"A_common_censusIC","SeaFreight","Total_Inventories","none","","","trend","AIC",6,252,TRUE,1,0,0,0,TRUE,NA,"r = 0: no cointegration",NA,NA,NA,"",NA,NA,NA,NA,NA,"",NA,NA,NA,NA,NA,NA,NA,NA,NA,NA,NA,NA,NA,NA,NA,NA,NA,NA,NA,NA
"A_common_censusIC","SeaFreight","Total_Inventories","none","","","trend","SBC",2,252,TRUE,0,0,0,0,TRUE,NA,"r = 0: no cointegration",NA,NA,NA,"",NA,NA,NA,NA,NA,"",NA,NA,NA,NA,NA,NA,NA,NA,NA,NA,NA,NA,NA,NA,NA,NA,NA,NA,NA,NA
"A_common_censusIC","SeaFreight","Total_Inventories","orig","crisis;pandemic","","none","AIC",6,252,FALSE,1,0,0,0,TRUE,NA,"r = 0: no cointegration",NA,NA,NA,"",NA,NA,NA,NA,NA,"",NA,NA,NA,NA,NA,NA,NA,NA,NA,NA,NA,NA,NA,NA,NA,NA,NA,NA,NA,NA
"A_common_censusIC","SeaFreight","Total_Inventories","orig","crisis;pandemic","","none","SBC",2,252,FALSE,0,0,0,0,TRUE,NA,"r = 0: no cointegration",NA,NA,NA,"",NA,NA,NA,NA,NA,"",NA,NA,NA,NA,NA,NA,NA,NA,NA,NA,NA,NA,NA,NA,NA,NA,NA,NA,NA,NA
"A_common_censusIC","SeaFreight","Total_Inventories","orig","crisis;pandemic","","const","AIC",6,252,FALSE,1,1,1,1,TRUE,1,"estimated at r = 1",-0.0483297735744879,-3.68635451857703,0.000285989150789668,"***",-0.0741666380750212,-0.0224929090739546,0.00830219845724685,2.31720339680052,0.0214037616822605,"**",0.00124144413602296,0.0153629527784707,-0.898502653323701,7.42354954782282,"constant",11.1943052559827,0.000820487520159285,4.52163905271079,0.0334687531265155,7.65838434061453,0.811224479051797,12,5.54878155137481,0.937100685484564,13.9925976172826,"pandemic",0.00856662572012741,0.0432610790266904,0.012134115899126,0.0287365721687709
"A_common_censusIC","SeaFreight","Total_Inventories","orig","crisis;pandemic","","const","SBC",2,252,FALSE,1,1,1,1,TRUE,1,"estimated at r = 1",-0.0160672042212351,-1.90399130587362,0.0581380433866499,"*",-0.0326927323030036,0.00055832386053338,0.011290589989319,4.92380874154774,1.60352481668398e-06,"***",0.00677290903085127,0.0158082709477868,-1.04978329206817,9.65398473150076,"constant",3.18700130770949,0.0742260542234268,20.2887471454966,6.65910814878767e-06,10.2910454200346,0.590443923447751,12,14.6816579955687,0.259308963039088,42.7929881136934,"pandemic",0.00729587946526089,0.078715794301733,0.00565073063642532,0.292676195422913
"A_common_censusIC","SeaFreight","Total_Inventories","orig","crisis;pandemic","","trend","AIC",6,252,FALSE,1,1,0,0,FALSE,1,"estimated at r = 1",-0.040883969882689,-3.77666463677088,0.000204340208699452,"***",-0.0622182284833422,-0.0195497112820358,-0.00397629892907937,-1.34332932900148,0.180543135823167,"",-0.009809802209804,0.00185720435164526,1.18270807441478,-0.00603805889731435,"trend.l6",6.23323107346617,0.0125374766469548,0.823621417123077,0.364123471792178,7.84699308633189,0.796970131292833,12,4.56329450252915,0.971000618685066,16.6050239840044,"pandemic",0.00428360955193274,0.320547417808128,0.0116808363248578,0.0371566171025818
"A_common_censusIC","SeaFreight","Total_Inventories","orig","crisis;pandemic","","trend","SBC",2,252,FALSE,0,0,0,0,TRUE,NA,"r = 0: no cointegration",NA,NA,NA,"",NA,NA,NA,NA,NA,"",NA,NA,NA,NA,NA,NA,NA,NA,NA,NA,NA,NA,NA,NA,NA,NA,NA,NA,NA,NA
"A_common_censusIC","SeaFreight","Total_Inventories","za_step","crisis;pan_step","","none","AIC",6,252,FALSE,2,1,1,1,TRUE,1,"estimated at r = 1",-0.110470084163027,-4.00631930791228,8.42833962608495e-05,"***",-0.164811636678779,-0.0561285316472753,-0.0118354776348129,-1.57479324154327,0.116734606810403,"",-0.0266468453418444,0.00297589007221859,-0.554752324510585,NA,NA,10.6742525102975,0.0010863707890103,1.71800042383401,0.189950637901583,8.51035105811049,0.744085629241322,12,4.38557523433086,0.975431888682732,5.92119005423463,"pan_step",0.0239724856134637,0.00170702805191866,0.00662741137084623,0.220765884837124
"A_common_censusIC","SeaFreight","Total_Inventories","za_step","crisis;pan_step","","none","SBC",2,252,FALSE,2,2,0,0,FALSE,NA,"r = 2: full rank",NA,NA,NA,"",NA,NA,NA,NA,NA,"",NA,NA,NA,NA,NA,NA,NA,NA,NA,NA,NA,NA,NA,NA,NA,NA,NA,NA,NA,NA
"A_common_censusIC","SeaFreight","Total_Inventories","za_step","crisis;pan_step","","const","AIC",6,252,FALSE,2,2,2,2,TRUE,NA,"r = 2: full rank",NA,NA,NA,"",NA,NA,NA,NA,NA,"",NA,NA,NA,NA,NA,NA,NA,NA,NA,NA,NA,NA,NA,NA,NA,NA,NA,NA,NA,NA
"A_common_censusIC","SeaFreight","Total_Inventories","za_step","crisis;pan_step","","const","SBC",2,252,FALSE,2,2,1,2,TRUE,NA,"r = 2: full rank",NA,NA,NA,"",NA,NA,NA,NA,NA,"",NA,NA,NA,NA,NA,NA,NA,NA,NA,NA,NA,NA,NA,NA,NA,NA,NA,NA,NA,NA
"A_common_censusIC","SeaFreight","Total_Inventories","za_step","crisis;pan_step","","trend","AIC",6,252,FALSE,1,1,1,1,TRUE,1,"estimated at r = 1",-0.075337336144474,-4.56727751239742,8.2083822847248e-06,"***",-0.107845001204389,-0.0428296710845594,-0.0165030188775254,-3.72554046697732,0.000247504384611456,"***",-0.0252328738403616,-0.0077731639146891,1.088748834462,-0.00441874989173115,"trend.l6",16.1522237307806,5.84499067588506e-05,10.9513087853126,0.000935375221033596,8.10593528373871,0.776798050729167,12,6.26402135919627,0.902192100554063,8.84948246680985,"pan_step",0.0247668456303067,0.000499253650278693,0.00843850455479636,0.117832306647188
"A_common_censusIC","SeaFreight","Total_Inventories","za_step","crisis;pan_step","","trend","SBC",2,252,FALSE,2,1,0,0,FALSE,1,"estimated at r = 1",-0.0344033041420684,-2.64578535115355,0.0087051708665811,"***",-0.0600219005969441,-0.00878470768719259,-0.0112052263545996,-3.21145643366633,0.00150689823746409,"***",-0.0180795248281344,-0.00433092788106487,1.56223786648465,-0.00488095738263642,"trend.l2",2.05573938387374,0.151633631034416,2.99309959155079,0.0836199695335641,10.647901104078,0.559309963383638,12,15.4743993169118,0.216512017954811,19.799096393199,"pan_step",0.0168818216434366,0.028766516556898,0.000323019347202474,0.950815501341993
"A_common_censusIC","SeaFreight","Total_Inventories","za_window","crisis;pan_win","","none","AIC",6,252,FALSE,1,1,0,0,FALSE,1,"estimated at r = 1",-0.069277727478365,-3.64542402000746,0.000332845289246732,"***",-0.106730027974528,-0.0318254269822023,-0.000214474995456456,-0.0415753258938031,0.966874779554428,"",-0.010381032516585,0.00995208252567204,-0.818818399386126,NA,NA,10.6227670515133,0.00111703771731431,0.00143359848646078,0.96979700081117,8.24146143831663,0.765987740535271,12,5.5550994379632,0.936830385477096,9.65461922300195,"pan_win",0.0136411551455967,0.0393761004315397,0.00841281864228339,0.12626404390675
"A_common_censusIC","SeaFreight","Total_Inventories","za_window","crisis;pan_win","","none","SBC",2,252,FALSE,1,1,0,0,FALSE,1,"estimated at r = 1",-0.0574250518495724,-3.1998592786856,0.0015661668171241,"***",-0.0927824502290955,-0.0220676534700492,0.00405489780088748,0.825268137802074,0.410063507195284,"",-0.00562553155951938,0.0137353271612943,-0.870025836868308,NA,NA,5.91417308335529,0.0150195510696163,0.405001993200203,0.524517259771621,9.48295948207814,0.66121898751708,12,13.6095183159498,0.326335304146069,11.7204773353243,"pan_win",0.0155539166354792,0.0124450138691322,0.00421158073105778,0.415829943273147
"A_common_censusIC","SeaFreight","Total_Inventories","za_window","crisis;pan_win","","const","AIC",6,252,FALSE,2,2,1,2,TRUE,NA,"r = 2: full rank",NA,NA,NA,"",NA,NA,NA,NA,NA,"",NA,NA,NA,NA,NA,NA,NA,NA,NA,NA,NA,NA,NA,NA,NA,NA,NA,NA,NA,NA
"A_common_censusIC","SeaFreight","Total_Inventories","za_window","crisis;pan_win","","const","SBC",2,252,FALSE,2,2,1,2,TRUE,NA,"r = 2: full rank",NA,NA,NA,"",NA,NA,NA,NA,NA,"",NA,NA,NA,NA,NA,NA,NA,NA,NA,NA,NA,NA,NA,NA,NA,NA,NA,NA,NA,NA
"A_common_censusIC","SeaFreight","Total_Inventories","za_window","crisis;pan_win","","trend","AIC",6,252,FALSE,1,1,0,1,TRUE,1,"estimated at r = 1",-0.0423720347524491,-4.07449034102636,6.43021540794181e-05,"***",-0.0628666110534331,-0.0218774584514651,-0.00502945919377437,-1.7818330833382,0.0761495452341098,"*",-0.0105921790332401,0.000533260645691345,1.30411217890378,-0.00616147418123619,"trend.l6",10.3885940922646,0.00126796132362494,2.07059376004237,0.150163049603371,8.66985357825824,0.730840600596523,12,4.90249077998194,0.961156692392028,16.0095259208127,"pan_win",0.0108607863894067,0.0900545707812128,0.00994727031956394,0.0717285354423964
"A_common_censusIC","SeaFreight","Total_Inventories","za_window","crisis;pan_win","","trend","SBC",2,252,FALSE,0,0,0,0,TRUE,NA,"r = 0: no cointegration",NA,NA,NA,"",NA,NA,NA,NA,NA,"",NA,NA,NA,NA,NA,NA,NA,NA,NA,NA,NA,NA,NA,NA,NA,NA,NA,NA,NA,NA
"A_common_censusIC","SeaFreight","Total_Inventories","za_series","crisis;brk_mode;brk_IC","","none","AIC",6,252,FALSE,1,1,0,1,TRUE,1,"estimated at r = 1",-0.103846960423061,-3.91533973277436,0.000120431856774458,"***",-0.156118840852941,-0.0515750799931803,0.00482605009670367,0.665110974628209,0.506676154075642,"",-0.0094741296966458,0.0191262298900531,-0.754384083680036,NA,NA,16.159394667276,5.82290389331552e-05,0.482276436064003,0.487392990052287,10.8248259076083,0.543987876503736,12,5.07147877617925,0.955548776235779,6.32179317303626,"brk_mode",0.0158668416833176,0.0150691141622517,0.00932638967012804,0.097609571375522
"A_common_censusIC","SeaFreight","Total_Inventories","za_series","crisis;brk_mode;brk_IC","","none","SBC",2,252,FALSE,1,0,0,1,FALSE,NA,"r = 0: no cointegration",NA,NA,NA,"",NA,NA,NA,NA,NA,"",NA,NA,NA,NA,NA,NA,NA,NA,NA,NA,NA,NA,NA,NA,NA,NA,NA,NA,NA,NA
"A_common_censusIC","SeaFreight","Total_Inventories","za_series","crisis;brk_mode;brk_IC","","const","AIC",6,252,FALSE,1,1,1,1,TRUE,1,"estimated at r = 1",-0.0941237185097139,-3.90187505420413,0.000126714453394742,"***",-0.141663659147982,-0.0465837778714455,0.0095694890933812,1.44388541464318,0.150187313308279,"",-0.00349188713834855,0.022630865325111,-0.768422223634776,5.47086390088784,"constant",13.4859945065192,0.000240350715829951,1.91025854859519,0.166934541494215,9.13340757507004,0.691495387707677,12,5.72127925284435,0.92947518956401,7.0119311271747,"brk_mode",0.0134577832085891,0.0260531377952135,0.0109414037469252,0.0408301359585386
"A_common_censusIC","SeaFreight","Total_Inventories","za_series","crisis;brk_mode;brk_IC","","const","SBC",2,252,FALSE,1,1,1,1,TRUE,1,"estimated at r = 1",-0.0405462073235044,-2.37435843022167,0.0183907551220763,"**",-0.0741906812577758,-0.00690173338923296,0.0165809448178104,3.54827425421946,0.000468837788325161,"***",0.00737428960227882,0.025787600033342,-0.853245536179595,6.73448559980097,"constant",4.10343725587701,0.0427961247482811,8.99176023351447,0.00271199643264342,8.88748003752233,0.712509920710048,12,15.2751985521695,0.226730551754517,16.746276502994,"brk_mode",0.00532682241458914,0.296225890720172,0.00609517131513696,0.25221263515079
"A_common_censusIC","SeaFreight","Total_Inventories","za_series","crisis;brk_mode;brk_IC","","trend","AIC",6,252,FALSE,1,1,1,1,TRUE,1,"estimated at r = 1",-0.111910129002522,-6.89207591272299,5.72354023392484e-11,"***",-0.143911098068393,-0.0799091599366503,-0.0145460144355601,-3.13608586207748,0.00194601153320525,"***",-0.0236871438106095,-0.00540488506051078,1.74461531195473,-0.00772473265598445,"trend.l6",40.3812068632574,2.08941197676893e-10,9.1422109164326,0.00249779094938907,7.47824888185816,0.824460555878615,12,4.93035949107077,0.960264588342258,5.84035678408987,"brk_mode",0.0345501582826059,8.0360010310554e-07,0.0177165520179926,0.00139171518722182
"A_common_censusIC","SeaFreight","Total_Inventories","za_series","crisis;brk_mode;brk_IC","","trend","SBC",2,252,FALSE,1,1,1,1,TRUE,1,"estimated at r = 1",-0.0841512824942276,-4.89476388891496,1.84312785773617e-06,"***",-0.118023883812291,-0.0502786811761638,-0.00496017787701456,-1.0197100102346,0.308928178038169,"",-0.0145440305078866,0.00462367475385745,1.08193825108254,-0.00591799046262888,"trend.l2",14.9550084489137,0.000110105404417471,0.692935915457247,0.405167558703732,8.59394099894999,0.737165954432458,12,17.1180224177377,0.145211378961957,7.88526713310661,"brk_mode",0.0235342318121424,0.000384199204779667,0.00709373336483592,0.175651669772281
"B_common_whseconstr","LTL","Warehouse_Construction","none","","","none","AIC",6,187,TRUE,0,0,0,0,TRUE,NA,"r = 0: no cointegration",NA,NA,NA,"",NA,NA,NA,NA,NA,"",NA,NA,NA,NA,NA,NA,NA,NA,NA,NA,NA,NA,NA,NA,NA,NA,NA,NA,NA,NA
"B_common_whseconstr","LTL","Warehouse_Construction","none","","","none","SBC",4,187,TRUE,0,0,0,0,TRUE,NA,"r = 0: no cointegration",NA,NA,NA,"",NA,NA,NA,NA,NA,"",NA,NA,NA,NA,NA,NA,NA,NA,NA,NA,NA,NA,NA,NA,NA,NA,NA,NA,NA,NA
"B_common_whseconstr","LTL","Warehouse_Construction","none","","","const","AIC",6,187,TRUE,0,0,0,0,TRUE,NA,"r = 0: no cointegration",NA,NA,NA,"",NA,NA,NA,NA,NA,"",NA,NA,NA,NA,NA,NA,NA,NA,NA,NA,NA,NA,NA,NA,NA,NA,NA,NA,NA,NA
"B_common_whseconstr","LTL","Warehouse_Construction","none","","","const","SBC",4,187,TRUE,0,0,0,0,TRUE,NA,"r = 0: no cointegration",NA,NA,NA,"",NA,NA,NA,NA,NA,"",NA,NA,NA,NA,NA,NA,NA,NA,NA,NA,NA,NA,NA,NA,NA,NA,NA,NA,NA,NA
"B_common_whseconstr","LTL","Warehouse_Construction","none","","","trend","AIC",6,187,TRUE,1,0,0,1,FALSE,NA,"r = 0: no cointegration",NA,NA,NA,"",NA,NA,NA,NA,NA,"",NA,NA,NA,NA,NA,NA,NA,NA,NA,NA,NA,NA,NA,NA,NA,NA,NA,NA,NA,NA
"B_common_whseconstr","LTL","Warehouse_Construction","none","","","trend","SBC",4,187,TRUE,1,0,0,1,FALSE,NA,"r = 0: no cointegration",NA,NA,NA,"",NA,NA,NA,NA,NA,"",NA,NA,NA,NA,NA,NA,NA,NA,NA,NA,NA,NA,NA,NA,NA,NA,NA,NA,NA,NA
"B_common_whseconstr","LTL","Warehouse_Construction","orig","crisis;pandemic","","none","AIC",6,187,FALSE,0,0,0,0,TRUE,NA,"r = 0: no cointegration",NA,NA,NA,"",NA,NA,NA,NA,NA,"",NA,NA,NA,NA,NA,NA,NA,NA,NA,NA,NA,NA,NA,NA,NA,NA,NA,NA,NA,NA
"B_common_whseconstr","LTL","Warehouse_Construction","orig","crisis;pandemic","","none","SBC",4,187,FALSE,0,0,0,0,TRUE,NA,"r = 0: no cointegration",NA,NA,NA,"",NA,NA,NA,NA,NA,"",NA,NA,NA,NA,NA,NA,NA,NA,NA,NA,NA,NA,NA,NA,NA,NA,NA,NA,NA,NA
"B_common_whseconstr","LTL","Warehouse_Construction","orig","crisis;pandemic","","const","AIC",6,187,FALSE,0,0,0,0,TRUE,NA,"r = 0: no cointegration",NA,NA,NA,"",NA,NA,NA,NA,NA,"",NA,NA,NA,NA,NA,NA,NA,NA,NA,NA,NA,NA,NA,NA,NA,NA,NA,NA,NA,NA
"B_common_whseconstr","LTL","Warehouse_Construction","orig","crisis;pandemic","","const","SBC",4,187,FALSE,0,0,0,0,TRUE,NA,"r = 0: no cointegration",NA,NA,NA,"",NA,NA,NA,NA,NA,"",NA,NA,NA,NA,NA,NA,NA,NA,NA,NA,NA,NA,NA,NA,NA,NA,NA,NA,NA,NA
"B_common_whseconstr","LTL","Warehouse_Construction","orig","crisis;pandemic","","trend","AIC",6,187,FALSE,1,0,0,1,FALSE,NA,"r = 0: no cointegration",NA,NA,NA,"",NA,NA,NA,NA,NA,"",NA,NA,NA,NA,NA,NA,NA,NA,NA,NA,NA,NA,NA,NA,NA,NA,NA,NA,NA,NA
"B_common_whseconstr","LTL","Warehouse_Construction","orig","crisis;pandemic","","trend","SBC",4,187,FALSE,1,0,0,1,FALSE,NA,"r = 0: no cointegration",NA,NA,NA,"",NA,NA,NA,NA,NA,"",NA,NA,NA,NA,NA,NA,NA,NA,NA,NA,NA,NA,NA,NA,NA,NA,NA,NA,NA,NA
"B_common_whseconstr","LTL","Warehouse_Construction","za_step","pan_step","crisis","none","AIC",7,187,FALSE,1,1,1,1,TRUE,1,"estimated at r = 1",-0.0202886305122362,-0.69810077772402,0.486166928408398,"",-0.0777014691363699,0.0371242081118975,0.102592162267146,6.20760022505081,4.76736105518018e-09,"***",0.069943540564783,0.135240783969508,-1.42931185568679,NA,NA,0.555996483415941,0.455877832870095,39.1942929847047,3.8365999266432e-10,8.14032663875182,0.77407040143797,12,27.6778685617893,0.00616441461911987,33.8165582782736,"pan_step",-0.00930534307290467,0.2776794488168,NA,NA
"B_common_whseconstr","LTL","Warehouse_Construction","za_step","crisis;pan_step","","none","SBC",4,187,FALSE,1,1,1,1,TRUE,1,"estimated at r = 1",-0.0364539548111447,-1.335110680046,0.183713223870348,"",-0.0903717318919479,0.0174638222696585,0.110549741725327,7.17524409155982,2.45183270959003e-11,"***",0.0801250875492283,0.140974395901425,-1.4100017256504,NA,NA,1.97693989879114,0.159713153580728,49.7623854558239,1.73538960979158e-12,12.3521405303914,0.417829160985818,12,42.3730458028632,2.88184439202199e-05,18.6656019650551,"pan_step",-0.0124619566183647,0.115724084087185,-0.00667815647330592,0.451275729587171
"B_common_whseconstr","LTL","Warehouse_Construction","za_step","pan_step","crisis","const","AIC",7,187,FALSE,1,1,1,1,TRUE,1,"estimated at r = 1",-0.0236944025843585,-0.804745519138951,0.422199199079463,"",-0.0818564138413594,0.0344676086726424,0.102237990767987,6.20127909065,4.86378392656607e-09,"***",0.0696705787364083,0.134805402799566,-1.42804091112954,2.01601852191811,"constant",0.636122477384992,0.42511840206304,33.2233174127772,8.2159409275917e-09,7.51505448100518,0.821787484177059,12,27.8089961258452,0.00589910455201637,28.9056668437243,"pan_step",-0.00831446007394919,0.337137067101495,NA,NA
"B_common_whseconstr","LTL","Warehouse_Construction","za_step","crisis;pan_step","","const","SBC",4,187,FALSE,1,1,1,1,TRUE,1,"estimated at r = 1",-0.0304912284579439,-1.1070892253426,0.269886451950624,"",-0.084875942045897,0.0238934851300093,0.111251249266617,7.27400645931095,1.38882350002247e-11,"***",0.0810506360084403,0.141451862524793,-1.41160723165217,1.93643594317746,"constant",1.2120681809234,0.270922910431616,44.7107078406719,2.28405072633109e-11,12.8008500012291,0.383680478349817,12,43.6302161155546,1.76524597590433e-05,22.3843125786052,"pan_step",-0.00876092025808678,0.265690578700028,-0.00289022932202144,0.743602906015721
"B_common_whseconstr","LTL","Warehouse_Construction","za_step","pan_step","crisis","trend","AIC",7,187,FALSE,2,2,2,2,TRUE,NA,"r = 2: full rank",NA,NA,NA,"",NA,NA,NA,NA,NA,"",NA,NA,NA,NA,NA,NA,NA,NA,NA,NA,NA,NA,NA,NA,NA,NA,NA,NA,NA,NA
"B_common_whseconstr","LTL","Warehouse_Construction","za_step","crisis;pan_step","","trend","SBC",4,187,FALSE,2,2,1,2,TRUE,NA,"r = 2: full rank",NA,NA,NA,"",NA,NA,NA,NA,NA,"",NA,NA,NA,NA,NA,NA,NA,NA,NA,NA,NA,NA,NA,NA,NA,NA,NA,NA,NA,NA
"B_common_whseconstr","LTL","Warehouse_Construction","za_window","pan_win","crisis","none","AIC",11,187,FALSE,0,0,0,0,TRUE,NA,"r = 0: no cointegration",NA,NA,NA,"",NA,NA,NA,NA,NA,"",NA,NA,NA,NA,NA,NA,NA,NA,NA,NA,NA,NA,NA,NA,NA,NA,NA,NA,NA,NA
"B_common_whseconstr","LTL","Warehouse_Construction","za_window","crisis;pan_win","","none","SBC",4,187,FALSE,1,1,0,1,TRUE,1,"estimated at r = 1",-0.0145335222751481,-0.773521568684926,0.440341038729319,"",-0.0516360117514304,0.0225689672011343,0.0421247234272802,3.82786624592862,0.000184331071170406,"***",0.0203934635072138,0.0638559833473467,-1.07301131083601,NA,NA,0.637048612443305,0.42478156237691,14.9270392325075,0.000111749784250659,15.1653314145993,0.232519248768836,12,34.5869333524089,0.00054473146154177,47.3455740679845,"pan_win",-0.0109470368854294,0.0889905970385118,-0.00477549164102301,0.595107137060865
"B_common_whseconstr","LTL","Warehouse_Construction","za_window","pan_win","crisis","const","AIC",11,187,FALSE,1,1,0,0,FALSE,1,"estimated at r = 1",0.012389003650161,0.910242558606883,0.364226326144289,"",-0.0145150854015281,0.03929309270185,0.0304955139830968,3.54696226793044,0.000527406197014217,"***",0.0135006208861882,0.0474904070800054,-1.07737918141619,0.377737313081962,"constant",0.606895734939493,0.435959020596998,8.71692973151154,0.00315268529949952,2.48374015693398,0.998220432135046,12,24.6719507707855,0.0164562209689102,NA,"pan_win",-0.0204867777237783,0.0167730361341963,NA,NA
"B_common_whseconstr","LTL","Warehouse_Construction","za_window","crisis;pan_win","","const","SBC",4,187,FALSE,1,1,1,1,TRUE,1,"estimated at r = 1",0.00487520518550056,0.311472018881417,0.755839823150046,"",-0.0260319055916551,0.0357823159626562,0.0408659718031562,4.51038865614073,1.23229476112335e-05,"***",0.0229750625635797,0.0587568810427327,-1.09686410859994,0.433891430668708,"constant",0.0836809050191153,0.772369778909672,16.3120772809362,5.37204770387767e-05,17.0587260895349,0.147401553078609,12,34.9526122857616,0.000476515704535219,NA,"pan_win",-0.0108172353606598,0.0972316972961514,-0.000841309986614665,0.924038467072016
"B_common_whseconstr","LTL","Warehouse_Construction","za_window","pan_win","crisis","trend","AIC",11,187,FALSE,0,0,0,0,TRUE,NA,"r = 0: no cointegration",NA,NA,NA,"",NA,NA,NA,NA,NA,"",NA,NA,NA,NA,NA,NA,NA,NA,NA,NA,NA,NA,NA,NA,NA,NA,NA,NA,NA,NA
"B_common_whseconstr","LTL","Warehouse_Construction","za_window","crisis;pan_win","","trend","SBC",4,187,FALSE,2,2,1,0,FALSE,NA,"r = 2: full rank",NA,NA,NA,"",NA,NA,NA,NA,NA,"",NA,NA,NA,NA,NA,NA,NA,NA,NA,NA,NA,NA,NA,NA,NA,NA,NA,NA,NA,NA
"B_common_whseconstr","LTL","Warehouse_Construction","za_series","crisis;brk_mode","brk_IC","none","AIC",6,187,FALSE,1,1,1,1,TRUE,1,"estimated at r = 1",-0.00631089347618767,-0.179194947133254,0.858017159469959,"",-0.0758766331657713,0.063254846213396,0.148312371564488,7.79900028576302,8.34047983554931e-13,"***",0.110748637232538,0.185876105896437,-1.42233993486849,NA,NA,0.0365201967068781,0.8484452250634,58.2082424077099,2.35367281220533e-14,6.9463725677175,0.861137026982604,12,32.5796670955386,0.00112544416457805,109.486507156138,"brk_mode",-0.00448576107464125,0.667422783060697,0.00179753595372155,0.908702165308331
"B_common_whseconstr","LTL","Warehouse_Construction","za_series","crisis;brk_mode","brk_IC","none","SBC",4,187,FALSE,1,1,1,1,TRUE,1,"estimated at r = 1",-0.0253853044288795,-0.755143469451425,0.451259367005138,"",-0.0917684003756743,0.0409977915179152,0.158079477039905,8.8940877258923,1.1099173437346e-15,"***",0.12298177524498,0.193177178834831,-1.41690881318438,NA,NA,0.632513008934437,0.426435021379661,71.3139678478138,0,11.6658261300002,0.472876902205117,12,38.1123688606002,0.00014719793424034,26.9569980299234,"brk_mode",-0.00897583233715984,0.36394874005627,-0.00666986748502628,0.455091189708344
"B_common_whseconstr","LTL","Warehouse_Construction","za_series","crisis;brk_mode","brk_IC","const","AIC",6,187,FALSE,1,1,1,1,TRUE,1,"estimated at r = 1",-0.00396503803688352,-0.111163078340319,0.91162901348756,"",-0.0744173885705968,0.0664873124968298,0.148407586025786,7.83313751946191,6.69201921323702e-13,"***",0.110985409419262,0.185829762632309,-1.42277851556006,1.99053450554494,"constant",0.0127381567495186,0.910138819410359,52.3753773977058,4.58411086867727e-13,6.57165878817064,0.884575112446722,12,32.2936060610501,0.00124648181634091,174.46795887985,"brk_mode",-0.00184548396995608,0.860721855264468,0.00559216066604629,0.723411423390146
"B_common_whseconstr","LTL","Warehouse_Construction","za_series","crisis;brk_mode","brk_IC","const","SBC",4,187,FALSE,1,1,1,1,TRUE,1,"estimated at r = 1",-0.0161891651326203,-0.479789009613367,0.632020595569669,"",-0.0828174609527411,0.0504391306875005,0.158564261021203,9.02175409864059,4.93178732645635e-16,"***",0.123858715913852,0.193269806128555,-1.41841762729861,1.96966299428812,"constant",0.238301601053976,0.625435487928976,67.1947090337792,2.22044604925031e-16,11.6557050784217,0.473711345076568,12,37.7646457560361,0.000167772009765921,42.4679824544482,"brk_mode",-0.00439892168528533,0.653372099512519,-0.0029457466844253,0.739866385190614
"B_common_whseconstr","LTL","Warehouse_Construction","za_series","crisis;brk_mode","brk_IC","trend","AIC",6,187,FALSE,2,2,2,2,TRUE,NA,"r = 2: full rank",NA,NA,NA,"",NA,NA,NA,NA,NA,"",NA,NA,NA,NA,NA,NA,NA,NA,NA,NA,NA,NA,NA,NA,NA,NA,NA,NA,NA,NA
"B_common_whseconstr","LTL","Warehouse_Construction","za_series","crisis;brk_mode","brk_IC","trend","SBC",4,187,FALSE,2,2,2,2,TRUE,NA,"r = 2: full rank",NA,NA,NA,"",NA,NA,NA,NA,NA,"",NA,NA,NA,NA,NA,NA,NA,NA,NA,NA,NA,NA,NA,NA,NA,NA,NA,NA,NA,NA
"B_common_whseconstr","Truckload","Warehouse_Construction","none","","","none","AIC",10,187,TRUE,0,0,0,0,TRUE,NA,"r = 0: no cointegration",NA,NA,NA,"",NA,NA,NA,NA,NA,"",NA,NA,NA,NA,NA,NA,NA,NA,NA,NA,NA,NA,NA,NA,NA,NA,NA,NA,NA,NA
"B_common_whseconstr","Truckload","Warehouse_Construction","none","","","none","SBC",4,187,TRUE,1,1,0,1,TRUE,1,"estimated at r = 1",-0.105719061974899,-3.03671888114144,0.00278300690763554,"***",-0.174459683470392,-0.0369784404794053,0.0452755882523171,2.77885946990295,0.00609198316057177,"***",0.0131047586674537,0.0774464178371805,-0.681913187379374,NA,NA,9.65481178627986,0.00188856242120417,8.12155674869207,0.00437419816014317,17.3746513992026,0.136039318846286,12,16.5916963633478,0.165612408346835,6.20347509367188,NA,NA,NA,NA,NA
"B_common_whseconstr","Truckload","Warehouse_Construction","none","","","const","AIC",10,187,TRUE,0,0,0,0,TRUE,NA,"r = 0: no cointegration",NA,NA,NA,"",NA,NA,NA,NA,NA,"",NA,NA,NA,NA,NA,NA,NA,NA,NA,NA,NA,NA,NA,NA,NA,NA,NA,NA,NA,NA
"B_common_whseconstr","Truckload","Warehouse_Construction","none","","","const","SBC",4,187,TRUE,1,1,1,1,TRUE,1,"estimated at r = 1",-0.0926906299255352,-2.79284859344866,0.00584239930440938,"***",-0.158219642001695,-0.0271616178493756,0.0513829425106477,3.31243189724638,0.00113650097425954,"***",0.0207550445044204,0.0820108405168749,-0.686350585095747,-1.43193870695794,"constant",7.4196562271395,0.00645151406530842,10.3301898195774,0.00130871746065364,17.4735498086319,0.13263531781832,12,16.4816724690518,0.170156814517965,7.1258804001188,NA,NA,NA,NA,NA
"B_common_whseconstr","Truckload","Warehouse_Construction","none","","","trend","AIC",10,187,TRUE,0,0,0,0,TRUE,NA,"r = 0: no cointegration",NA,NA,NA,"",NA,NA,NA,NA,NA,"",NA,NA,NA,NA,NA,NA,NA,NA,NA,NA,NA,NA,NA,NA,NA,NA,NA,NA,NA,NA
"B_common_whseconstr","Truckload","Warehouse_Construction","none","","","trend","SBC",4,187,TRUE,1,1,1,1,TRUE,1,"estimated at r = 1",-0.0939302395337714,-2.43642974148435,0.0159028744846037,"**",-0.170053307037087,-0.0178071720304553,0.0629237214464097,3.572343235736,0.000464690102726992,"***",0.0281440109206306,0.0977034319721889,-0.86159955163783,0.000684070889321383,"trend.l4",4.57158113171796,0.0325065497540814,9.57778180399143,0.00196946212164972,17.4818088227429,0.132354285662111,12,16.4542676327191,0.171304155081672,7.02711237941794,NA,NA,NA,NA,NA
"B_common_whseconstr","Truckload","Warehouse_Construction","orig","pandemic","crisis","none","AIC",10,187,FALSE,0,0,0,0,TRUE,NA,"r = 0: no cointegration",NA,NA,NA,"",NA,NA,NA,NA,NA,"",NA,NA,NA,NA,NA,NA,NA,NA,NA,NA,NA,NA,NA,NA,NA,NA,NA,NA,NA,NA
"B_common_whseconstr","Truckload","Warehouse_Construction","orig","crisis;pandemic","","none","SBC",4,187,FALSE,1,1,1,1,TRUE,1,"estimated at r = 1",-0.122424695079308,-3.5587190190249,0.000489174088950459,"***",-0.190357559873521,-0.0544918302850941,0.0361998940730003,2.23463383337452,0.0268092447909558,"**",0.00421053581345315,0.0681892523325474,-0.661135831970905,NA,NA,12.256781161175,0.00046357045405665,4.95576972055482,0.0260037462877016,16.5874135635984,0.165787459165024,12,18.3855450235204,0.104475665332708,5.30771008140248,"pandemic",0.00914853694762203,0.0368173564066685,-0.00556223627623966,0.63507345876949
"B_common_whseconstr","Truckload","Warehouse_Construction","orig","pandemic","crisis","const","AIC",10,187,FALSE,0,0,0,0,TRUE,NA,"r = 0: no cointegration",NA,NA,NA,"",NA,NA,NA,NA,NA,"",NA,NA,NA,NA,NA,NA,NA,NA,NA,NA,NA,NA,NA,NA,NA,NA,NA,NA,NA,NA
"B_common_whseconstr","Truckload","Warehouse_Construction","orig","crisis;pandemic","","const","SBC",4,187,FALSE,1,1,1,1,TRUE,1,"estimated at r = 1",-0.117960412088561,-3.48467702679555,0.000633016056703249,"***",-0.184803775825948,-0.0511170483511742,0.0395932988953807,2.48338395054395,0.0140257029506671,"**",0.00811129515327946,0.071075302637482,-0.665071157880569,-1.54208990485395,"constant",11.1440647521976,0.000843009643881731,5.77512226715996,0.0162545893035735,16.7273241128953,0.160145533888959,12,18.2578944616023,0.108081390430137,5.52227811533302,"pandemic",0.00955483719657989,0.026720500721341,-0.00402176734942651,0.726383237145537
"B_common_whseconstr","Truckload","Warehouse_Construction","orig","pandemic","crisis","trend","AIC",10,187,FALSE,0,0,0,0,TRUE,NA,"r = 0: no cointegration",NA,NA,NA,"",NA,NA,NA,NA,NA,"",NA,NA,NA,NA,NA,NA,NA,NA,NA,NA,NA,NA,NA,NA,NA,NA,NA,NA,NA,NA
"B_common_whseconstr","Truckload","Warehouse_Construction","orig","crisis;pandemic","","trend","SBC",4,187,FALSE,1,1,1,1,TRUE,1,"estimated at r = 1",-0.130713099972267,-3.24698785262211,0.00141760788638096,"***",-0.210208692089688,-0.0512175078548454,0.0560030707159096,3.00824029738617,0.00304755996228352,"***",0.0192406658312321,0.092765475600587,-0.872837447983016,0.000832593198406997,"trend.l4",8.98885064239673,0.00271631793577221,7.7569793008803,0.00535053722088696,17.2194172329471,0.141528317998358,12,17.5726052611805,0.129297317067295,4.94815101670488,"pandemic",0.0112770453376435,0.0158125849207246,-0.00964651232662672,0.419301726677779
"B_common_whseconstr","Truckload","Warehouse_Construction","za_step","pan_step","crisis","none","AIC",9,187,FALSE,0,0,0,0,TRUE,NA,"r = 0: no cointegration",NA,NA,NA,"",NA,NA,NA,NA,NA,"",NA,NA,NA,NA,NA,NA,NA,NA,NA,NA,NA,NA,NA,NA,NA,NA,NA,NA,NA,NA
"B_common_whseconstr","Truckload","Warehouse_Construction","za_step","crisis;pan_step","","none","SBC",4,187,FALSE,1,1,1,1,TRUE,1,"estimated at r = 1",-0.0963253287453546,-2.50988022132356,0.0130588544603784,"**",-0.172111872518125,-0.0205387849725837,0.0456661899493194,2.56549043269415,0.0112098788191714,"**",0.010515894697111,0.0808164852015279,-0.738256097823036,NA,NA,4.49721267049113,0.0339501502592071,4.69334276448505,0.0302796858788439,17.195580682167,0.142387154128735,12,16.9325593327122,0.152151863316331,6.84347428715418,"pan_step",-0.00285435450165225,0.474895324001812,-0.00339971839406026,0.775304785271107
"B_common_whseconstr","Truckload","Warehouse_Construction","za_step","pan_step","crisis","const","AIC",9,187,FALSE,0,0,0,0,TRUE,NA,"r = 0: no cointegration",NA,NA,NA,"",NA,NA,NA,NA,NA,"",NA,NA,NA,NA,NA,NA,NA,NA,NA,NA,NA,NA,NA,NA,NA,NA,NA,NA,NA,NA
"B_common_whseconstr","Truckload","Warehouse_Construction","za_step","crisis;pan_step","","const","SBC",4,187,FALSE,2,1,1,1,TRUE,1,"estimated at r = 1",-0.0861434961569446,-2.29678884772414,0.0229034097561999,"**",-0.160203882080611,-0.012083110233278,0.0488570218342525,2.81763659308014,0.00543665715580104,"***",0.0146175892339172,0.0830964544345878,-0.758029758807579,-1.07859215613137,"constant",3.25254532828828,0.0713126366594136,4.83956414585426,0.0278139240185465,17.2093043654496,0.141892163240876,12,17.1570645639874,0.143783978758221,7.69464878338867,"pan_step",-0.00268077805156872,0.477171014577857,-0.000963988079531123,0.934510159231502
"B_common_whseconstr","Truckload","Warehouse_Construction","za_step","pan_step","crisis","trend","AIC",9,187,FALSE,1,1,1,1,TRUE,1,"estimated at r = 1",0.0263740163397955,2.47308461038284,0.0145265110030261,"**",0.00529981341232747,0.0474482192672634,0.0290645285544971,6.31829956713257,2.93443539184253e-09,"***",0.0199742554465877,0.0381548016624064,-5.14225051632123,0.0105157895337725,"trend.l9",5.96988087821573,0.0145522638354333,34.5779009221832,4.09529277156651e-09,6.052098132994,0.91343305218573,12,31.112934067473,0.00189337971092129,NA,"pan_step",0.024050223804317,0.0325814890910552,NA,NA
"B_common_whseconstr","Truckload","Warehouse_Construction","za_step","crisis;pan_step","","trend","SBC",4,187,FALSE,2,2,1,2,TRUE,NA,"r = 2: full rank",NA,NA,NA,"",NA,NA,NA,NA,NA,"",NA,NA,NA,NA,NA,NA,NA,NA,NA,NA,NA,NA,NA,NA,NA,NA,NA,NA,NA,NA
"B_common_whseconstr","Truckload","Warehouse_Construction","za_window","pan_win","crisis","none","AIC",10,187,FALSE,0,0,0,0,TRUE,NA,"r = 0: no cointegration",NA,NA,NA,"",NA,NA,NA,NA,NA,"",NA,NA,NA,NA,NA,NA,NA,NA,NA,NA,NA,NA,NA,NA,NA,NA,NA,NA,NA,NA
"B_common_whseconstr","Truckload","Warehouse_Construction","za_window","crisis;pan_win","","none","SBC",4,187,FALSE,1,1,0,1,TRUE,1,"estimated at r = 1",-0.148808652037179,-4.04833739105668,7.97468179830445e-05,"***",-0.221395189638769,-0.0762221144355892,-0.00178236818989811,-0.106775581462873,0.915099132487568,"",-0.0347456220790285,0.0311808856992323,-0.625540388491784,NA,NA,14.6285697840442,0.000130914770280932,0.010769241687024,0.917347940615395,19.4907440311806,0.0773536819066952,12,26.2489446884413,0.00989593481245199,4.30210021557618,"pan_win",0.024939903640602,0.0119447197569111,-0.0116610282682419,0.328628216557331
"B_common_whseconstr","Truckload","Warehouse_Construction","za_window","pan_win","crisis","const","AIC",10,187,FALSE,1,1,0,1,TRUE,1,"estimated at r = 1",0.00612149060160837,1.34928492054519,0.179334177629742,"",-0.00284487459369608,0.0150878557969128,0.00796265627096991,3.78317085915143,0.000225311710115346,"***",0.00380292843787772,0.0121223841040621,-1.12796112230149,1.14360250420145,"constant",1.52117101831552,0.217442369249565,11.3348877857893,0.000760644302610358,8.40476094838481,0.752754031490024,12,20.6318394710109,0.0560385652938066,NA,"pan_win",0.0107387783482936,0.30902178338818,NA,NA
"B_common_whseconstr","Truckload","Warehouse_Construction","za_window","crisis;pan_win","","const","SBC",4,187,FALSE,2,2,1,2,TRUE,NA,"r = 2: full rank",NA,NA,NA,"",NA,NA,NA,NA,NA,"",NA,NA,NA,NA,NA,NA,NA,NA,NA,NA,NA,NA,NA,NA,NA,NA,NA,NA,NA,NA
"B_common_whseconstr","Truckload","Warehouse_Construction","za_window","pan_win","crisis","trend","AIC",10,187,FALSE,0,0,0,0,TRUE,NA,"r = 0: no cointegration",NA,NA,NA,"",NA,NA,NA,NA,NA,"",NA,NA,NA,NA,NA,NA,NA,NA,NA,NA,NA,NA,NA,NA,NA,NA,NA,NA,NA,NA
"B_common_whseconstr","Truckload","Warehouse_Construction","za_window","crisis;pan_win","","trend","SBC",4,187,FALSE,2,1,1,1,TRUE,1,"estimated at r = 1",-0.0978691234013481,-4.09632074718755,6.61562360679784e-05,"***",-0.145048950095304,-0.050689296707392,-0.0167671522578906,-1.55510867330456,0.121871625882188,"",-0.0380585004556251,0.00452419593984387,-0.211197812405922,-0.00139025802691496,"trend.l4",6.68278834885853,0.00973482272365445,1.03128098984513,0.30985798980772,18.2928836500224,0.107082641566352,12,30.6667178738253,0.00221401690803469,6.72986696844358,"pan_win",0.0229673611749848,0.0168461905972837,-0.00624029807467041,0.595732820129997
"B_common_whseconstr","Truckload","Warehouse_Construction","za_series","brk_mode;brk_IC","crisis","none","AIC",9,187,FALSE,0,0,0,0,TRUE,NA,"r = 0: no cointegration",NA,NA,NA,"",NA,NA,NA,NA,NA,"",NA,NA,NA,NA,NA,NA,NA,NA,NA,NA,NA,NA,NA,NA,NA,NA,NA,NA,NA,NA
"B_common_whseconstr","Truckload","Warehouse_Construction","za_series","crisis;brk_mode;brk_IC","","none","SBC",4,187,FALSE,1,1,0,1,TRUE,1,"estimated at r = 1",-0.0944413661102111,-2.49123483402176,0.0137434984184225,"**",-0.169305273536174,-0.0195774586842487,0.046256591157871,2.62819148563036,0.00941465746011962,"***",0.0114996523979434,0.0810135299177985,-0.764063614192275,NA,NA,4.88853413636573,0.0270356313440784,5.42601258336301,0.0198389277446085,17.6559449412582,0.126543550710205,12,17.7538979619544,0.123369913777536,6.98714180893131,"brk_mode",0.0130966842017259,0.377132770115256,-0.00329557802820085,0.782083931052502
"B_common_whseconstr","Truckload","Warehouse_Construction","za_series","brk_mode;brk_IC","crisis","const","AIC",9,187,FALSE,0,0,0,0,TRUE,NA,"r = 0: no cointegration",NA,NA,NA,"",NA,NA,NA,NA,NA,"",NA,NA,NA,NA,NA,NA,NA,NA,NA,NA,NA,NA,NA,NA,NA,NA,NA,NA,NA,NA
"B_common_whseconstr","Truckload","Warehouse_Construction","za_series","crisis;brk_mode;brk_IC","","const","SBC",4,187,FALSE,1,1,1,1,TRUE,1,"estimated at r = 1",-0.0851301752029014,-2.2967074488754,0.0229160933651632,"**",-0.158325348978274,-0.0119350014275291,0.049079058686725,2.85974245031494,0.00479835837104007,"***",0.0151888767452419,0.0829692406282081,-0.781528955256235,-0.962074172010054,"constant",3.62481412079361,0.0569239305732074,5.55307686099767,0.0184482298338864,17.8813681758715,0.119340357664663,12,17.9149448761259,0.118297599330047,7.79049092563547,"brk_mode",0.0133145472550837,0.368731393383462,-0.000898524544805878,0.938978532274293
"B_common_whseconstr","Truckload","Warehouse_Construction","za_series","brk_mode;brk_IC","crisis","trend","AIC",9,187,FALSE,1,1,1,1,TRUE,1,"estimated at r = 1",0.0442039996300454,2.49420188817079,0.0137311190564565,"**",0.00917980336525995,0.0792281958948309,0.0606513936702337,8.63235322393378,9.09649382954599e-15,"***",0.0467662685725124,0.0745365187679551,-4.14186531258949,0.00810177290100264,"trend.l9",6.6524302094128,0.00990206762578727,64.4906691543504,9.99200722162641e-16,5.19191434492348,0.95125960029982,12,28.5118012158674,0.00465290607362312,NA,"brk_mode",0.0113807287896986,0.433748221186697,NA,NA
"B_common_whseconstr","Truckload","Warehouse_Construction","za_series","crisis;brk_mode;brk_IC","","trend","SBC",4,187,FALSE,2,2,1,2,TRUE,NA,"r = 2: full rank",NA,NA,NA,"",NA,NA,NA,NA,NA,"",NA,NA,NA,NA,NA,NA,NA,NA,NA,NA,NA,NA,NA,NA,NA,NA,NA,NA,NA,NA
"B_common_whseconstr","Local","Warehouse_Construction","none","","","none","AIC",11,187,TRUE,0,0,0,0,TRUE,NA,"r = 0: no cointegration",NA,NA,NA,"",NA,NA,NA,NA,NA,"",NA,NA,NA,NA,NA,NA,NA,NA,NA,NA,NA,NA,NA,NA,NA,NA,NA,NA,NA,NA
"B_common_whseconstr","Local","Warehouse_Construction","none","","","none","SBC",4,187,TRUE,0,0,0,1,FALSE,NA,"r = 0: no cointegration",NA,NA,NA,"",NA,NA,NA,NA,NA,"",NA,NA,NA,NA,NA,NA,NA,NA,NA,NA,NA,NA,NA,NA,NA,NA,NA,NA,NA,NA
"B_common_whseconstr","Local","Warehouse_Construction","none","","","const","AIC",11,187,TRUE,0,0,0,0,TRUE,NA,"r = 0: no cointegration",NA,NA,NA,"",NA,NA,NA,NA,NA,"",NA,NA,NA,NA,NA,NA,NA,NA,NA,NA,NA,NA,NA,NA,NA,NA,NA,NA,NA,NA
"B_common_whseconstr","Local","Warehouse_Construction","none","","","const","SBC",4,187,TRUE,1,0,0,1,FALSE,NA,"r = 0: no cointegration",NA,NA,NA,"",NA,NA,NA,NA,NA,"",NA,NA,NA,NA,NA,NA,NA,NA,NA,NA,NA,NA,NA,NA,NA,NA,NA,NA,NA,NA
"B_common_whseconstr","Local","Warehouse_Construction","none","","","trend","AIC",11,187,TRUE,0,0,0,0,TRUE,NA,"r = 0: no cointegration",NA,NA,NA,"",NA,NA,NA,NA,NA,"",NA,NA,NA,NA,NA,NA,NA,NA,NA,NA,NA,NA,NA,NA,NA,NA,NA,NA,NA,NA
"B_common_whseconstr","Local","Warehouse_Construction","none","","","trend","SBC",4,187,TRUE,1,0,0,0,TRUE,NA,"r = 0: no cointegration",NA,NA,NA,"",NA,NA,NA,NA,NA,"",NA,NA,NA,NA,NA,NA,NA,NA,NA,NA,NA,NA,NA,NA,NA,NA,NA,NA,NA,NA
"B_common_whseconstr","Local","Warehouse_Construction","orig","pandemic","crisis","none","AIC",11,187,FALSE,0,0,0,0,TRUE,NA,"r = 0: no cointegration",NA,NA,NA,"",NA,NA,NA,NA,NA,"",NA,NA,NA,NA,NA,NA,NA,NA,NA,NA,NA,NA,NA,NA,NA,NA,NA,NA,NA,NA
"B_common_whseconstr","Local","Warehouse_Construction","orig","crisis;pandemic","","none","SBC",4,187,FALSE,1,0,0,0,TRUE,NA,"r = 0: no cointegration",NA,NA,NA,"",NA,NA,NA,NA,NA,"",NA,NA,NA,NA,NA,NA,NA,NA,NA,NA,NA,NA,NA,NA,NA,NA,NA,NA,NA,NA
"B_common_whseconstr","Local","Warehouse_Construction","orig","pandemic","crisis","const","AIC",11,187,FALSE,0,0,0,0,TRUE,NA,"r = 0: no cointegration",NA,NA,NA,"",NA,NA,NA,NA,NA,"",NA,NA,NA,NA,NA,NA,NA,NA,NA,NA,NA,NA,NA,NA,NA,NA,NA,NA,NA,NA
"B_common_whseconstr","Local","Warehouse_Construction","orig","crisis;pandemic","","const","SBC",4,187,FALSE,0,0,0,0,TRUE,NA,"r = 0: no cointegration",NA,NA,NA,"",NA,NA,NA,NA,NA,"",NA,NA,NA,NA,NA,NA,NA,NA,NA,NA,NA,NA,NA,NA,NA,NA,NA,NA,NA,NA
"B_common_whseconstr","Local","Warehouse_Construction","orig","pandemic","crisis","trend","AIC",11,187,FALSE,0,0,0,0,TRUE,NA,"r = 0: no cointegration",NA,NA,NA,"",NA,NA,NA,NA,NA,"",NA,NA,NA,NA,NA,NA,NA,NA,NA,NA,NA,NA,NA,NA,NA,NA,NA,NA,NA,NA
"B_common_whseconstr","Local","Warehouse_Construction","orig","crisis;pandemic","","trend","SBC",4,187,FALSE,0,0,0,0,TRUE,NA,"r = 0: no cointegration",NA,NA,NA,"",NA,NA,NA,NA,NA,"",NA,NA,NA,NA,NA,NA,NA,NA,NA,NA,NA,NA,NA,NA,NA,NA,NA,NA,NA,NA
"B_common_whseconstr","Local","Warehouse_Construction","za_step","pan_step","crisis","none","AIC",12,187,FALSE,0,0,0,0,TRUE,NA,"r = 0: no cointegration",NA,NA,NA,"",NA,NA,NA,NA,NA,"",NA,NA,NA,NA,NA,NA,NA,NA,NA,NA,NA,NA,NA,NA,NA,NA,NA,NA,NA,NA
"B_common_whseconstr","Local","Warehouse_Construction","za_step","crisis;pan_step","","none","SBC",4,187,FALSE,1,1,0,1,TRUE,1,"estimated at r = 1",-0.044526607828443,-1.83409164640664,0.0684751227232688,"*",-0.0924671758718838,0.00341396021499789,0.04794373552631,3.07140765675886,0.0024994794326307,"***",0.0171190251783953,0.0787684458742248,-0.800103347077721,NA,NA,3.41369556223446,0.0646574950629701,9.38527688228974,0.002187350144228,34.5051043665718,0.000561250245817213,12,23.7739921729641,0.0218291723738581,15.2178286839151,"pan_step",-0.00685271445808806,0.0643731532013872,0.00616244370801412,0.480832191719367
"B_common_whseconstr","Local","Warehouse_Construction","za_step","pan_step","crisis","const","AIC",12,187,FALSE,0,0,0,0,TRUE,NA,"r = 0: no cointegration",NA,NA,NA,"",NA,NA,NA,NA,NA,"",NA,NA,NA,NA,NA,NA,NA,NA,NA,NA,NA,NA,NA,NA,NA,NA,NA,NA,NA,NA
"B_common_whseconstr","Local","Warehouse_Construction","za_step","crisis;pan_step","","const","SBC",4,187,FALSE,1,1,0,1,TRUE,1,"estimated at r = 1",-0.0379753220162439,-1.62824944789871,0.105403313542968,"",-0.0840290798966309,0.00807843586414317,0.0494759245740657,3.30749596363384,0.00115822781643044,"***",0.0199380566875427,0.0790137924605888,-0.813507969137934,-0.862481658085377,"constant",2.45826326593693,0.116907981022385,9.85622518416687,0.00169258039985476,34.8045886477812,0.000503063107757051,12,24.5672772253459,0.017011890394683,17.9037590619149,"pan_step",-0.00554773455518968,0.114028068168648,0.00737728008342352,0.395204873873702
"B_common_whseconstr","Local","Warehouse_Construction","za_step","pan_step","crisis","trend","AIC",12,187,FALSE,1,1,1,1,TRUE,1,"estimated at r = 1",-0.00475313213960041,-0.521601747661109,0.602777764018558,"",-0.0227703014265462,0.0132640371473453,0.0409110993181743,7.13048151474493,4.99644925965183e-11,"***",0.0295670527640898,0.0522551458722588,-4.06799054016462,0.00794671554767457,"trend.l12",0.320832226070175,0.571107936325835,50.6042587269747,1.12998499446348e-12,7.07540957620731,0.852590167685994,12,30.5926214073135,0.00227209473054979,145.482713732474,"pan_step",-0.00517047434940877,0.520867291463455,NA,NA
"B_common_whseconstr","Local","Warehouse_Construction","za_step","crisis;pan_step","","trend","SBC",4,187,FALSE,1,1,1,1,TRUE,1,"estimated at r = 1",0.008228788688379,0.514152114297536,0.607846290652078,"",-0.0233757082496023,0.0398332856263603,0.0668437694039906,7.36455187717643,8.52500891625536e-12,"***",0.0489204186239133,0.0847671201840678,-2.30812633616408,0.00417800224768475,"trend.l4",0.261283345803698,0.609239846881915,45.389023852629,1.6153745008296e-11,35.1499420895364,0.00044323828237347,12,31.003683385907,0.00196746800627756,NA,"pan_step",0.0011240272248631,0.876626965170562,0.00315654222567399,0.715472583077531
"B_common_whseconstr","Local","Warehouse_Construction","za_window","pan_win","crisis","none","AIC",11,187,FALSE,0,0,0,0,TRUE,NA,"r = 0: no cointegration",NA,NA,NA,"",NA,NA,NA,NA,NA,"",NA,NA,NA,NA,NA,NA,NA,NA,NA,NA,NA,NA,NA,NA,NA,NA,NA,NA,NA,NA
"B_common_whseconstr","Local","Warehouse_Construction","za_window","crisis;pan_win","","none","SBC",4,187,FALSE,0,0,0,0,TRUE,NA,"r = 0: no cointegration",NA,NA,NA,"",NA,NA,NA,NA,NA,"",NA,NA,NA,NA,NA,NA,NA,NA,NA,NA,NA,NA,NA,NA,NA,NA,NA,NA,NA,NA
"B_common_whseconstr","Local","Warehouse_Construction","za_window","pan_win","crisis","const","AIC",11,187,FALSE,1,1,0,1,TRUE,1,"estimated at r = 1",-0.000105693499774057,-0.342443351219187,0.73252008102209,"",-0.000715790076715765,0.000504403077167651,-0.000801318041319668,-3.84504471251162,0.000180846506900524,"***",-0.00121326620805563,-0.000389369874583705,6.60346646726593,-41.864391578717,"constant",0.111611888136911,0.738316434059205,13.245419698983,0.000273246722774068,10.1180883760503,0.605601523222115,12,25.4073239141144,0.0130063524158932,6557.74054999149,"pan_win",-0.00468906612537027,0.539463506889577,NA,NA
"B_common_whseconstr","Local","Warehouse_Construction","za_window","crisis;pan_win","","const","SBC",4,187,FALSE,1,0,0,0,TRUE,NA,"r = 0: no cointegration",NA,NA,NA,"",NA,NA,NA,NA,NA,"",NA,NA,NA,NA,NA,NA,NA,NA,NA,NA,NA,NA,NA,NA,NA,NA,NA,NA,NA,NA
"B_common_whseconstr","Local","Warehouse_Construction","za_window","pan_win","crisis","trend","AIC",11,187,FALSE,0,0,0,0,TRUE,NA,"r = 0: no cointegration",NA,NA,NA,"",NA,NA,NA,NA,NA,"",NA,NA,NA,NA,NA,NA,NA,NA,NA,NA,NA,NA,NA,NA,NA,NA,NA,NA,NA,NA
"B_common_whseconstr","Local","Warehouse_Construction","za_window","crisis;pan_win","","trend","SBC",4,187,FALSE,1,0,0,0,TRUE,NA,"r = 0: no cointegration",NA,NA,NA,"",NA,NA,NA,NA,NA,"",NA,NA,NA,NA,NA,NA,NA,NA,NA,NA,NA,NA,NA,NA,NA,NA,NA,NA,NA,NA
"B_common_whseconstr","Local","Warehouse_Construction","za_series","brk_mode;brk_IC","crisis","none","AIC",12,187,FALSE,2,2,1,0,FALSE,NA,"r = 2: full rank",NA,NA,NA,"",NA,NA,NA,NA,NA,"",NA,NA,NA,NA,NA,NA,NA,NA,NA,NA,NA,NA,NA,NA,NA,NA,NA,NA,NA,NA
"B_common_whseconstr","Local","Warehouse_Construction","za_series","crisis;brk_mode;brk_IC","","none","SBC",4,187,FALSE,2,2,2,2,TRUE,NA,"r = 2: full rank",NA,NA,NA,"",NA,NA,NA,NA,NA,"",NA,NA,NA,NA,NA,NA,NA,NA,NA,NA,NA,NA,NA,NA,NA,NA,NA,NA,NA,NA
"B_common_whseconstr","Local","Warehouse_Construction","za_series","brk_mode;brk_IC","crisis","const","AIC",12,187,FALSE,2,2,1,0,FALSE,NA,"r = 2: full rank",NA,NA,NA,"",NA,NA,NA,NA,NA,"",NA,NA,NA,NA,NA,NA,NA,NA,NA,NA,NA,NA,NA,NA,NA,NA,NA,NA,NA,NA
"B_common_whseconstr","Local","Warehouse_Construction","za_series","crisis;brk_mode;brk_IC","","const","SBC",4,187,FALSE,2,2,1,2,TRUE,NA,"r = 2: full rank",NA,NA,NA,"",NA,NA,NA,NA,NA,"",NA,NA,NA,NA,NA,NA,NA,NA,NA,NA,NA,NA,NA,NA,NA,NA,NA,NA,NA,NA
"B_common_whseconstr","Local","Warehouse_Construction","za_series","brk_mode;brk_IC","crisis","trend","AIC",12,187,FALSE,2,2,1,2,TRUE,NA,"r = 2: full rank",NA,NA,NA,"",NA,NA,NA,NA,NA,"",NA,NA,NA,NA,NA,NA,NA,NA,NA,NA,NA,NA,NA,NA,NA,NA,NA,NA,NA,NA
"B_common_whseconstr","Local","Warehouse_Construction","za_series","crisis;brk_mode;brk_IC","","trend","SBC",4,187,FALSE,2,2,2,2,TRUE,NA,"r = 2: full rank",NA,NA,NA,"",NA,NA,NA,NA,NA,"",NA,NA,NA,NA,NA,NA,NA,NA,NA,NA,NA,NA,NA,NA,NA,NA,NA,NA,NA,NA
"B_common_whseconstr","Airfreight","Warehouse_Construction","none","","","none","AIC",7,187,TRUE,1,1,1,1,TRUE,1,"estimated at r = 1",-0.149585060566666,-5.78940629054544,3.80313714535614e-08,"***",-0.200624560786929,-0.0985455603464019,0.00922445450013217,0.609878412449677,0.542835406363648,"",-0.0206534167912509,0.0391023257915152,-0.144369921758776,NA,NA,35.1844870645828,2.9990303573868e-09,0.430837304966609,0.511578381243988,10.0885297403797,0.608194119510361,12,13.577768445295,0.328479368282909,4.27787074292333,NA,NA,NA,NA,NA
"B_common_whseconstr","Airfreight","Warehouse_Construction","none","","","none","SBC",5,187,TRUE,1,1,1,1,TRUE,1,"estimated at r = 1",-0.114331561511239,-5.07385509308068,1.06400633106828e-06,"***",-0.15883084039741,-0.0698322826250691,0.0104620432386557,0.803904411019546,0.422637547449297,"",-0.0152381859935134,0.0361622724708248,-0.152809870154362,NA,NA,26.9511234533072,2.08665826839649e-07,0.727946930540561,0.393549478729872,14.8933369144,0.247321473662764,12,22.1927629874371,0.0354153407167124,5.70902079953927,NA,NA,NA,NA,NA
"B_common_whseconstr","Airfreight","Warehouse_Construction","none","","","const","AIC",7,187,TRUE,1,1,1,1,TRUE,1,"estimated at r = 1",-0.150261084089338,-5.87810949966473,2.43471275760198e-08,"***",-0.200755012845271,-0.0997671553334044,0.00704018405894745,0.46838532448288,0.640162852629577,"",-0.0226498743111032,0.0367302424289981,-0.144118187854782,-4.30895950071709,"constant",34.3507943163487,4.60212501440793e-09,0.242358499259725,0.622507847794986,10.1014853729089,0.607057729373047,12,13.0391548284636,0.366201177569608,4.25697743777806,NA,NA,NA,NA,NA
"B_common_whseconstr","Airfreight","Warehouse_Construction","none","","","const","SBC",5,187,TRUE,1,1,1,1,TRUE,1,"estimated at r = 1",-0.115600483446949,-5.21697981138393,5.49525956670943e-07,"***",-0.159357236928147,-0.0718437299657516,0.00711360153238368,0.551781521980992,0.581858397482272,"",-0.0183445565993662,0.0325717596641335,-0.152203041743866,-4.27047737250471,"constant",25.5082462806249,4.40496172093852e-07,0.310668847196213,0.577270043746907,15.2889041009827,0.226016074795829,12,23.4685026227824,0.0240018026201113,5.6423901097729,NA,NA,NA,NA,NA
"B_common_whseconstr","Airfreight","Warehouse_Construction","none","","","trend","AIC",7,187,TRUE,1,1,1,1,TRUE,1,"estimated at r = 1",-0.143453798406625,-5.7183765407496,5.37692162772383e-08,"***",-0.193009259690794,-0.093898337122455,0.0173207859630252,1.18595912103155,0.237453255930036,"",-0.0115294982367873,0.0461710701628377,-0.260920372160449,0.000521424671271414,"trend.l7",26.8683847226337,2.17792628265379e-07,1.29298438443847,0.255498694229013,11.4276198155779,0.492669957793166,12,13.9381513143693,0.304675265099788,4.47633528214716,NA,NA,NA,NA,NA
"B_common_whseconstr","Airfreight","Warehouse_Construction","none","","","trend","SBC",5,187,TRUE,1,1,1,1,TRUE,1,"estimated at r = 1",-0.106896716618273,-5.01546304299506,1.38490993157082e-06,"***",-0.148986649122969,-0.0648067841135762,0.0158972625648554,1.29765906846516,0.196260672903139,"",-0.00829556551510489,0.0400900906448157,-0.298183705835922,0.000649115404774891,"trend.l5",22.1469651005009,2.52554902557822e-06,1.60435295848698,0.205287422328224,15.1954285528296,0.230922635671682,12,22.0773777763573,0.0366616896514301,6.13116767417809,NA,NA,NA,NA,NA
"B_common_whseconstr","Airfreight","Warehouse_Construction","orig","pandemic","crisis","none","AIC",7,187,FALSE,1,1,1,1,TRUE,1,"estimated at r = 1",-0.150612158703946,-5.80525416846676,3.55342543480295e-08,"***",-0.201864440225173,-0.099359877182718,0.0055587295982177,0.371409763646762,0.710842839420839,"",-0.0240075473687948,0.0351250065652302,-0.14187897893102,NA,NA,34.9582591217181,3.36849537152517e-09,0.158442486608172,0.690594548095127,10.0680654210357,0.609989254392832,12,16.1867765476399,0.182830357055615,4.2462008796979,"pandemic",0.00200717601391484,0.567003831881601,NA,NA
"B_common_whseconstr","Airfreight","Warehouse_Construction","orig","crisis;pandemic","","none","SBC",5,187,FALSE,1,1,1,1,TRUE,1,"estimated at r = 1",-0.128357717218228,-5.18298286866132,6.54672743800143e-07,"***",-0.177268935296584,-0.0794464991398716,0.00844379412446376,0.597177334212749,0.551238442099238,"",-0.0194816820478503,0.0363692702967778,-0.160690938298997,NA,NA,27.6724208967927,1.43696837429097e-07,0.397918656939472,0.5281661112803,14.7554938097321,0.255080944168464,12,23.3477174101482,0.0249148578255282,5.04561456136356,"pandemic",0.0021807524796425,0.538972242286883,-0.0158206808597906,0.223115418545195
"B_common_whseconstr","Airfreight","Warehouse_Construction","orig","pandemic","crisis","const","AIC",7,187,FALSE,1,1,1,1,TRUE,1,"estimated at r = 1",-0.150888629637872,-5.8973290665814,2.23635858139322e-08,"***",-0.201430740116027,-0.100346519159717,0.00398858056232147,0.269755470679703,0.787707180624105,"",-0.0252193190740926,0.0331964801987355,-0.141212729069443,-4.32356681120131,"constant",35.1416353775527,3.06575431707756e-09,0.0817631114130565,0.774922164332244,10.0700441548956,0.609815673381041,12,15.9204232857596,0.194908071916279,4.23774956075258,"pandemic",0.00210111388361725,0.539430251739541,NA,NA
"B_common_whseconstr","Airfreight","Warehouse_Construction","orig","crisis;pandemic","","const","SBC",5,187,FALSE,1,1,1,1,TRUE,1,"estimated at r = 1",-0.128949403617572,-5.30523102439913,3.69604472055195e-07,"***",-0.176951531554,-0.0809472756811438,0.00602583566893303,0.432843608705419,0.665711282849867,"",-0.0214677717762063,0.0335194431140723,-0.159235126089585,-4.23638181596008,"constant",27.5936992977348,1.49665498216933e-07,0.200290901772047,0.654486140894446,14.9274295780705,0.245429150697951,12,23.7160353104227,0.0222267721267039,5.02079683449076,"pandemic",0.00237714024784183,0.490725831767387,-0.0155951105158897,0.227149011359221
"B_common_whseconstr","Airfreight","Warehouse_Construction","orig","pandemic","crisis","trend","AIC",7,187,FALSE,1,1,1,1,TRUE,1,"estimated at r = 1",-0.147097516102754,-5.83268256894833,3.10636325973931e-08,"***",-0.19691839749341,-0.0972766347120975,0.0110469997952961,0.759753848586418,0.448563214769385,"",-0.0176770615773819,0.039771061167974,-0.261806562824267,0.000563130106460857,"trend.l7",31.4893880931897,2.00533205596543e-08,0.597197893590874,0.439649158236202,12.1434601926681,0.434228076073499,12,16.4518082339594,0.171407423240567,4.35640074125313,"pandemic",0.0042236293274309,0.236847206870428,NA,NA
"B_common_whseconstr","Airfreight","Warehouse_Construction","orig","crisis;pandemic","","trend","SBC",5,187,FALSE,1,1,1,1,TRUE,1,"estimated at r = 1",-0.124421141915041,-5.26176926193694,4.55313903649332e-07,"***",-0.171122407561181,-0.0777198762689014,0.0128058804380049,0.948054307021793,0.344540489417426,"",-0.0138714577470442,0.039483218623054,-0.319095832311863,0.000732400235906449,"trend.l5",26.8598038858886,2.18761776027421e-07,0.948968093231708,0.329982099442623,15.9928770834582,0.191562522597073,12,23.2725227165833,0.0254994159034898,5.21672967136692,"pandemic",0.00448844442643962,0.216285052238446,-0.0188316960736775,0.152708103452391
"B_common_whseconstr","Airfreight","Warehouse_Construction","za_step","pan_step","crisis","none","AIC",7,187,FALSE,1,1,1,1,TRUE,1,"estimated at r = 1",-0.147116360207951,-5.84595426236261,2.91030728376533e-08,"***",-0.196830504335423,-0.097402216080478,-0.000637881980617356,-0.0430929384599102,0.965683271214732,"",-0.0298799870750462,0.0286042231138115,-0.0296011352220429,NA,NA,31.493178087409,2.00142177275708e-08,0.00191830579853993,0.965065048278511,10.1277089140997,0.604757794193583,12,13.983398068689,0.301769704807605,4.35579588688522,"pan_step",0.00922403649187773,0.0206864217803224,NA,NA
"B_common_whseconstr","Airfreight","Warehouse_Construction","za_step","crisis;pan_step","","none","SBC",5,187,FALSE,1,1,1,1,TRUE,1,"estimated at r = 1",-0.125446006610347,-5.18256145031468,6.55939389964565e-07,"***",-0.173251592774153,-0.0776404204465406,0.00251152515382921,0.178267838536539,0.858739564367457,"",-0.0253131947048023,0.0303362450124607,-0.0545038093613484,NA,NA,23.0112041561908,1.61060007286551e-06,0.0298927463953178,0.862733813291361,14.8290810959375,0.250916911003249,12,22.6906370135326,0.0304701412506145,5.17114850412941,"pan_step",0.00774082134141046,0.0482620989536022,-0.0170192616753189,0.192145245911997
"B_common_whseconstr","Airfreight","Warehouse_Construction","za_step","pan_step","crisis","const","AIC",7,187,FALSE,1,1,1,1,TRUE,1,"estimated at r = 1",-0.146606297386415,-6.00261279757405,1.32493412790071e-08,"***",-0.194852653257613,-0.0983599415152176,-0.00327293175091929,-0.227363758777546,0.820440516205579,"",-0.0317088940007927,0.0251630304989542,-0.0226027025816504,-4.91288318818164,"constant",32.3071012818673,1.3163139356287e-08,0.0522828664557597,0.81913748526849,10.1269992007864,0.604820034927768,12,13.7714557076822,0.315540248461185,4.3722225128858,"pan_step",0.0096750408663272,0.0101411823972543,NA,NA
"B_common_whseconstr","Airfreight","Warehouse_Construction","za_step","crisis;pan_step","","const","SBC",5,187,FALSE,1,1,1,1,TRUE,1,"estimated at r = 1",-0.124453431188654,-5.39732771548354,2.40049127501313e-07,"***",-0.16999138781427,-0.0789154745630383,-0.00184738280033204,-0.137147194927835,0.891086877229566,"",-0.0284494520312347,0.0247546864305707,-0.0370513315594408,-4.84420057831823,"constant",23.7161579293565,1.1164128652652e-06,0.0169700830207175,0.896353390894939,14.891559791574,0.247420404723976,12,23.3539999984052,0.0248665833940099,5.2152821609496,"pan_step",0.00873309217464761,0.0182877410686344,-0.0169455329095156,0.192231012012943
"B_common_whseconstr","Airfreight","Warehouse_Construction","za_step","pan_step","crisis","trend","AIC",7,187,FALSE,2,2,2,2,TRUE,NA,"r = 2: full rank",NA,NA,NA,"",NA,NA,NA,NA,NA,"",NA,NA,NA,NA,NA,NA,NA,NA,NA,NA,NA,NA,NA,NA,NA,NA,NA,NA,NA,NA
"B_common_whseconstr","Airfreight","Warehouse_Construction","za_step","crisis;pan_step","","trend","SBC",5,187,FALSE,2,2,2,2,TRUE,NA,"r = 2: full rank",NA,NA,NA,"",NA,NA,NA,NA,NA,"",NA,NA,NA,NA,NA,NA,NA,NA,NA,NA,NA,NA,NA,NA,NA,NA,NA,NA,NA,NA
"B_common_whseconstr","Airfreight","Warehouse_Construction","za_window","pan_win","crisis","none","AIC",7,187,FALSE,1,1,1,1,TRUE,1,"estimated at r = 1",-0.152272683204064,-5.72651804948586,5.21639759840976e-08,"***",-0.204802486596884,-0.0997428798112436,0.00467928865963326,0.318395945931832,0.750615997717285,"",-0.0243533638795921,0.0337119411988586,-0.159163885400232,NA,NA,31.3896092631863,2.11107669123578e-08,0.107970873568734,0.742466199441256,10.0687219228437,0.609931663774755,12,24.4293119568403,0.0177711285480859,4.19590128945881,"pan_win",-0.00148776806692077,0.857041138127443,NA,NA
"B_common_whseconstr","Airfreight","Warehouse_Construction","za_window","crisis;pan_win","","none","SBC",4,187,FALSE,1,1,1,1,TRUE,1,"estimated at r = 1",-0.130672287397205,-4.85579552655236,2.80434202710732e-06,"***",-0.183813039987592,-0.0775315348068171,0.00160793582295652,0.111882649153331,0.911054961137049,"",-0.026771945028748,0.029987816674661,-0.206591863277025,NA,NA,19.7641039149709,8.761276047764e-06,0.0113928939936724,0.914997231509315,29.565881532355,0.00324445008394492,12,31.1364825690723,0.0018777667570723,4.94980994141436,"pan_win",-0.0037068575284333,0.6073243307101,-0.0175560225109293,0.133717041871649
"B_common_whseconstr","Airfreight","Warehouse_Construction","za_window","pan_win","crisis","const","AIC",7,187,FALSE,2,2,1,2,TRUE,NA,"r = 2: full rank",NA,NA,NA,"",NA,NA,NA,NA,NA,"",NA,NA,NA,NA,NA,NA,NA,NA,NA,NA,NA,NA,NA,NA,NA,NA,NA,NA,NA,NA
"B_common_whseconstr","Airfreight","Warehouse_Construction","za_window","crisis;pan_win","","const","SBC",4,187,FALSE,2,2,1,2,TRUE,NA,"r = 2: full rank",NA,NA,NA,"",NA,NA,NA,NA,NA,"",NA,NA,NA,NA,NA,NA,NA,NA,NA,NA,NA,NA,NA,NA,NA,NA,NA,NA,NA,NA
"B_common_whseconstr","Airfreight","Warehouse_Construction","za_window","pan_win","crisis","trend","AIC",7,187,FALSE,2,2,1,2,TRUE,NA,"r = 2: full rank",NA,NA,NA,"",NA,NA,NA,NA,NA,"",NA,NA,NA,NA,NA,NA,NA,NA,NA,NA,NA,NA,NA,NA,NA,NA,NA,NA,NA,NA
"B_common_whseconstr","Airfreight","Warehouse_Construction","za_window","crisis;pan_win","","trend","SBC",4,187,FALSE,2,2,1,2,TRUE,NA,"r = 2: full rank",NA,NA,NA,"",NA,NA,NA,NA,NA,"",NA,NA,NA,NA,NA,NA,NA,NA,NA,NA,NA,NA,NA,NA,NA,NA,NA,NA,NA,NA
"B_common_whseconstr","Airfreight","Warehouse_Construction","za_series","brk_mode;brk_IC","crisis","none","AIC",7,187,FALSE,1,1,1,1,TRUE,1,"estimated at r = 1",-0.142981652531237,-6.09705028328023,8.43934917151528e-09,"***",-0.189311132335394,-0.096652172727081,6.52344351415871e-05,0.00467458996655414,0.996276319884984,"",-0.0275043533132269,0.02763482218351,0.04925604419523,NA,NA,36.5147325447127,1.51516710289457e-09,2.4147193144049e-05,0.996079227516358,11.2905531494261,0.504196032044508,12,13.1327278166102,0.359467758504531,4.49232253393287,"brk_mode",0.021821321585347,0.194862185317988,NA,NA
"B_common_whseconstr","Airfreight","Warehouse_Construction","za_series","crisis;brk_mode;brk_IC","","none","SBC",4,187,FALSE,1,1,1,1,TRUE,1,"estimated at r = 1",-0.126967081814311,-5.1832331081227,6.45908182539905e-07,"***",-0.175341448801604,-0.0785927148270188,0.00357701981832955,0.254498543726206,0.799435197639211,"",-0.0241792399156875,0.0313332795523466,-0.0495871266185189,NA,NA,22.3423989619801,2.28114137101887e-06,0.0591527309688521,0.807840129732222,27.7064305951238,0.0061056739649602,12,25.3009008534493,0.0134596237197172,5.104852590017,"brk_mode",0.0236439380701492,0.179758988709043,-0.0207279526629585,0.070286956167096
"B_common_whseconstr","Airfreight","Warehouse_Construction","za_series","brk_mode;brk_IC","crisis","const","AIC",7,187,FALSE,1,1,1,1,TRUE,1,"estimated at r = 1",-0.142633237838595,-6.2269067261241,4.32106756530739e-09,"***",-0.187883676049804,-0.0973827996273855,-0.00219751990562615,-0.160819243360447,0.872446538456847,"",-0.0291916422543226,0.0247966024430703,0.0543586981904341,-5.29451314540377,"constant",36.8943521785089,1.2470666721498e-09,0.027850437891133,0.867460925665242,11.2915616947994,0.504110881910772,12,12.8317448764663,0.381387952877091,4.50418786995617,"brk_mode",0.0219999211988725,0.189137159619322,NA,NA
"B_common_whseconstr","Airfreight","Warehouse_Construction","za_series","crisis;brk_mode;brk_IC","","const","SBC",4,187,FALSE,2,1,1,1,TRUE,1,"estimated at r = 1",-0.125711046872228,-5.29181750949088,3.88306066160179e-07,"***",-0.172621883891525,-0.0788002098529298,-0.00029852618910863,-0.0217787433276052,0.982651252267125,"",-0.0273664046831476,0.0267693523049304,-0.032868545868067,-4.86043354360221,"constant",21.2414797806479,4.04906226791901e-06,0.000398404988612709,0.984075213864078,27.652326396918,0.00621740036421525,12,25.714963095402,0.0117755294589436,5.15948151881295,"brk_mode",0.0241540295795816,0.168945333707488,-0.0206260562120669,0.0698738274507386
"B_common_whseconstr","Airfreight","Warehouse_Construction","za_series","brk_mode;brk_IC","crisis","trend","AIC",7,187,FALSE,2,2,2,2,TRUE,NA,"r = 2: full rank",NA,NA,NA,"",NA,NA,NA,NA,NA,"",NA,NA,NA,NA,NA,NA,NA,NA,NA,NA,NA,NA,NA,NA,NA,NA,NA,NA,NA,NA
"B_common_whseconstr","Airfreight","Warehouse_Construction","za_series","crisis;brk_mode;brk_IC","","trend","SBC",4,187,FALSE,2,2,2,2,TRUE,NA,"r = 2: full rank",NA,NA,NA,"",NA,NA,NA,NA,NA,"",NA,NA,NA,NA,NA,NA,NA,NA,NA,NA,NA,NA,NA,NA,NA,NA,NA,NA,NA,NA
"B_common_whseconstr","SeaFreight","Warehouse_Construction","none","","","none","AIC",9,187,TRUE,0,0,0,0,TRUE,NA,"r = 0: no cointegration",NA,NA,NA,"",NA,NA,NA,NA,NA,"",NA,NA,NA,NA,NA,NA,NA,NA,NA,NA,NA,NA,NA,NA,NA,NA,NA,NA,NA,NA
"B_common_whseconstr","SeaFreight","Warehouse_Construction","none","","","none","SBC",4,187,TRUE,0,0,0,0,TRUE,NA,"r = 0: no cointegration",NA,NA,NA,"",NA,NA,NA,NA,NA,"",NA,NA,NA,NA,NA,NA,NA,NA,NA,NA,NA,NA,NA,NA,NA,NA,NA,NA,NA,NA
"B_common_whseconstr","SeaFreight","Warehouse_Construction","none","","","const","AIC",9,187,TRUE,0,0,0,0,TRUE,NA,"r = 0: no cointegration",NA,NA,NA,"",NA,NA,NA,NA,NA,"",NA,NA,NA,NA,NA,NA,NA,NA,NA,NA,NA,NA,NA,NA,NA,NA,NA,NA,NA,NA
"B_common_whseconstr","SeaFreight","Warehouse_Construction","none","","","const","SBC",4,187,TRUE,1,0,0,0,TRUE,NA,"r = 0: no cointegration",NA,NA,NA,"",NA,NA,NA,NA,NA,"",NA,NA,NA,NA,NA,NA,NA,NA,NA,NA,NA,NA,NA,NA,NA,NA,NA,NA,NA,NA
"B_common_whseconstr","SeaFreight","Warehouse_Construction","none","","","trend","AIC",9,187,TRUE,0,0,0,0,TRUE,NA,"r = 0: no cointegration",NA,NA,NA,"",NA,NA,NA,NA,NA,"",NA,NA,NA,NA,NA,NA,NA,NA,NA,NA,NA,NA,NA,NA,NA,NA,NA,NA,NA,NA
"B_common_whseconstr","SeaFreight","Warehouse_Construction","none","","","trend","SBC",4,187,TRUE,0,0,0,0,TRUE,NA,"r = 0: no cointegration",NA,NA,NA,"",NA,NA,NA,NA,NA,"",NA,NA,NA,NA,NA,NA,NA,NA,NA,NA,NA,NA,NA,NA,NA,NA,NA,NA,NA,NA
"B_common_whseconstr","SeaFreight","Warehouse_Construction","orig","pandemic","crisis","none","AIC",9,187,FALSE,0,0,0,0,TRUE,NA,"r = 0: no cointegration",NA,NA,NA,"",NA,NA,NA,NA,NA,"",NA,NA,NA,NA,NA,NA,NA,NA,NA,NA,NA,NA,NA,NA,NA,NA,NA,NA,NA,NA
"B_common_whseconstr","SeaFreight","Warehouse_Construction","orig","crisis;pandemic","","none","SBC",4,187,FALSE,0,0,0,0,TRUE,NA,"r = 0: no cointegration",NA,NA,NA,"",NA,NA,NA,NA,NA,"",NA,NA,NA,NA,NA,NA,NA,NA,NA,NA,NA,NA,NA,NA,NA,NA,NA,NA,NA,NA
"B_common_whseconstr","SeaFreight","Warehouse_Construction","orig","pandemic","crisis","const","AIC",9,187,FALSE,0,0,0,0,TRUE,NA,"r = 0: no cointegration",NA,NA,NA,"",NA,NA,NA,NA,NA,"",NA,NA,NA,NA,NA,NA,NA,NA,NA,NA,NA,NA,NA,NA,NA,NA,NA,NA,NA,NA
"B_common_whseconstr","SeaFreight","Warehouse_Construction","orig","crisis;pandemic","","const","SBC",4,187,FALSE,0,0,0,0,TRUE,NA,"r = 0: no cointegration",NA,NA,NA,"",NA,NA,NA,NA,NA,"",NA,NA,NA,NA,NA,NA,NA,NA,NA,NA,NA,NA,NA,NA,NA,NA,NA,NA,NA,NA
"B_common_whseconstr","SeaFreight","Warehouse_Construction","orig","pandemic","crisis","trend","AIC",9,187,FALSE,0,0,0,0,TRUE,NA,"r = 0: no cointegration",NA,NA,NA,"",NA,NA,NA,NA,NA,"",NA,NA,NA,NA,NA,NA,NA,NA,NA,NA,NA,NA,NA,NA,NA,NA,NA,NA,NA,NA
"B_common_whseconstr","SeaFreight","Warehouse_Construction","orig","crisis;pandemic","","trend","SBC",4,187,FALSE,0,0,0,0,TRUE,NA,"r = 0: no cointegration",NA,NA,NA,"",NA,NA,NA,NA,NA,"",NA,NA,NA,NA,NA,NA,NA,NA,NA,NA,NA,NA,NA,NA,NA,NA,NA,NA,NA,NA
"B_common_whseconstr","SeaFreight","Warehouse_Construction","za_step","pan_step","crisis","none","AIC",8,187,FALSE,1,1,0,1,TRUE,1,"estimated at r = 1",-0.140555051794423,-3.66912092623734,0.000336859323470492,"***",-0.216243077797257,-0.0648670257915889,-0.00909660232635309,-0.56005282217851,0.576273318571283,"",-0.0411883200627195,0.0229951154100133,-0.731340663536205,NA,NA,9.98323958051728,0.00157971510053845,0.246058283429807,0.619864339545099,6.09725843145013,0.91110007109424,12,17.3860530169843,0.135643220835281,4.57618018120201,"pan_step",0.00810124231453509,0.163702269281705,NA,NA
"B_common_whseconstr","SeaFreight","Warehouse_Construction","za_step","crisis;pan_step","","none","SBC",4,187,FALSE,1,1,0,0,FALSE,1,"estimated at r = 1",-0.118035982665978,-3.15816722495994,0.00189418682210915,"***",-0.191840661669475,-0.0442313036624809,0.0115216982469981,0.785530704492136,0.433289846307194,"",-0.0174422611232564,0.0404856576172527,-0.92249514735596,NA,NA,6.06272401615679,0.0138064563146193,0.390579871077581,0.531994754330593,8.8431250389947,0.716268044216098,12,29.7287560837354,0.00306717992979633,5.51851109467323,"pan_step",-0.00108269354241005,0.813588344859493,0.000665791986835824,0.964645976764984
"B_common_whseconstr","SeaFreight","Warehouse_Construction","za_step","pan_step","crisis","const","AIC",8,187,FALSE,1,1,0,0,FALSE,1,"estimated at r = 1",-0.139527608281654,-3.7016895050053,0.000298962971861368,"***",-0.213997346511159,-0.065057870052149,-0.01155900529224,-0.721307846854454,0.471828150311053,"",-0.043219629347632,0.020101618763152,-0.71777088004161,-2.02824582448548,"constant",9.05710094900649,0.00261676547554934,0.364698013110161,0.545908585721121,6.11824762698496,0.910004198832387,12,17.3746742279249,0.136038524806581,4.61256334190597,"pan_step",0.00885393484589873,0.122109650554629,NA,NA
"B_common_whseconstr","SeaFreight","Warehouse_Construction","za_step","crisis;pan_step","","const","SBC",4,187,FALSE,2,1,0,0,FALSE,1,"estimated at r = 1",-0.120840780658267,-3.2338172311713,0.00147874006475409,"***",-0.194628247186851,-0.0470533141296835,0.00923533943957341,0.626256211718771,0.532022917753849,"",-0.0198842577781745,0.0383549366573213,-0.905283824198135,-1.09628494648585,"constant",4.50424537200739,0.0338108120305185,0.177228543632366,0.67376588477725,8.81894978892851,0.718311815711561,12,30.4900879022755,0.00235488811965301,5.38202623645395,"pan_step",0.00061179591207701,0.888785505311158,0.0012983956690591,0.930237267458199
"B_common_whseconstr","SeaFreight","Warehouse_Construction","za_step","pan_step","crisis","trend","AIC",8,187,FALSE,2,2,1,2,TRUE,NA,"r = 2: full rank",NA,NA,NA,"",NA,NA,NA,NA,NA,"",NA,NA,NA,NA,NA,NA,NA,NA,NA,NA,NA,NA,NA,NA,NA,NA,NA,NA,NA,NA
"B_common_whseconstr","SeaFreight","Warehouse_Construction","za_step","crisis;pan_step","","trend","SBC",4,187,FALSE,2,1,1,1,TRUE,1,"estimated at r = 1",-0.00330660804938962,-0.205523788168469,0.837420947044746,"",-0.0350771936890431,0.0284639775902639,0.0358517720076772,6.57069712402658,6.52123363973601e-10,"***",0.0250771070367379,0.0466264369786165,-4.076714302765,0.00751188412159746,"trend.l4",0.0362754201880567,0.848947844347885,31.9068961218269,1.61741913196067e-08,8.72575452920865,0.726158955363486,12,54.1083620285377,2.61353922947904e-07,209.278074268655,"pan_step",-0.00503627393461784,0.703983274957679,0.0106464434777905,0.486026106330434
"B_common_whseconstr","SeaFreight","Warehouse_Construction","za_window","pan_win","crisis","none","AIC",9,187,FALSE,1,0,0,0,TRUE,NA,"r = 0: no cointegration",NA,NA,NA,"",NA,NA,NA,NA,NA,"",NA,NA,NA,NA,NA,NA,NA,NA,NA,NA,NA,NA,NA,NA,NA,NA,NA,NA,NA,NA
"B_common_whseconstr","SeaFreight","Warehouse_Construction","za_window","crisis;pan_win","","none","SBC",4,187,FALSE,1,1,0,1,TRUE,1,"estimated at r = 1",-0.128300029250359,-3.75621412152638,0.000240243247456704,"***",-0.195749882985592,-0.0608501755151272,-0.00362361792077454,-0.278617218949492,0.780893923060886,"",-0.0293062212332675,0.0220589853917185,-0.815271219144855,NA,NA,10.5037518325884,0.00119132404356015,0.0610361076377884,0.804865761562665,7.15469001548339,0.847223872526352,12,35.8570041702985,0.000341590074957265,5.04804645475922,"pan_win",0.0268085708718362,0.0117625278392284,-0.00636114352474035,0.67157096772338
"B_common_whseconstr","SeaFreight","Warehouse_Construction","za_window","pan_win","crisis","const","AIC",9,187,FALSE,2,2,1,2,TRUE,NA,"r = 2: full rank",NA,NA,NA,"",NA,NA,NA,NA,NA,"",NA,NA,NA,NA,NA,NA,NA,NA,NA,NA,NA,NA,NA,NA,NA,NA,NA,NA,NA,NA
"B_common_whseconstr","SeaFreight","Warehouse_Construction","za_window","crisis;pan_win","","const","SBC",4,187,FALSE,2,2,1,2,TRUE,NA,"r = 2: full rank",NA,NA,NA,"",NA,NA,NA,NA,NA,"",NA,NA,NA,NA,NA,NA,NA,NA,NA,NA,NA,NA,NA,NA,NA,NA,NA,NA,NA,NA
"B_common_whseconstr","SeaFreight","Warehouse_Construction","za_window","pan_win","crisis","trend","AIC",9,187,FALSE,2,1,0,0,FALSE,1,"estimated at r = 1",0.013098706245114,1.80489338550127,0.073124312092976,"*",-0.00124266607977796,0.027440078570006,0.00911796932957038,3.29011141511626,0.00125182826210864,"***",0.00364149087189253,0.0145944477872482,-4.1778892424269,0.0104215833858505,"trend.l9",0.880875335370982,0.347962044191611,2.8026694134678,0.094107508531333,6.19849679546041,0.905746926519735,12,22.9219459007714,0.0283959528963442,NA,"pan_win",0.0300632407908157,0.0270204963254492,NA,NA
"B_common_whseconstr","SeaFreight","Warehouse_Construction","za_window","crisis;pan_win","","trend","SBC",4,187,FALSE,2,2,1,0,FALSE,NA,"r = 2: full rank",NA,NA,NA,"",NA,NA,NA,NA,NA,"",NA,NA,NA,NA,NA,NA,NA,NA,NA,NA,NA,NA,NA,NA,NA,NA,NA,NA,NA,NA
"B_common_whseconstr","SeaFreight","Warehouse_Construction","za_series","brk_mode;brk_IC","crisis","none","AIC",8,187,FALSE,1,0,0,1,FALSE,NA,"r = 0: no cointegration",NA,NA,NA,"",NA,NA,NA,NA,NA,"",NA,NA,NA,NA,NA,NA,NA,NA,NA,NA,NA,NA,NA,NA,NA,NA,NA,NA,NA,NA
"B_common_whseconstr","SeaFreight","Warehouse_Construction","za_series","crisis;brk_mode;brk_IC","","none","SBC",4,187,FALSE,1,0,0,1,FALSE,NA,"r = 0: no cointegration",NA,NA,NA,"",NA,NA,NA,NA,NA,"",NA,NA,NA,NA,NA,NA,NA,NA,NA,NA,NA,NA,NA,NA,NA,NA,NA,NA,NA,NA
"B_common_whseconstr","SeaFreight","Warehouse_Construction","za_series","brk_mode;brk_IC","crisis","const","AIC",8,187,FALSE,2,2,1,2,TRUE,NA,"r = 2: full rank",NA,NA,NA,"",NA,NA,NA,NA,NA,"",NA,NA,NA,NA,NA,NA,NA,NA,NA,NA,NA,NA,NA,NA,NA,NA,NA,NA,NA,NA
"B_common_whseconstr","SeaFreight","Warehouse_Construction","za_series","crisis;brk_mode;brk_IC","","const","SBC",4,187,FALSE,2,1,1,1,TRUE,1,"estimated at r = 1",-0.10952343150771,-3.02745379419303,0.00287014397543647,"***",-0.180962225897128,-0.0380846371182927,0.0234792176640591,1.80606086947037,0.0727651391053625,"*",-0.00219255372864859,0.0491509890567668,-0.752119094283835,-1.83344795784469,"constant",5.10808347449328,0.0238146132355579,1.86627980017682,0.171901767474205,8.87137348389061,0.713875832799412,12,29.4268907287701,0.00340346805241709,5.97548454662294,"brk_mode",0.00419150249177925,0.760778140777595,0.00295982671376791,0.842020321414243
"B_common_whseconstr","SeaFreight","Warehouse_Construction","za_series","brk_mode;brk_IC","crisis","trend","AIC",8,187,FALSE,2,2,1,2,TRUE,NA,"r = 2: full rank",NA,NA,NA,"",NA,NA,NA,NA,NA,"",NA,NA,NA,NA,NA,NA,NA,NA,NA,NA,NA,NA,NA,NA,NA,NA,NA,NA,NA,NA
"B_common_whseconstr","SeaFreight","Warehouse_Construction","za_series","crisis;brk_mode;brk_IC","","trend","SBC",4,187,FALSE,2,2,1,2,TRUE,NA,"r = 2: full rank",NA,NA,NA,"",NA,NA,NA,NA,NA,"",NA,NA,NA,NA,NA,NA,NA,NA,NA,NA,NA,NA,NA,NA,NA,NA,NA,NA,NA,NA
"C_full_whseconstr","LTL","Warehouse_Construction","none","","","none","AIC",6,241,TRUE,0,0,0,0,TRUE,NA,"r = 0: no cointegration",NA,NA,NA,"",NA,NA,NA,NA,NA,"",NA,NA,NA,NA,NA,NA,NA,NA,NA,NA,NA,NA,NA,NA,NA,NA,NA,NA,NA,NA
"C_full_whseconstr","LTL","Warehouse_Construction","none","","","none","SBC",4,241,TRUE,0,0,0,0,TRUE,NA,"r = 0: no cointegration",NA,NA,NA,"",NA,NA,NA,NA,NA,"",NA,NA,NA,NA,NA,NA,NA,NA,NA,NA,NA,NA,NA,NA,NA,NA,NA,NA,NA,NA
"C_full_whseconstr","LTL","Warehouse_Construction","none","","","const","AIC",6,241,TRUE,0,0,0,0,TRUE,NA,"r = 0: no cointegration",NA,NA,NA,"",NA,NA,NA,NA,NA,"",NA,NA,NA,NA,NA,NA,NA,NA,NA,NA,NA,NA,NA,NA,NA,NA,NA,NA,NA,NA
"C_full_whseconstr","LTL","Warehouse_Construction","none","","","const","SBC",4,241,TRUE,1,0,0,0,TRUE,NA,"r = 0: no cointegration",NA,NA,NA,"",NA,NA,NA,NA,NA,"",NA,NA,NA,NA,NA,NA,NA,NA,NA,NA,NA,NA,NA,NA,NA,NA,NA,NA,NA,NA
"C_full_whseconstr","LTL","Warehouse_Construction","none","","","trend","AIC",6,241,TRUE,1,1,0,1,TRUE,1,"estimated at r = 1",-0.170016287467813,-4.27777217425779,2.8562164952063e-05,"***",-0.248360571505079,-0.0916720034305479,0.0327448709860074,1.27395747818609,0.204073325244837,"",-0.0179218489528744,0.0834115909248892,-0.320568934846578,-0.0023894250710893,"trend.l6",13.4855060626999,0.000240413289793073,1.25645112029209,0.262323915618498,5.7167859920583,0.929680277972624,12,11.4205869741629,0.493259028825143,3.71961443203785,NA,NA,NA,NA,NA
"C_full_whseconstr","LTL","Warehouse_Construction","none","","","trend","SBC",4,241,TRUE,1,1,1,1,TRUE,1,"estimated at r = 1",-0.146881516894517,-3.86998159709144,0.000143799067544869,"***",-0.221685387941353,-0.0720776458476817,0.0835293542225532,3.42525889145793,0.000733843202088184,"***",0.0354662800700153,0.131592428375091,-0.408316344070124,-0.0021186750635405,"trend.l4",12.52638125141,0.000401246167839209,9.89679703717197,0.0016556669040001,6.39554637718135,0.894845546127119,12,18.8022529623425,0.0934137238555193,4.36334490092402,NA,NA,NA,NA,NA
"C_full_whseconstr","LTL","Warehouse_Construction","orig","crisis;pandemic","","none","AIC",6,241,FALSE,0,0,0,0,TRUE,NA,"r = 0: no cointegration",NA,NA,NA,"",NA,NA,NA,NA,NA,"",NA,NA,NA,NA,NA,NA,NA,NA,NA,NA,NA,NA,NA,NA,NA,NA,NA,NA,NA,NA
"C_full_whseconstr","LTL","Warehouse_Construction","orig","crisis;pandemic","","none","SBC",4,241,FALSE,0,0,0,0,TRUE,NA,"r = 0: no cointegration",NA,NA,NA,"",NA,NA,NA,NA,NA,"",NA,NA,NA,NA,NA,NA,NA,NA,NA,NA,NA,NA,NA,NA,NA,NA,NA,NA,NA,NA
"C_full_whseconstr","LTL","Warehouse_Construction","orig","crisis;pandemic","","const","AIC",6,241,FALSE,0,0,0,0,TRUE,NA,"r = 0: no cointegration",NA,NA,NA,"",NA,NA,NA,NA,NA,"",NA,NA,NA,NA,NA,NA,NA,NA,NA,NA,NA,NA,NA,NA,NA,NA,NA,NA,NA,NA
"C_full_whseconstr","LTL","Warehouse_Construction","orig","crisis;pandemic","","const","SBC",4,241,FALSE,1,0,0,0,TRUE,NA,"r = 0: no cointegration",NA,NA,NA,"",NA,NA,NA,NA,NA,"",NA,NA,NA,NA,NA,NA,NA,NA,NA,NA,NA,NA,NA,NA,NA,NA,NA,NA,NA,NA
"C_full_whseconstr","LTL","Warehouse_Construction","orig","crisis;pandemic","","trend","AIC",6,241,FALSE,1,1,0,1,TRUE,1,"estimated at r = 1",-0.172336068424383,-4.21924844520746,3.6461224218206e-05,"***",-0.252855234068908,-0.0918169027798575,0.042254029774467,1.61729870691426,0.107314909512255,"",-0.00924939142579782,0.0937574509747319,-0.345596252933068,-0.00231312606123048,"trend.l6",14.8744800813682,0.000114907039537093,2.28006718365438,0.131046196929895,5.33810464634899,0.945722539514539,12,15.0627556500215,0.238022449016858,3.66457410461099,"pandemic",0.000107696614184934,0.969556548149504,-0.00384938316266338,0.193928918303683
"C_full_whseconstr","LTL","Warehouse_Construction","orig","crisis;pandemic","","trend","SBC",4,241,FALSE,1,1,1,1,TRUE,1,"estimated at r = 1",-0.152609845186961,-3.9981106391361,8.76526482214259e-05,"***",-0.22784416767433,-0.0773755226995923,0.0828743066793973,3.40993490080774,0.000775315957765949,"***",0.034971375258745,0.13077723810005,-0.412298019710086,-0.00212621266875673,"trend.l4",14.3285116017623,0.000153521996844486,10.5384339124586,0.00116917448337139,5.80952863983283,0.925377345476572,12,19.3437389294722,0.0805638386644827,4.18582154988221,"pandemic",0.00100596172295076,0.718761932139851,-0.00446385234547953,0.137096071030034
"C_full_whseconstr","LTL","Warehouse_Construction","za_step","crisis;pan_step","","none","AIC",6,241,FALSE,1,1,1,1,TRUE,1,"estimated at r = 1",-0.0103029983257845,-0.424246719620782,0.671820172958619,"",-0.0581773957106796,0.0375713990591106,0.0925880813995642,6.72881264735182,1.59830207559774e-10,"***",0.0654627637562464,0.119713399042882,-1.42987857447725,NA,NA,0.19990705717541,0.654795877244552,45.5250880872515,1.50696122247496e-11,5.08314375495313,0.955144044141008,12,20.3895912455441,0.060065877175275,66.9290868807062,"pan_step",-0.0050626345733901,0.483300654188995,-0.00420358864135994,0.205875434905814
"C_full_whseconstr","LTL","Warehouse_Construction","za_step","crisis;pan_step","","none","SBC",4,241,FALSE,1,1,1,1,TRUE,1,"estimated at r = 1",-0.0232629284959008,-1.02517671612026,0.306426533148918,"",-0.0679882964886981,0.0214624394968965,0.099377283834099,7.73342973658471,3.9358093103498e-13,"***",0.0740491466871491,0.124705420981049,-1.41493256484738,NA,NA,1.13980417968317,0.285693709133876,57.3268142290291,3.68594044175552e-14,7.23791099931416,0.841499156689142,12,27.2709858741228,0.00706192241452419,29.4482801745709,"pan_step",-0.00796866739678885,0.232617477754666,-0.00477363829921687,0.15217877360786
"C_full_whseconstr","LTL","Warehouse_Construction","za_step","crisis;pan_step","","const","AIC",6,241,FALSE,2,1,1,1,TRUE,1,"estimated at r = 1",-0.00455241345829694,-0.185942814025867,0.852668241585161,"",-0.0528147733996116,0.0437099464830177,0.0926666904810252,6.78573529431,1.14662032465392e-10,"***",0.0657468182948983,0.119586562667152,-1.43100410729806,2.03603260209306,"constant",0.032605259678156,0.856705681780485,38.6606291961875,5.04278951929393e-10,4.96803143631889,0.959038202405673,12,20.5200502678199,0.0578659929165222,151.912439586944,"pan_step",-0.00190365749679155,0.791948779632633,-0.0010404094482808,0.739090357606655
"C_full_whseconstr","LTL","Warehouse_Construction","za_step","crisis;pan_step","","const","SBC",4,241,FALSE,2,1,1,1,TRUE,1,"estimated at r = 1",-0.0114541425109356,-0.508347386839665,0.611726133160978,"",-0.0558639593675087,0.0329556743456375,0.0996865367419957,7.94055103759863,1.07356013028884e-13,"***",0.0749429381253423,0.124430135358649,-1.41746041933138,1.97052647223601,"constant",0.247295790165482,0.61898566419607,52.11765076223,5.22692999993524e-13,7.67550060748622,0.809947149029966,12,27.6574746610617,0.00620668579284933,60.1677388448638,"pan_step",-0.0030107338107337,0.64378698366439,-0.00118243088929845,0.701564555400972
"C_full_whseconstr","LTL","Warehouse_Construction","za_step","crisis;pan_step","","trend","AIC",6,241,FALSE,2,2,2,2,TRUE,NA,"r = 2: full rank",NA,NA,NA,"",NA,NA,NA,NA,NA,"",NA,NA,NA,NA,NA,NA,NA,NA,NA,NA,NA,NA,NA,NA,NA,NA,NA,NA,NA,NA
"C_full_whseconstr","LTL","Warehouse_Construction","za_step","crisis;pan_step","","trend","SBC",4,241,FALSE,2,2,2,2,TRUE,NA,"r = 2: full rank",NA,NA,NA,"",NA,NA,NA,NA,NA,"",NA,NA,NA,NA,NA,NA,NA,NA,NA,NA,NA,NA,NA,NA,NA,NA,NA,NA,NA,NA
"C_full_whseconstr","LTL","Warehouse_Construction","za_window","crisis;pan_win","","none","AIC",6,241,FALSE,0,0,0,0,TRUE,NA,"r = 0: no cointegration",NA,NA,NA,"",NA,NA,NA,NA,NA,"",NA,NA,NA,NA,NA,NA,NA,NA,NA,NA,NA,NA,NA,NA,NA,NA,NA,NA,NA,NA
"C_full_whseconstr","LTL","Warehouse_Construction","za_window","crisis;pan_win","","none","SBC",4,241,FALSE,1,1,0,1,TRUE,1,"estimated at r = 1",-0.00444797762493881,-0.340266711808769,0.733986362113877,"",-0.0302130519910443,0.0213170967411666,0.0321413204717646,4.12623754096771,5.26431568228974e-05,"***",0.0167881610423923,0.0474944799011369,-1.2407580204396,NA,NA,0.1208088891549,0.728158834621328,17.0721537982182,3.59861035355014e-05,7.72336496570547,0.806357669154882,12,20.1363246181622,0.0645507058011185,155.487401681329,"pan_win",-0.00416346131292991,0.444560600515258,-0.00343548570284533,0.271858890965497
"C_full_whseconstr","LTL","Warehouse_Construction","za_window","crisis;pan_win","","const","AIC",6,241,FALSE,1,1,0,1,TRUE,1,"estimated at r = 1",0.0125595254246014,1.34147530697169,0.181208209189083,"",-0.00589644142707925,0.031015492276282,0.0211314011693232,3.81672873687243,0.000177691727639742,"***",0.0102174186186277,0.0320453837200187,-1.32191175811834,1.6102520281362,"constant",1.6212956258156,0.202911225659132,12.6746401470639,0.000370648543036589,4.70329683828979,0.967162193171118,12,17.7992900050067,0.121922061900401,NA,"pan_win",-0.00548765997358079,0.377954875052383,-0.00171253616692967,0.556959180269128
"C_full_whseconstr","LTL","Warehouse_Construction","za_window","crisis;pan_win","","const","SBC",4,241,FALSE,1,1,1,1,TRUE,1,"estimated at r = 1",0.0114739152288467,1.1905825743347,0.235118269244983,"",-0.00752063920149144,0.0304684696591848,0.0277291754158889,4.86842064870212,2.16477088722402e-06,"***",0.0165031543018454,0.0389551965299324,-1.27989638811634,1.3900033187064,"constant",1.23451781588646,0.266530226215244,19.4598848543358,1.02734776238345e-05,8.65891036903824,0.731754765747542,12,20.6077319547973,0.0564282227427363,NA,"pan_win",-0.00304766447859365,0.580057949137603,-0.00120908290546809,0.678879577563793
"C_full_whseconstr","LTL","Warehouse_Construction","za_window","crisis;pan_win","","trend","AIC",6,241,FALSE,2,1,1,1,TRUE,1,"estimated at r = 1",-0.159750122414454,-3.8923059803988,0.000133344561717511,"***",-0.240658298345423,-0.0788419464834846,0.0614855432873541,2.40425692203551,0.0170735698062782,"**",0.0110716400154113,0.111899446559297,-0.415683467693252,-0.00218278050605129,"trend.l6",9.17717453342181,0.00245052037278926,3.61074240508449,0.0574074870158431,6.75609179649012,0.873302129042087,12,18.7647128810196,0.0943670338615433,3.98232377831521,"pan_win",-0.0090868512062514,0.108109028830706,-0.00355197123613523,0.230315666144856
"C_full_whseconstr","LTL","Warehouse_Construction","za_window","crisis;pan_win","","trend","SBC",4,241,FALSE,1,1,1,1,TRUE,1,"estimated at r = 1",-0.120303579799401,-3.3539586305633,0.00094076592592945,"***",-0.191001904022226,-0.0496052555765763,0.0897505128988267,4.09244635090026,6.0291415324531e-05,"***",0.0465247949854063,0.132976230812247,-0.502036357922034,-0.00192797343819261,"trend.l4",8.09900914422747,0.00442894636421809,11.8665946441485,0.000571498149070204,6.75882557589933,0.873131144941827,12,22.4355825887268,0.032918240697027,5.40767505994905,"pan_win",-0.00511208451449469,0.308722635082837,-0.00440416365550344,0.145052780551663
"C_full_whseconstr","LTL","Warehouse_Construction","za_series","crisis;brk_mode","brk_IC","none","AIC",6,241,FALSE,1,1,1,1,TRUE,1,"estimated at r = 1",0.00327422974462186,0.114685938839246,0.908803638572337,"",-0.0530061681810133,0.0595546276702571,0.12273302177481,7.8289711311587,2.39099919290813e-13,"***",0.0918290058165152,0.153637037733104,-1.420507425057,NA,NA,0.0145786369177924,0.903895370304767,59.5318386832035,1.19904086659517e-14,5.25273545643056,0.949000160053197,12,18.0952799127899,0.112827973717612,NA,"brk_mode",-0.000726644692987859,0.931430873871525,-0.00343153765874343,0.316943516775314
"C_full_whseconstr","LTL","Warehouse_Construction","za_series","crisis;brk_mode","brk_IC","none","SBC",4,241,FALSE,1,1,1,1,TRUE,1,"estimated at r = 1",-0.0130537694437485,-0.495173375753228,0.620981088759822,"",-0.0650135038949687,0.0389059650074716,0.127746486038375,8.86051519231653,2.98114817756316e-16,"***",0.0993294839748498,0.156163488101899,-1.40747024036906,NA,NA,0.265604895081159,0.606295401557664,72.4299813907087,0,7.74157253514688,0.804985533672274,12,22.3497218149036,0.0337821486919834,52.7520563515565,"brk_mode",-0.00459048929674801,0.551781050626647,-0.00413450764346174,0.228306884972535
"C_full_whseconstr","LTL","Warehouse_Construction","za_series","crisis;brk_mode","brk_IC","const","AIC",6,241,FALSE,1,1,1,1,TRUE,1,"estimated at r = 1",0.0114548212746863,0.399513433649057,0.689919026216033,"",-0.0450653130504021,0.0679749555997746,0.122408346074934,7.88743930597587,1.64081485713862e-13,"***",0.0918154032847366,0.153001288865132,-1.42163858507344,1.98911470738282,"constant",0.158354955375016,0.69067560713156,53.2999085886019,2.86326518050828e-13,4.62453675180621,0.969359816221529,12,18.1529211340067,0.111125588081301,NA,"brk_mode",0.00311707293798452,0.710973896769323,-0.000262098124548696,0.93498549384562
"C_full_whseconstr","LTL","Warehouse_Construction","za_series","crisis;brk_mode","brk_IC","const","SBC",4,241,FALSE,2,1,1,1,TRUE,1,"estimated at r = 1",0.000497923972124376,0.019096016954932,0.984782055363032,"",-0.050894279562168,0.0518901275064167,0.12746980695262,9.06741793212257,7.41032043347464e-17,"***",0.0997620933542172,0.155177520551023,-1.40959628900592,1.92986466042021,"constant",0.000363012941036334,0.984798906157335,68.3228554743036,1.11022302462516e-16,7.58734666923792,0.816489849520482,12,22.3696683964763,0.0335796179186836,NA,"brk_mode",0.000826889349125501,0.912312224075121,-0.000629453886088151,0.842216750293797
"C_full_whseconstr","LTL","Warehouse_Construction","za_series","crisis;brk_mode","brk_IC","trend","AIC",6,241,FALSE,2,2,2,2,TRUE,NA,"r = 2: full rank",NA,NA,NA,"",NA,NA,NA,NA,NA,"",NA,NA,NA,NA,NA,NA,NA,NA,NA,NA,NA,NA,NA,NA,NA,NA,NA,NA,NA,NA
"C_full_whseconstr","LTL","Warehouse_Construction","za_series","crisis;brk_mode","brk_IC","trend","SBC",4,241,FALSE,2,2,2,2,TRUE,NA,"r = 2: full rank",NA,NA,NA,"",NA,NA,NA,NA,NA,"",NA,NA,NA,NA,NA,NA,NA,NA,NA,NA,NA,NA,NA,NA,NA,NA,NA,NA,NA,NA
"C_full_whseconstr","Truckload","Warehouse_Construction","none","","","none","AIC",10,241,TRUE,0,0,0,0,TRUE,NA,"r = 0: no cointegration",NA,NA,NA,"",NA,NA,NA,NA,NA,"",NA,NA,NA,NA,NA,NA,NA,NA,NA,NA,NA,NA,NA,NA,NA,NA,NA,NA,NA,NA
"C_full_whseconstr","Truckload","Warehouse_Construction","none","","","none","SBC",4,241,TRUE,1,1,1,1,TRUE,1,"estimated at r = 1",-0.0929862534302816,-2.99932560162003,0.00302029534848074,"***",-0.154089031871592,-0.0318834749889712,0.0591157431442524,3.94612623995651,0.000107133671362484,"***",0.0295901927208409,0.0886412935676638,-0.714145045838972,NA,NA,9.43476636177341,0.00212910211728856,16.0942307470629,6.0267356873811e-05,14.8236335067588,0.251223469148027,12,11.6277816426867,0.476016631210494,7.10208717063764,NA,NA,NA,NA,NA
"C_full_whseconstr","Truckload","Warehouse_Construction","none","","","const","AIC",10,241,TRUE,1,1,0,1,TRUE,1,"estimated at r = 1",-0.0332507521407771,-0.998106640388599,0.319427709657734,"",-0.0989401727857954,0.0324386685042413,0.05755363727206,3.54502991445964,0.000488286487278241,"***",0.025540828971594,0.0895664455725261,-0.691247308950887,-1.39535643166899,"constant",0.842272001997401,0.358747784593764,10.2555809988768,0.00136271709167279,4.72606959457234,0.966508254003004,12,6.26917134849425,0.901909723379776,20.4975333430058,NA,NA,NA,NA,NA
"C_full_whseconstr","Truckload","Warehouse_Construction","none","","","const","SBC",4,241,TRUE,1,1,1,1,TRUE,1,"estimated at r = 1",-0.0818157772540282,-2.75972231019123,0.00627493244607359,"***",-0.140244505073478,-0.0233870494345789,0.0630503027673854,4.40910960263218,1.62654226367152e-05,"***",0.0348670551711025,0.0912335503636683,-0.715804116117899,-1.286369041226,"constant",7.48687792027992,0.00621502186523615,18.5892560577374,1.62131738578042e-05,14.9534794933871,0.2439903994052,12,11.6649560098341,0.47294861671611,8.1205444408925,NA,NA,NA,NA,NA
"C_full_whseconstr","Truckload","Warehouse_Construction","none","","","trend","AIC",10,241,TRUE,0,0,0,0,TRUE,NA,"r = 0: no cointegration",NA,NA,NA,"",NA,NA,NA,NA,NA,"",NA,NA,NA,NA,NA,NA,NA,NA,NA,NA,NA,NA,NA,NA,NA,NA,NA,NA,NA,NA
"C_full_whseconstr","Truckload","Warehouse_Construction","none","","","trend","SBC",4,241,TRUE,1,1,1,1,TRUE,1,"estimated at r = 1",-0.0797977682243995,-2.42966705758027,0.015922129027926,"**",-0.144528393705136,-0.015067142743663,0.0709376860761202,4.54978894650197,8.91488865926793e-06,"***",0.0402084622683796,0.101666909883861,-0.837141268519418,0.000404841784612586,"trend.l4",4.71394005292516,0.0299190048869371,15.8719147491778,6.77770927262067e-05,15.1346695688198,0.234154255794758,12,11.8069293590032,0.46130744523404,8.33492117336789,NA,NA,NA,NA,NA
"C_full_whseconstr","Truckload","Warehouse_Construction","orig","crisis;pandemic","","none","AIC",10,241,FALSE,0,0,0,0,TRUE,NA,"r = 0: no cointegration",NA,NA,NA,"",NA,NA,NA,NA,NA,"",NA,NA,NA,NA,NA,NA,NA,NA,NA,NA,NA,NA,NA,NA,NA,NA,NA,NA,NA,NA
"C_full_whseconstr","Truckload","Warehouse_Construction","orig","crisis;pandemic","","none","SBC",4,241,FALSE,1,1,1,1,TRUE,1,"estimated at r = 1",-0.10932409455951,-3.52379181190703,0.0005191673690809,"***",-0.170473736408045,-0.0481744527109742,0.0532562903085053,3.51571379054064,0.000534330868994791,"***",0.0233993245874244,0.0831132560295861,-0.699373099674335,NA,NA,11.220812317102,0.000808850829595475,11.1710431852157,0.000830838982178395,15.1614886283933,0.232723693888588,12,12.4732010126278,0.408462516223826,5.98703705565575,"pandemic",0.00797953142026685,0.0312177906575991,-0.00388833454705485,0.312412021714678
"C_full_whseconstr","Truckload","Warehouse_Construction","orig","crisis;pandemic","","const","AIC",10,241,FALSE,1,1,0,1,TRUE,1,"estimated at r = 1",-0.0491324677142388,-1.4075040604441,0.160838042239219,"",-0.11796856841704,0.0197036329885619,0.0579582242209434,3.36117431783434,0.000930495138443129,"***",0.0239549001626603,0.0919615482792265,-0.688893351775556,-1.41219877848851,"constant",1.6327765073792,0.201319448293845,9.0420878178232,0.00263834160894894,6.0860120803444,0.911684239431511,12,7.0159296905964,0.856559056445954,13.758238132043,"pandemic",0.00951615474237535,0.0108948470165031,0.000161542977378332,0.963842727526169
"C_full_whseconstr","Truckload","Warehouse_Construction","orig","crisis;pandemic","","const","SBC",4,241,FALSE,1,1,1,1,TRUE,1,"estimated at r = 1",-0.100502492680371,-3.32112222996186,0.00105183240716125,"***",-0.160146795855975,-0.0408581895047663,0.0574245721757973,3.89392414377611,0.000131314877050837,"***",0.0283584378198208,0.0864907065317738,-0.704578497389938,-1.34500814872478,"constant",9.33033899329166,0.00225390654594593,12.6868432557015,0.000368237411330186,15.5612330726623,0.212168607321939,12,12.3398775111381,0.418784081623818,6.5441252431895,"pandemic",0.00833414816317391,0.023037889727377,-0.00231506304697312,0.518265450463077
"C_full_whseconstr","Truckload","Warehouse_Construction","orig","crisis;pandemic","","trend","AIC",10,241,FALSE,0,0,0,0,TRUE,NA,"r = 0: no cointegration",NA,NA,NA,"",NA,NA,NA,NA,NA,"",NA,NA,NA,NA,NA,NA,NA,NA,NA,NA,NA,NA,NA,NA,NA,NA,NA,NA,NA,NA
"C_full_whseconstr","Truckload","Warehouse_Construction","orig","crisis;pandemic","","trend","SBC",4,241,FALSE,1,1,1,1,TRUE,1,"estimated at r = 1",-0.110850781919664,-3.21866433374027,0.00148613680435471,"***",-0.178732268395546,-0.0429692954437813,0.0678575604801536,4.09242529370444,6.02964961848532e-05,"***",0.0351757766625899,0.100539344297717,-0.848123448279404,0.000519881476538766,"trend.l4",8.6806086644537,0.00321613558879008,13.7950330000817,0.000203874513617586,15.6142860007538,0.209547841367481,12,12.1418985545121,0.434351967857041,5.89961658263918,"pandemic",0.00910976232965156,0.0170684663789209,-0.00572414682279658,0.151988257976535
"C_full_whseconstr","Truckload","Warehouse_Construction","za_step","crisis;pan_step","","none","AIC",9,241,FALSE,1,1,0,0,FALSE,1,"estimated at r = 1",-0.127119064354421,-2.99298312236619,0.00310898721050094,"***",-0.210867619409279,-0.0433705092995631,0.0295766535325329,1.42902002554246,0.154550719336474,"",-0.0112347585830456,0.0703880656481115,-0.658700112824337,NA,NA,5.4191833707127,0.0199166732191829,1.26610670089519,0.260498332787047,4.36503610580664,0.975912925585718,12,7.51286332790394,0.821947079489446,5.09831548690392,"pan_step",0.00674343756667065,0.100571742677327,-0.00321593162958927,0.407023570353511
"C_full_whseconstr","Truckload","Warehouse_Construction","za_step","crisis;pan_step","","none","SBC",4,241,FALSE,1,1,1,1,TRUE,1,"estimated at r = 1",-0.0957903302215829,-2.95382311054769,0.00348621399564562,"***",-0.159708665730004,-0.0318719947131617,0.0573878302892594,3.65777923037912,0.000319670309152785,"***",0.0264641918796961,0.0883114686988227,-0.721277268796552,NA,NA,7.6066229994924,0.00581542950270753,11.5217420873321,0.000687868967525151,14.3615078214015,0.278221144305116,12,11.6774531117932,0.471919045150636,6.88369825907177,"pan_step",-0.00021151846645909,0.950380924879495,-0.00404636628953297,0.299124844644687
"C_full_whseconstr","Truckload","Warehouse_Construction","za_step","crisis;pan_step","","const","AIC",9,241,FALSE,2,2,1,0,FALSE,NA,"r = 2: full rank",NA,NA,NA,"",NA,NA,NA,NA,NA,"",NA,NA,NA,NA,NA,NA,NA,NA,NA,NA,NA,NA,NA,NA,NA,NA,NA,NA,NA,NA
"C_full_whseconstr","Truckload","Warehouse_Construction","za_step","crisis;pan_step","","const","SBC",4,241,FALSE,2,1,1,1,TRUE,1,"estimated at r = 1",-0.0839071708438808,-2.66852644020663,0.00819386721579316,"***",-0.145880462373782,-0.0219338793139796,0.0606735117309906,4.0023900860859,8.60692187677561e-05,"***",0.030795154637051,0.0905518688249302,-0.733053372709529,-1.20342723745043,"constant",5.55542137022195,0.0184235376501715,12.1883020696434,0.00048090135802914,14.806404525987,0.252194803947114,12,11.711721522978,0.469100602395746,7.9092462364354,"pan_step",0.000114512305887321,0.972149698184654,-0.00204884067644999,0.572600580180449
"C_full_whseconstr","Truckload","Warehouse_Construction","za_step","crisis;pan_step","","trend","AIC",9,241,FALSE,2,2,1,2,TRUE,NA,"r = 2: full rank",NA,NA,NA,"",NA,NA,NA,NA,NA,"",NA,NA,NA,NA,NA,NA,NA,NA,NA,NA,NA,NA,NA,NA,NA,NA,NA,NA,NA,NA
"C_full_whseconstr","Truckload","Warehouse_Construction","za_step","crisis;pan_step","","trend","SBC",4,241,FALSE,2,2,2,2,TRUE,NA,"r = 2: full rank",NA,NA,NA,"",NA,NA,NA,NA,NA,"",NA,NA,NA,NA,NA,NA,NA,NA,NA,NA,NA,NA,NA,NA,NA,NA,NA,NA,NA,NA
"C_full_whseconstr","Truckload","Warehouse_Construction","za_window","crisis;pan_win","","none","AIC",10,241,FALSE,1,0,0,0,TRUE,NA,"r = 0: no cointegration",NA,NA,NA,"",NA,NA,NA,NA,NA,"",NA,NA,NA,NA,NA,NA,NA,NA,NA,NA,NA,NA,NA,NA,NA,NA,NA,NA,NA,NA
"C_full_whseconstr","Truckload","Warehouse_Construction","za_window","crisis;pan_win","","none","SBC",4,241,FALSE,2,2,1,2,TRUE,NA,"r = 2: full rank",NA,NA,NA,"",NA,NA,NA,NA,NA,"",NA,NA,NA,NA,NA,NA,NA,NA,NA,NA,NA,NA,NA,NA,NA,NA,NA,NA,NA,NA
"C_full_whseconstr","Truckload","Warehouse_Construction","za_window","crisis;pan_win","","const","AIC",10,241,FALSE,2,2,1,2,TRUE,NA,"r = 2: full rank",NA,NA,NA,"",NA,NA,NA,NA,NA,"",NA,NA,NA,NA,NA,NA,NA,NA,NA,NA,NA,NA,NA,NA,NA,NA,NA,NA,NA,NA
"C_full_whseconstr","Truckload","Warehouse_Construction","za_window","crisis;pan_win","","const","SBC",4,241,FALSE,2,2,2,2,TRUE,NA,"r = 2: full rank",NA,NA,NA,"",NA,NA,NA,NA,NA,"",NA,NA,NA,NA,NA,NA,NA,NA,NA,NA,NA,NA,NA,NA,NA,NA,NA,NA,NA,NA
"C_full_whseconstr","Truckload","Warehouse_Construction","za_window","crisis;pan_win","","trend","AIC",10,241,FALSE,0,0,0,0,TRUE,NA,"r = 0: no cointegration",NA,NA,NA,"",NA,NA,NA,NA,NA,"",NA,NA,NA,NA,NA,NA,NA,NA,NA,NA,NA,NA,NA,NA,NA,NA,NA,NA,NA,NA
"C_full_whseconstr","Truckload","Warehouse_Construction","za_window","crisis;pan_win","","trend","SBC",4,241,FALSE,2,2,1,2,TRUE,NA,"r = 2: full rank",NA,NA,NA,"",NA,NA,NA,NA,NA,"",NA,NA,NA,NA,NA,NA,NA,NA,NA,NA,NA,NA,NA,NA,NA,NA,NA,NA,NA,NA
"C_full_whseconstr","Truckload","Warehouse_Construction","za_series","crisis;brk_mode;brk_IC","","none","AIC",9,241,FALSE,1,1,0,0,FALSE,1,"estimated at r = 1",-0.123125363915404,-2.92588675893557,0.00383190097851519,"***",-0.206105485889319,-0.0401452419414894,0.0324284534807339,1.58217880499258,0.115188832556198,"",-0.00798767695608295,0.0728445839175507,-0.679512611328947,NA,NA,5.49867280264066,0.0190309122600425,1.64230714959184,0.200009211734381,5.14534682257469,0.952947111769991,12,7.40782499317591,0.829528937020965,5.27544426856525,"brk_mode",0.0171293940728445,0.201986451925193,-0.00305371728977916,0.430611312894934
"C_full_whseconstr","Truckload","Warehouse_Construction","za_series","crisis;brk_mode;brk_IC","","none","SBC",4,241,FALSE,1,1,1,1,TRUE,1,"estimated at r = 1",-0.0953492935627034,-2.96176295105813,0.00340266157817325,"***",-0.158804437668217,-0.0318941494571897,0.0573266370694294,3.67309690213208,0.000302475391387237,"***",0.0265639880167036,0.0880892861221552,-0.729616376645598,NA,NA,7.94822973551935,0.0048134437468994,12.076067397882,0.000510732144075821,15.5014929416152,0.21514959984525,12,12.0263277740636,0.443567542748298,6.91719681961229,"brk_mode",0.0147196257409855,0.265210697057524,-0.00400160746374578,0.304036810079053
"C_full_whseconstr","Truckload","Warehouse_Construction","za_series","crisis;brk_mode;brk_IC","","const","AIC",9,241,FALSE,2,2,1,0,FALSE,NA,"r = 2: full rank",NA,NA,NA,"",NA,NA,NA,NA,NA,"",NA,NA,NA,NA,NA,NA,NA,NA,NA,NA,NA,NA,NA,NA,NA,NA,NA,NA,NA,NA
"C_full_whseconstr","Truckload","Warehouse_Construction","za_series","crisis;brk_mode;brk_IC","","const","SBC",4,241,FALSE,1,1,1,1,TRUE,1,"estimated at r = 1",-0.0839398595643504,-2.68544839933728,0.00780577381145486,"***",-0.145548226510135,-0.0223314926185659,0.0605056825869847,4.00593775728956,8.49946797960175e-05,"***",0.0307355863690225,0.0902757788049468,-0.740442044990634,-1.16722558833388,"constant",5.83596040110695,0.015701836047322,12.6721333856177,0.000371145805631135,16.1185410881538,0.185866800137618,12,12.0128115752253,0.444651273670361,7.90602713899654,"brk_mode",0.0147027709081025,0.26649690603066,-0.00199002595237059,0.583508997478908
"C_full_whseconstr","Truckload","Warehouse_Construction","za_series","crisis;brk_mode;brk_IC","","trend","AIC",9,241,FALSE,2,2,1,2,TRUE,NA,"r = 2: full rank",NA,NA,NA,"",NA,NA,NA,NA,NA,"",NA,NA,NA,NA,NA,NA,NA,NA,NA,NA,NA,NA,NA,NA,NA,NA,NA,NA,NA,NA
"C_full_whseconstr","Truckload","Warehouse_Construction","za_series","crisis;brk_mode;brk_IC","","trend","SBC",4,241,FALSE,2,2,2,2,TRUE,NA,"r = 2: full rank",NA,NA,NA,"",NA,NA,NA,NA,NA,"",NA,NA,NA,NA,NA,NA,NA,NA,NA,NA,NA,NA,NA,NA,NA,NA,NA,NA,NA,NA
"C_full_whseconstr","Local","Warehouse_Construction","none","","","none","AIC",10,241,TRUE,0,0,0,0,TRUE,NA,"r = 0: no cointegration",NA,NA,NA,"",NA,NA,NA,NA,NA,"",NA,NA,NA,NA,NA,NA,NA,NA,NA,NA,NA,NA,NA,NA,NA,NA,NA,NA,NA,NA
"C_full_whseconstr","Local","Warehouse_Construction","none","","","none","SBC",4,241,TRUE,1,1,0,1,TRUE,1,"estimated at r = 1",-0.0686881488505389,-2.66690181662196,0.00822960448096799,"***",-0.11945036906185,-0.0179259286392282,0.0519714897612637,3.01042131997623,0.00291638985454347,"***",0.0179460529935861,0.0859969265289413,-0.590243114939595,NA,NA,7.52611399558423,0.00608109389035749,9.54786453863627,0.00200182173010521,31.8529191983023,0.00145795876814436,12,13.5804764171315,0.328296148454764,9.7405357354041,NA,NA,NA,NA,NA
"C_full_whseconstr","Local","Warehouse_Construction","none","","","const","AIC",10,241,TRUE,0,0,0,0,TRUE,NA,"r = 0: no cointegration",NA,NA,NA,"",NA,NA,NA,NA,NA,"",NA,NA,NA,NA,NA,NA,NA,NA,NA,NA,NA,NA,NA,NA,NA,NA,NA,NA,NA,NA
"C_full_whseconstr","Local","Warehouse_Construction","none","","","const","SBC",4,241,TRUE,1,1,1,1,TRUE,1,"estimated at r = 1",-0.0599080314283582,-2.37797812736384,0.0182676084972045,"**",-0.109559482767579,-0.010256580089137,0.0566084661166676,3.35934952705792,0.000921456717248872,"***",0.0233975428786774,0.0898193893546579,-0.591665384757062,-1.96312741909861,"constant",5.01269758700976,0.0251620691999433,9.8590003939848,0.0016900290698586,32.7953941292562,0.00104177907004466,12,13.893790168205,0.307542044051821,11.2200461279136,NA,NA,NA,NA,NA
"C_full_whseconstr","Local","Warehouse_Construction","none","","","trend","AIC",10,241,TRUE,0,0,0,0,TRUE,NA,"r = 0: no cointegration",NA,NA,NA,"",NA,NA,NA,NA,NA,"",NA,NA,NA,NA,NA,NA,NA,NA,NA,NA,NA,NA,NA,NA,NA,NA,NA,NA,NA,NA
"C_full_whseconstr","Local","Warehouse_Construction","none","","","trend","SBC",4,241,TRUE,1,1,0,1,TRUE,1,"estimated at r = 1",-0.0608480853067129,-2.37783946126195,0.0182782774468791,"**",-0.111282874576429,-0.0104132960369964,0.056787167060309,3.33660550974705,0.000996953563977499,"***",0.0232434516580396,0.0903308824625784,-0.664149940649629,0.000251309939886935,"trend.l4",4.73905931056264,0.0294851893220143,9.19364298167135,0.00242857065855606,31.7051095693623,0.00153636720454797,12,13.7381537809584,0.317740955502974,11.0412382720114,NA,NA,NA,NA,NA
"C_full_whseconstr","Local","Warehouse_Construction","orig","crisis;pandemic","","none","AIC",10,241,FALSE,0,0,0,0,TRUE,NA,"r = 0: no cointegration",NA,NA,NA,"",NA,NA,NA,NA,NA,"",NA,NA,NA,NA,NA,NA,NA,NA,NA,NA,NA,NA,NA,NA,NA,NA,NA,NA,NA,NA
"C_full_whseconstr","Local","Warehouse_Construction","orig","crisis;pandemic","","none","SBC",4,241,FALSE,1,1,1,1,TRUE,1,"estimated at r = 1",-0.0902711431395936,-3.28149231933669,0.00120400930686768,"***",-0.144491930610609,-0.0360503556685783,0.0465701664700139,2.51777912814158,0.0125351542776602,"**",0.0101133760157053,0.0830269569243225,-0.58421656726214,NA,NA,9.86649802800977,0.0016831557454402,5.87468239710603,0.0153601437103444,31.7437858398932,0.00151546555946191,12,13.1301700808579,0.359650821174157,7.3264647166978,"pandemic",0.00623243066639192,0.0321799113040613,0.00162050676592368,0.57565071661493
"C_full_whseconstr","Local","Warehouse_Construction","orig","crisis;pandemic","","const","AIC",10,241,FALSE,0,0,0,0,TRUE,NA,"r = 0: no cointegration",NA,NA,NA,"",NA,NA,NA,NA,NA,"",NA,NA,NA,NA,NA,NA,NA,NA,NA,NA,NA,NA,NA,NA,NA,NA,NA,NA,NA,NA
"C_full_whseconstr","Local","Warehouse_Construction","orig","crisis;pandemic","","const","SBC",4,241,FALSE,1,1,1,1,TRUE,1,"estimated at r = 1",-0.0847811253454607,-3.11264882853167,0.00210368894330427,"***",-0.138465271026702,-0.0310969796642198,0.0504644977186658,2.7559098943537,0.00635064130805487,"***",0.0143735790948986,0.0865554163424331,-0.587754646025443,-1.98147655689043,"constant",7.48537052148721,0.00622022683855794,5.90295578961059,0.0151154976533752,31.9835469988736,0.0013918974497743,12,13.2005540213248,0.354633717731835,7.82403497393114,"pandemic",0.006512105302826,0.0240444465730596,0.00272541894820595,0.323239344690234
"C_full_whseconstr","Local","Warehouse_Construction","orig","crisis;pandemic","","trend","AIC",10,241,FALSE,0,0,0,0,TRUE,NA,"r = 0: no cointegration",NA,NA,NA,"",NA,NA,NA,NA,NA,"",NA,NA,NA,NA,NA,NA,NA,NA,NA,NA,NA,NA,NA,NA,NA,NA,NA,NA,NA,NA
"C_full_whseconstr","Local","Warehouse_Construction","orig","crisis;pandemic","","trend","SBC",4,241,FALSE,1,1,0,1,TRUE,1,"estimated at r = 1",-0.0899960442921483,-3.26525352019156,0.00127172113364194,"***",-0.144320425126217,-0.0356716634580796,0.0470149356152573,2.53816098713049,0.0118483818770152,"**",0.010505514083944,0.0835243571465707,-0.592064963470659,2.87425021006621e-05,"trend.l4",9.17273985647991,0.002456465395267,5.6054867166192,0.017904320750037,31.7498109474758,0.00151223428647729,12,13.1282558582238,0.35978786274224,7.34995372871609,"pandemic",0.00628400689221272,0.0312486170160814,0.00152627428295684,0.597530132977163
"C_full_whseconstr","Local","Warehouse_Construction","za_step","crisis;pan_step","","none","AIC",10,241,FALSE,0,0,0,0,TRUE,NA,"r = 0: no cointegration",NA,NA,NA,"",NA,NA,NA,NA,NA,"",NA,NA,NA,NA,NA,NA,NA,NA,NA,NA,NA,NA,NA,NA,NA,NA,NA,NA,NA,NA
"C_full_whseconstr","Local","Warehouse_Construction","za_step","crisis;pan_step","","none","SBC",4,241,FALSE,1,1,1,1,TRUE,1,"estimated at r = 1",-0.0542737908939658,-2.31702983034355,0.0214388806453621,"**",-0.100442401235143,-0.00810518055278885,0.0619649186758619,4.03864938737113,7.46938461362115e-05,"***",0.0317237895265516,0.0922060478251722,-0.74701050740321,NA,NA,5.37379701896875,0.0204414328527348,15.9042561765671,6.66287145587585e-05,31.7667186557651,0.00150320219439992,12,16.7166830492239,0.160569107102294,12.4215091195314,"pan_step",-0.00538240606810144,0.0751161108742036,0.00102697095347597,0.729867059368088
"C_full_whseconstr","Local","Warehouse_Construction","za_step","crisis;pan_step","","const","AIC",10,241,FALSE,0,0,0,0,TRUE,NA,"r = 0: no cointegration",NA,NA,NA,"",NA,NA,NA,NA,NA,"",NA,NA,NA,NA,NA,NA,NA,NA,NA,NA,NA,NA,NA,NA,NA,NA,NA,NA,NA,NA
"C_full_whseconstr","Local","Warehouse_Construction","za_step","crisis;pan_step","","const","SBC",4,241,FALSE,1,1,1,1,TRUE,1,"estimated at r = 1",-0.0455858854002059,-2.00758062058721,0.0459280368913508,"**",-0.0903401468845466,-0.000831623915865158,0.0644677051908461,4.35174275126798,2.07961486228e-05,"***",0.0352695110445084,0.0936658993371839,-0.754901283161264,-1.15517353486433,"constant",3.60102213796697,0.0577440573783735,16.2777580092372,5.47022965946553e-05,32.7165607980322,0.00107162907384073,12,17.4983670811534,0.131792346620299,14.8560340305413,"pan_step",-0.00394665666891094,0.172618576074653,0.00229466783230051,0.423282378297219
"C_full_whseconstr","Local","Warehouse_Construction","za_step","crisis;pan_step","","trend","AIC",10,241,FALSE,1,1,1,1,TRUE,1,"estimated at r = 1",0.00290918448911906,0.91073048592257,0.36354478312404,"",-0.00339011343432922,0.00920848241256735,0.0127603080393524,6.26455968619356,2.28465015817353e-09,"***",0.00874349732372688,0.016777118754978,-8.73327119367154,0.0171676270846038,"trend.l10",0.817668138318989,0.365862830671958,34.8707663291987,3.52331497310843e-09,6.46309727945494,0.890964197575972,12,14.5352298449168,0.267841936917407,NA,"pan_step",0.00435832639651156,0.537722609473048,0.00145599878894926,0.619352467306476
"C_full_whseconstr","Local","Warehouse_Construction","za_step","crisis;pan_step","","trend","SBC",4,241,FALSE,2,1,1,1,TRUE,1,"estimated at r = 1",0.00164138663703865,0.127769928274397,0.898449922764517,"",-0.023679010499787,0.0269617837738643,0.0553411334504468,7.1366600988236,1.43083690371864e-11,"***",0.0400569828772666,0.070625284023627,-2.2540543845148,0.00344975871125472,"trend.l4",0.0140612170809995,0.905608108951372,38.4582179999466,5.59385315845873e-10,32.875523651777,0.00101226487169381,12,19.7571548204939,0.0718214963766669,NA,"pan_step",-0.000488229937293765,0.937613679678979,-0.000509245489963864,0.866276669175703
"C_full_whseconstr","Local","Warehouse_Construction","za_window","crisis;pan_win","","none","AIC",11,241,FALSE,0,0,0,0,TRUE,NA,"r = 0: no cointegration",NA,NA,NA,"",NA,NA,NA,NA,NA,"",NA,NA,NA,NA,NA,NA,NA,NA,NA,NA,NA,NA,NA,NA,NA,NA,NA,NA,NA,NA
"C_full_whseconstr","Local","Warehouse_Construction","za_window","crisis;pan_win","","none","SBC",4,241,FALSE,1,1,0,1,TRUE,1,"estimated at r = 1",-0.0598766328189651,-2.3783340960184,0.0182624694210503,"**",-0.109498463024495,-0.0102548026134348,0.0442492208060556,2.71388202415012,0.00718682556671603,"***",0.0121123983270372,0.0763860432850739,-0.65024893919909,NA,NA,3.89351874614309,0.0484727658804456,5.04305144510198,0.0247249005686619,31.7165546125718,0.00153015315121974,12,14.825110778127,0.251140310179323,11.2261153286251,"pan_win",0.00205068182594136,0.676153979777307,0.00110104160621453,0.708210072970765
"C_full_whseconstr","Local","Warehouse_Construction","za_window","crisis;pan_win","","const","AIC",11,241,FALSE,1,1,0,1,TRUE,1,"estimated at r = 1",-0.0125451902846687,-1.57601205135576,0.116635701455973,"",-0.0282436025352008,0.00315322196586333,-0.0198174147802687,-3.70209069723613,0.000277871760910725,"***",-0.0303743524112458,-0.00926047714929154,-0.30338991972178,-3.53613949871095,"constant",1.87895338908102,0.1704531495814,9.98684417373156,0.00157662575021222,5.80720890200524,0.925486760595921,12,16.273456744951,0.179029826273455,54.9047232512047,"pan_win",0.00448059195015942,0.482829892694557,7.1180218411896e-05,0.979456905660294
"C_full_whseconstr","Local","Warehouse_Construction","za_window","crisis;pan_win","","const","SBC",4,241,FALSE,2,2,1,2,TRUE,NA,"r = 2: full rank",NA,NA,NA,"",NA,NA,NA,NA,NA,"",NA,NA,NA,NA,NA,NA,NA,NA,NA,NA,NA,NA,NA,NA,NA,NA,NA,NA,NA,NA
"C_full_whseconstr","Local","Warehouse_Construction","za_window","crisis;pan_win","","trend","AIC",11,241,FALSE,0,0,0,0,TRUE,NA,"r = 0: no cointegration",NA,NA,NA,"",NA,NA,NA,NA,NA,"",NA,NA,NA,NA,NA,NA,NA,NA,NA,NA,NA,NA,NA,NA,NA,NA,NA,NA,NA,NA
"C_full_whseconstr","Local","Warehouse_Construction","za_window","crisis;pan_win","","trend","SBC",4,241,FALSE,2,1,0,0,FALSE,1,"estimated at r = 1",-0.0435789248839637,-1.87442296386931,0.0622219964559403,"*",-0.0894033669783483,0.00224551721042088,0.0470172045636935,3.1559905913749,0.00182767578787524,"***",0.017653599437282,0.076380809690105,-0.752982557832199,0.000284550534006153,"trend.l4",1.2092477484319,0.271481154574993,3.34529590353051,0.0673973598165927,31.3772015623625,0.00172513198627888,12,14.862315709855,0.249052549117675,15.5564122323548,"pan_win",0.000845885787187729,0.862499528253808,0.000389792964058647,0.893694423425556
"C_full_whseconstr","Local","Warehouse_Construction","za_series","crisis;brk_mode;brk_IC","","none","AIC",6,241,FALSE,2,2,1,2,TRUE,NA,"r = 2: full rank",NA,NA,NA,"",NA,NA,NA,NA,NA,"",NA,NA,NA,NA,NA,NA,NA,NA,NA,NA,NA,NA,NA,NA,NA,NA,NA,NA,NA,NA
"C_full_whseconstr","Local","Warehouse_Construction","za_series","crisis;brk_mode;brk_IC","","none","SBC",4,241,FALSE,1,1,1,1,TRUE,1,"estimated at r = 1",-0.0389423838876284,-1.43164891970417,0.153696396736239,"",-0.0925573029805026,0.0146725352052459,0.115642360679035,6.97966076747585,3.61863511733168e-11,"***",0.082984909620147,0.148299811737922,-0.990710290372137,NA,NA,2.04882792272403,0.152323416583366,43.6990269557867,3.82962550560251e-11,33.4131868310465,0.000834188905799671,12,18.5520631344933,0.0999272166753611,17.4504322803813,"brk_mode",-0.00304974055307019,0.380933087209063,0.000261522172973552,0.931593643889369
"C_full_whseconstr","Local","Warehouse_Construction","za_series","crisis;brk_mode;brk_IC","","const","AIC",6,241,FALSE,2,2,1,2,TRUE,NA,"r = 2: full rank",NA,NA,NA,"",NA,NA,NA,NA,NA,"",NA,NA,NA,NA,NA,NA,NA,NA,NA,NA,NA,NA,NA,NA,NA,NA,NA,NA,NA,NA
"C_full_whseconstr","Local","Warehouse_Construction","za_series","crisis;brk_mode;brk_IC","","const","SBC",4,241,FALSE,1,1,1,1,TRUE,1,"estimated at r = 1",-0.0348680460455834,-1.30779750888237,0.192332171300328,"",-0.0874183673478257,0.0176822752566589,0.116159781787303,7.16255362763356,1.22845605893655e-11,"***",0.0841946741243215,0.148124889450284,-0.993735837258816,-0.0212538047687053,"constant",1.68943073637951,0.193676027638876,45.1704297670386,1.80612191869045e-11,33.6893884452912,0.000754937802806332,12,18.5430016801008,0.100170281408398,19.5305282513213,"brk_mode",-0.00173658048239945,0.566031018817085,0.00119122182085776,0.667907397304365
"C_full_whseconstr","Local","Warehouse_Construction","za_series","crisis;brk_mode;brk_IC","","trend","AIC",6,241,FALSE,2,2,2,2,TRUE,NA,"r = 2: full rank",NA,NA,NA,"",NA,NA,NA,NA,NA,"",NA,NA,NA,NA,NA,NA,NA,NA,NA,NA,NA,NA,NA,NA,NA,NA,NA,NA,NA,NA
"C_full_whseconstr","Local","Warehouse_Construction","za_series","crisis;brk_mode;brk_IC","","trend","SBC",4,241,FALSE,2,2,2,2,TRUE,NA,"r = 2: full rank",NA,NA,NA,"",NA,NA,NA,NA,NA,"",NA,NA,NA,NA,NA,NA,NA,NA,NA,NA,NA,NA,NA,NA,NA,NA,NA,NA,NA,NA
"C_full_whseconstr","Airfreight","Warehouse_Construction","none","","","none","AIC",7,241,TRUE,0,0,0,0,TRUE,NA,"r = 0: no cointegration",NA,NA,NA,"",NA,NA,NA,NA,NA,"",NA,NA,NA,NA,NA,NA,NA,NA,NA,NA,NA,NA,NA,NA,NA,NA,NA,NA,NA,NA
"C_full_whseconstr","Airfreight","Warehouse_Construction","none","","","none","SBC",4,241,TRUE,0,0,0,0,TRUE,NA,"r = 0: no cointegration",NA,NA,NA,"",NA,NA,NA,NA,NA,"",NA,NA,NA,NA,NA,NA,NA,NA,NA,NA,NA,NA,NA,NA,NA,NA,NA,NA,NA,NA
"C_full_whseconstr","Airfreight","Warehouse_Construction","none","","","const","AIC",7,241,TRUE,0,0,0,0,TRUE,NA,"r = 0: no cointegration",NA,NA,NA,"",NA,NA,NA,NA,NA,"",NA,NA,NA,NA,NA,NA,NA,NA,NA,NA,NA,NA,NA,NA,NA,NA,NA,NA,NA,NA
"C_full_whseconstr","Airfreight","Warehouse_Construction","none","","","const","SBC",4,241,TRUE,0,0,0,0,TRUE,NA,"r = 0: no cointegration",NA,NA,NA,"",NA,NA,NA,NA,NA,"",NA,NA,NA,NA,NA,NA,NA,NA,NA,NA,NA,NA,NA,NA,NA,NA,NA,NA,NA,NA
"C_full_whseconstr","Airfreight","Warehouse_Construction","none","","","trend","AIC",7,241,TRUE,0,0,0,0,TRUE,NA,"r = 0: no cointegration",NA,NA,NA,"",NA,NA,NA,NA,NA,"",NA,NA,NA,NA,NA,NA,NA,NA,NA,NA,NA,NA,NA,NA,NA,NA,NA,NA,NA,NA
"C_full_whseconstr","Airfreight","Warehouse_Construction","none","","","trend","SBC",4,241,TRUE,0,0,0,0,TRUE,NA,"r = 0: no cointegration",NA,NA,NA,"",NA,NA,NA,NA,NA,"",NA,NA,NA,NA,NA,NA,NA,NA,NA,NA,NA,NA,NA,NA,NA,NA,NA,NA,NA,NA
"C_full_whseconstr","Airfreight","Warehouse_Construction","orig","crisis;pandemic","","none","AIC",7,241,FALSE,0,0,0,0,TRUE,NA,"r = 0: no cointegration",NA,NA,NA,"",NA,NA,NA,NA,NA,"",NA,NA,NA,NA,NA,NA,NA,NA,NA,NA,NA,NA,NA,NA,NA,NA,NA,NA,NA,NA
"C_full_whseconstr","Airfreight","Warehouse_Construction","orig","crisis;pandemic","","none","SBC",4,241,FALSE,0,0,0,0,TRUE,NA,"r = 0: no cointegration",NA,NA,NA,"",NA,NA,NA,NA,NA,"",NA,NA,NA,NA,NA,NA,NA,NA,NA,NA,NA,NA,NA,NA,NA,NA,NA,NA,NA,NA
"C_full_whseconstr","Airfreight","Warehouse_Construction","orig","crisis;pandemic","","const","AIC",7,241,FALSE,0,0,0,0,TRUE,NA,"r = 0: no cointegration",NA,NA,NA,"",NA,NA,NA,NA,NA,"",NA,NA,NA,NA,NA,NA,NA,NA,NA,NA,NA,NA,NA,NA,NA,NA,NA,NA,NA,NA
"C_full_whseconstr","Airfreight","Warehouse_Construction","orig","crisis;pandemic","","const","SBC",4,241,FALSE,0,0,0,0,TRUE,NA,"r = 0: no cointegration",NA,NA,NA,"",NA,NA,NA,NA,NA,"",NA,NA,NA,NA,NA,NA,NA,NA,NA,NA,NA,NA,NA,NA,NA,NA,NA,NA,NA,NA
"C_full_whseconstr","Airfreight","Warehouse_Construction","orig","crisis;pandemic","","trend","AIC",7,241,FALSE,0,0,0,0,TRUE,NA,"r = 0: no cointegration",NA,NA,NA,"",NA,NA,NA,NA,NA,"",NA,NA,NA,NA,NA,NA,NA,NA,NA,NA,NA,NA,NA,NA,NA,NA,NA,NA,NA,NA
"C_full_whseconstr","Airfreight","Warehouse_Construction","orig","crisis;pandemic","","trend","SBC",4,241,FALSE,0,0,0,0,TRUE,NA,"r = 0: no cointegration",NA,NA,NA,"",NA,NA,NA,NA,NA,"",NA,NA,NA,NA,NA,NA,NA,NA,NA,NA,NA,NA,NA,NA,NA,NA,NA,NA,NA,NA
"C_full_whseconstr","Airfreight","Warehouse_Construction","za_step","crisis;pan_step","","none","AIC",7,241,FALSE,0,0,0,0,TRUE,NA,"r = 0: no cointegration",NA,NA,NA,"",NA,NA,NA,NA,NA,"",NA,NA,NA,NA,NA,NA,NA,NA,NA,NA,NA,NA,NA,NA,NA,NA,NA,NA,NA,NA
"C_full_whseconstr","Airfreight","Warehouse_Construction","za_step","crisis;pan_step","","none","SBC",4,241,FALSE,0,0,0,0,TRUE,NA,"r = 0: no cointegration",NA,NA,NA,"",NA,NA,NA,NA,NA,"",NA,NA,NA,NA,NA,NA,NA,NA,NA,NA,NA,NA,NA,NA,NA,NA,NA,NA,NA,NA
"C_full_whseconstr","Airfreight","Warehouse_Construction","za_step","crisis;pan_step","","const","AIC",7,241,FALSE,0,0,0,0,TRUE,NA,"r = 0: no cointegration",NA,NA,NA,"",NA,NA,NA,NA,NA,"",NA,NA,NA,NA,NA,NA,NA,NA,NA,NA,NA,NA,NA,NA,NA,NA,NA,NA,NA,NA
"C_full_whseconstr","Airfreight","Warehouse_Construction","za_step","crisis;pan_step","","const","SBC",4,241,FALSE,1,0,0,0,TRUE,NA,"r = 0: no cointegration",NA,NA,NA,"",NA,NA,NA,NA,NA,"",NA,NA,NA,NA,NA,NA,NA,NA,NA,NA,NA,NA,NA,NA,NA,NA,NA,NA,NA,NA
"C_full_whseconstr","Airfreight","Warehouse_Construction","za_step","crisis;pan_step","","trend","AIC",7,241,FALSE,1,1,1,1,TRUE,1,"estimated at r = 1",-0.0104368407173594,-2.7902095440943,0.00575947853364632,"***",-0.0178112442775775,-0.0030624371571412,-0.0106334728649893,-6.1989088209704,3.03099341312024e-09,"***",-0.0140153244441882,-0.00725162128579048,8.86893144197132,-0.0207994055535902,"trend.l7",7.89762392250214,0.00494997780926998,36.2071660039736,1.77416970004174e-09,9.57053321322432,0.653580253291644,12,15.3550073540414,0.222593815462447,66.0663260956502,"pan_step",0.0221411755355485,0.0166164331413824,0.00305469589137873,0.458088851076242
"C_full_whseconstr","Airfreight","Warehouse_Construction","za_step","crisis;pan_step","","trend","SBC",4,241,FALSE,1,1,1,1,TRUE,1,"estimated at r = 1",-0.00207397681257352,-2.29378818780066,0.0227641948009715,"**",-0.00385610465510371,-0.000291848970043331,-0.00248368135126081,-5.8516256200771,1.7886823764094e-08,"***",-0.00332026161446445,-0.00164710108805718,36.8938719499017,-0.0786342097733999,"trend.l4",4.96678019877891,0.0258387047478394,30.1181328114976,4.06512410400239e-08,14.0014596466907,0.300615075286604,12,28.0969877645462,0.00535411242164407,333.864941043015,"pan_step",0.0182376593468281,0.0572626679391606,0.00303172967418944,0.466076397733465
"C_full_whseconstr","Airfreight","Warehouse_Construction","za_window","crisis;pan_win","","none","AIC",6,241,FALSE,0,0,0,0,TRUE,NA,"r = 0: no cointegration",NA,NA,NA,"",NA,NA,NA,NA,NA,"",NA,NA,NA,NA,NA,NA,NA,NA,NA,NA,NA,NA,NA,NA,NA,NA,NA,NA,NA,NA
"C_full_whseconstr","Airfreight","Warehouse_Construction","za_window","crisis;pan_win","","none","SBC",4,241,FALSE,0,0,0,0,TRUE,NA,"r = 0: no cointegration",NA,NA,NA,"",NA,NA,NA,NA,NA,"",NA,NA,NA,NA,NA,NA,NA,NA,NA,NA,NA,NA,NA,NA,NA,NA,NA,NA,NA,NA
"C_full_whseconstr","Airfreight","Warehouse_Construction","za_window","crisis;pan_win","","const","AIC",6,241,FALSE,1,1,0,1,TRUE,1,"estimated at r = 1",-0.0114243225798516,-2.72073924286116,0.00705716035226189,"***",-0.0197016434630425,-0.00314700169666074,-0.00631613735367079,-3.17128648722932,0.00174362981040688,"***",-0.010242246272509,-0.00239002843483254,0.374505672443026,-7.14113081232476,"constant",7.04924927975886,0.00792984789357132,9.51163115106523,0.00204173591189216,12.8677023398852,0.378729589719591,12,18.0357246474569,0.114610095533575,60.325697652713,"pan_win",0.0118937582736162,0.133695343186609,-0.00342217024726793,0.40263638355697
"C_full_whseconstr","Airfreight","Warehouse_Construction","za_window","crisis;pan_win","","const","SBC",4,241,FALSE,1,0,0,1,FALSE,NA,"r = 0: no cointegration",NA,NA,NA,"",NA,NA,NA,NA,NA,"",NA,NA,NA,NA,NA,NA,NA,NA,NA,NA,NA,NA,NA,NA,NA,NA,NA,NA,NA,NA
"C_full_whseconstr","Airfreight","Warehouse_Construction","za_window","crisis;pan_win","","trend","AIC",6,241,FALSE,0,0,0,0,TRUE,NA,"r = 0: no cointegration",NA,NA,NA,"",NA,NA,NA,NA,NA,"",NA,NA,NA,NA,NA,NA,NA,NA,NA,NA,NA,NA,NA,NA,NA,NA,NA,NA,NA,NA
"C_full_whseconstr","Airfreight","Warehouse_Construction","za_window","crisis;pan_win","","trend","SBC",4,241,FALSE,0,0,0,0,TRUE,NA,"r = 0: no cointegration",NA,NA,NA,"",NA,NA,NA,NA,NA,"",NA,NA,NA,NA,NA,NA,NA,NA,NA,NA,NA,NA,NA,NA,NA,NA,NA,NA,NA,NA
"C_full_whseconstr","Airfreight","Warehouse_Construction","za_series","crisis;brk_mode;brk_IC","","none","AIC",7,241,FALSE,1,1,0,1,TRUE,1,"estimated at r = 1",-0.091044598579744,-3.81066949043821,0.000182964600785166,"***",-0.138148834607369,-0.0439403625521187,-0.0115864162886641,-0.955515959586081,0.340436789796484,"",-0.0354930399463339,0.0123202073690057,0.0595466795425577,NA,NA,13.0896683996766,0.000296928909290561,0.85460811878165,0.355251983474175,12.4628174009732,0.409261575404513,12,10.1797868564025,0.600191501359574,7.26118406820298,"brk_mode",0.0271323330034434,0.00163471395971281,0.0063258355634381,0.223362442684414
"C_full_whseconstr","Airfreight","Warehouse_Construction","za_series","crisis;brk_mode;brk_IC","","none","SBC",4,241,FALSE,2,2,1,2,TRUE,NA,"r = 2: full rank",NA,NA,NA,"",NA,NA,NA,NA,NA,"",NA,NA,NA,NA,NA,NA,NA,NA,NA,NA,NA,NA,NA,NA,NA,NA,NA,NA,NA,NA
"C_full_whseconstr","Airfreight","Warehouse_Construction","za_series","crisis;brk_mode;brk_IC","","const","AIC",7,241,FALSE,1,1,0,1,TRUE,1,"estimated at r = 1",-0.090017809763973,-4.0654587227286,6.80918965847513e-05,"***",-0.133670755015746,-0.0463648645122002,-0.0124554346221771,-1.10841814613584,0.268967455558569,"",-0.034609321014023,0.00969845176966876,0.0665641906873419,-5.07112657566313,"constant",15.1154980072659,0.000101129643441888,1.17094602704759,0.279206942678791,12.3874826811636,0.415083314903673,12,10.1592507367078,0.601991929809227,7.34809008188387,"brk_mode",0.0268041789787013,5.75691012821434e-05,0.006146235054071,0.10739337203412
"C_full_whseconstr","Airfreight","Warehouse_Construction","za_series","crisis;brk_mode;brk_IC","","const","SBC",4,241,FALSE,2,2,1,2,TRUE,NA,"r = 2: full rank",NA,NA,NA,"",NA,NA,NA,NA,NA,"",NA,NA,NA,NA,NA,NA,NA,NA,NA,NA,NA,NA,NA,NA,NA,NA,NA,NA,NA,NA
"C_full_whseconstr","Airfreight","Warehouse_Construction","za_series","crisis;brk_mode;brk_IC","","trend","AIC",7,241,FALSE,2,1,1,1,TRUE,1,"estimated at r = 1",-0.0115044465384661,-3.49972779439645,0.000570732044292335,"***",-0.0179853943690487,-0.00502349870788344,-0.0102022420142839,-6.78392117592154,1.21635325381688e-10,"***",-0.0131672228480129,-0.00723726118055495,12.2046649344267,-0.0286209455745731,"trend.l7",11.2094886743363,0.000813801401619019,38.6359015794323,5.10708253464998e-10,9.46885195734828,0.662447915052669,12,13.6859875631726,0.321208360920079,59.9031297723021,"brk_mode",-0.00335431043768152,0.300041405957891,0.00340476208105284,0.490995900158302
"C_full_whseconstr","Airfreight","Warehouse_Construction","za_series","crisis;brk_mode;brk_IC","","trend","SBC",4,241,FALSE,2,2,1,2,TRUE,NA,"r = 2: full rank",NA,NA,NA,"",NA,NA,NA,NA,NA,"",NA,NA,NA,NA,NA,NA,NA,NA,NA,NA,NA,NA,NA,NA,NA,NA,NA,NA,NA,NA
"C_full_whseconstr","SeaFreight","Warehouse_Construction","none","","","none","AIC",4,241,TRUE,1,1,0,1,TRUE,1,"estimated at r = 1",-0.102297665836474,-3.70934221025552,0.000263706647075148,"***",-0.15665205837999,-0.0479432732929573,0.0190739779221112,1.87179083878831,0.0625747584832962,"*",-0.00101000215863914,0.0391579580028615,-0.857900287865637,NA,NA,14.4310883736065,0.000145382385132509,3.75976991340209,0.0524998023390737,7.379541571508,0.831547099576848,12,19.4205338640095,0.0788725919318595,6.42298096948984,NA,NA,NA,NA,NA
"C_full_whseconstr","SeaFreight","Warehouse_Construction","none","","","none","SBC",4,241,TRUE,1,1,0,1,TRUE,1,"estimated at r = 1",-0.102297665836474,-3.70934221025552,0.000263706647075148,"***",-0.15665205837999,-0.0479432732929573,0.0190739779221112,1.87179083878831,0.0625747584832962,"*",-0.00101000215863914,0.0391579580028615,-0.857900287865637,NA,NA,14.4310883736065,0.000145382385132509,3.75976991340209,0.0524998023390737,7.379541571508,0.831547099576848,12,19.4205338640095,0.0788725919318595,6.42298096948984,NA,NA,NA,NA,NA
"C_full_whseconstr","SeaFreight","Warehouse_Construction","none","","","const","AIC",4,241,TRUE,1,1,1,1,TRUE,1,"estimated at r = 1",-0.0968022957340246,-3.55661576513599,0.000460355764481471,"***",-0.150444110509444,-0.0431604809586054,0.0219571374115363,2.17596180110366,0.0306280793718154,"**",0.00206968254305685,0.0418445922800157,-0.859211263249689,-1.31811364094577,"constant",10.6666836062818,0.0010908251862517,4.0770832184544,0.043468634011076,8.05952794572422,0.780461337565942,12,20.8141129174308,0.053169641832074,6.80798797987873,NA,NA,NA,NA,NA
"C_full_whseconstr","SeaFreight","Warehouse_Construction","none","","","const","SBC",4,241,TRUE,1,1,1,1,TRUE,1,"estimated at r = 1",-0.0968022957340246,-3.55661576513599,0.000460355764481471,"***",-0.150444110509444,-0.0431604809586054,0.0219571374115363,2.17596180110366,0.0306280793718154,"**",0.00206968254305685,0.0418445922800157,-0.859211263249689,-1.31811364094577,"constant",10.6666836062818,0.0010908251862517,4.0770832184544,0.043468634011076,8.05952794572422,0.780461337565942,12,20.8141129174308,0.053169641832074,6.80798797987873,NA,NA,NA,NA,NA
"C_full_whseconstr","SeaFreight","Warehouse_Construction","none","","","trend","AIC",4,241,TRUE,1,1,0,1,TRUE,1,"estimated at r = 1",-0.102463642374446,-3.45484852818798,0.000661588267853014,"***",-0.160916615063445,-0.0440106696854468,0.0282899214922638,2.61105263388096,0.00965307025246246,"***",0.00693578868019288,0.0496440543043348,-1.084668888488,0.000787994262121428,"trend.l4",10.3931439288017,0.00126484077106193,6.0160228860889,0.014176558948902,7.31685253849123,0.835984098624274,12,20.2680403651969,0.0621824101963273,6.41199448333,NA,NA,NA,NA,NA
"C_full_whseconstr","SeaFreight","Warehouse_Construction","none","","","trend","SBC",4,241,TRUE,1,1,0,1,TRUE,1,"estimated at r = 1",-0.102463642374446,-3.45484852818798,0.000661588267853014,"***",-0.160916615063445,-0.0440106696854468,0.0282899214922638,2.61105263388096,0.00965307025246246,"***",0.00693578868019288,0.0496440543043348,-1.084668888488,0.000787994262121428,"trend.l4",10.3931439288017,0.00126484077106193,6.0160228860889,0.014176558948902,7.31685253849123,0.835984098624274,12,20.2680403651969,0.0621824101963273,6.41199448333,NA,NA,NA,NA,NA
"C_full_whseconstr","SeaFreight","Warehouse_Construction","orig","crisis;pandemic","","none","AIC",4,241,FALSE,1,1,1,1,TRUE,1,"estimated at r = 1",-0.0982322434175784,-3.52684383184603,0.000513544174423859,"***",-0.153130190420371,-0.0433342964147859,0.0231225025225073,2.277921533115,0.0237096350841797,"**",0.00311539315514384,0.0431296118898708,-0.877752988234327,NA,NA,11.7564146035379,0.000606339111086429,4.99374574952701,0.0254390841481317,7.03844115210395,0.855062768790652,12,19.4026063473962,0.0792645987411338,6.70366334945548,"pandemic",0.00343497825171619,0.489271457210937,-0.00290002928653282,0.577497714846396
"C_full_whseconstr","SeaFreight","Warehouse_Construction","orig","crisis;pandemic","","none","SBC",4,241,FALSE,1,1,1,1,TRUE,1,"estimated at r = 1",-0.0982322434175784,-3.52684383184603,0.000513544174423859,"***",-0.153130190420371,-0.0433342964147859,0.0231225025225073,2.277921533115,0.0237096350841797,"**",0.00311539315514384,0.0431296118898708,-0.877752988234327,NA,NA,11.7564146035379,0.000606339111086429,4.99374574952701,0.0254390841481317,7.03844115210395,0.855062768790652,12,19.4026063473962,0.0792645987411338,6.70366334945548,"pandemic",0.00343497825171619,0.489271457210937,-0.00290002928653282,0.577497714846396
"C_full_whseconstr","SeaFreight","Warehouse_Construction","orig","crisis;pandemic","","const","AIC",4,241,FALSE,1,1,1,1,TRUE,1,"estimated at r = 1",-0.0921636527663853,-3.36597712197373,0.000902007172022369,"***",-0.146130309554893,-0.0381969959778776,0.0256788000643017,2.57170871208845,0.0107877764957361,"**",0.00599858024048765,0.0453590198881158,-0.884283909775364,-1.19503826543396,"constant",9.21196863502245,0.00240438001529464,5.44761815795662,0.0195950246898449,7.40875699810856,0.82946226291439,12,19.723400712994,0.072502557113083,7.16867235269556,"pandemic",0.00439754773214452,0.366910483468538,-0.000850123133516247,0.861656355967586
"C_full_whseconstr","SeaFreight","Warehouse_Construction","orig","crisis;pandemic","","const","SBC",4,241,FALSE,1,1,1,1,TRUE,1,"estimated at r = 1",-0.0921636527663853,-3.36597712197373,0.000902007172022369,"***",-0.146130309554893,-0.0381969959778776,0.0256788000643017,2.57170871208845,0.0107877764957361,"**",0.00599858024048765,0.0453590198881158,-0.884283909775364,-1.19503826543396,"constant",9.21196863502245,0.00240438001529464,5.44761815795662,0.0195950246898449,7.40875699810856,0.82946226291439,12,19.723400712994,0.072502557113083,7.16867235269556,"pandemic",0.00439754773214452,0.366910483468538,-0.000850123133516247,0.861656355967586
"C_full_whseconstr","SeaFreight","Warehouse_Construction","orig","crisis;pandemic","","trend","AIC",4,241,FALSE,1,1,0,1,TRUE,1,"estimated at r = 1",-0.108149325635459,-3.55118410712148,0.000470701466753565,"***",-0.168175255716713,-0.0481233955542051,0.0298958996492026,2.70552171766985,0.00736404386696372,"***",0.0081163511037103,0.0516754481946949,-1.12064195891878,0.000922873812307694,"trend.l4",11.7683430485268,0.000602465830361276,6.92196480940035,0.00851433763542819,7.08620978460464,0.851864217006096,12,19.6337623931926,0.0743389206790023,6.05598442947949,"pandemic",0.00586085734515891,0.232053305181198,-0.0064616118918083,0.227578252417996
"C_full_whseconstr","SeaFreight","Warehouse_Construction","orig","crisis;pandemic","","trend","SBC",4,241,FALSE,1,1,0,1,TRUE,1,"estimated at r = 1",-0.108149325635459,-3.55118410712148,0.000470701466753565,"***",-0.168175255716713,-0.0481233955542051,0.0298958996492026,2.70552171766985,0.00736404386696372,"***",0.0081163511037103,0.0516754481946949,-1.12064195891878,0.000922873812307694,"trend.l4",11.7683430485268,0.000602465830361276,6.92196480940035,0.00851433763542819,7.08620978460464,0.851864217006096,12,19.6337623931926,0.0743389206790023,6.05598442947949,"pandemic",0.00586085734515891,0.232053305181198,-0.0064616118918083,0.227578252417996
"C_full_whseconstr","SeaFreight","Warehouse_Construction","za_step","crisis;pan_step","","none","AIC",8,241,FALSE,1,1,1,1,TRUE,1,"estimated at r = 1",-0.144695026670355,-4.43740275179835,1.48895820984909e-05,"***",-0.208987032816197,-0.080403020524513,-0.00489836041414729,-0.391695952905518,0.695691735922662,"",-0.0295549992677743,0.0197582784394798,-0.685886016845699,NA,NA,15.9439038334213,6.52475721297785e-05,0.131605593248807,0.716773079146098,5.2313194974121,0.949802911631087,12,15.7617875163668,0.20239185843637,4.43480286670932,"pan_step",0.0124736596106514,0.0242037776974317,-0.00686303205076071,0.181641745156315
"C_full_whseconstr","SeaFreight","Warehouse_Construction","za_step","crisis;pan_step","","none","SBC",4,241,FALSE,1,1,1,1,TRUE,1,"estimated at r = 1",-0.106584529355722,-3.78887929454393,0.000196241405516814,"***",-0.162030714739017,-0.0511383439724279,0.0175568609082799,1.68739447927869,0.0929709948436392,"*",-0.00295091273926414,0.038064634555824,-0.839241452117655,NA,NA,10.9828405309167,0.000919593727310986,2.25123597891443,0.133507729474855,7.45392392100883,0.826218136568927,12,19.5212091709451,0.0767026350823071,6.15018034738452,"pan_step",0.00253935003388657,0.564911783621125,-0.00355458561728448,0.496097961476635
"C_full_whseconstr","SeaFreight","Warehouse_Construction","za_step","crisis;pan_step","","const","AIC",8,241,FALSE,2,1,1,1,TRUE,1,"estimated at r = 1",-0.144042876074306,-4.484145477768,1.21781252591883e-05,"***",-0.207376110894686,-0.0807096412539262,-0.00817461833613478,-0.660129720364521,0.50991160467423,"",-0.0325896774063057,0.0162404407340361,-0.672179265167838,-2.25632926012997,"constant",13.7280571978935,0.000211274593451938,0.316800803812197,0.573536617622393,5.23403586423605,0.949701523854175,12,15.4189943478595,0.219318476131728,4.45653526154195,"pan_step",0.0133892325894794,0.0145959447483821,-0.00710051607123296,0.144848631680863
"C_full_whseconstr","SeaFreight","Warehouse_Construction","za_step","crisis;pan_step","","const","SBC",4,241,FALSE,2,2,1,2,TRUE,NA,"r = 2: full rank",NA,NA,NA,"",NA,NA,NA,NA,NA,"",NA,NA,NA,NA,NA,NA,NA,NA,NA,NA,NA,NA,NA,NA,NA,NA,NA,NA,NA,NA
"C_full_whseconstr","SeaFreight","Warehouse_Construction","za_step","crisis;pan_step","","trend","AIC",8,241,FALSE,2,2,2,2,TRUE,NA,"r = 2: full rank",NA,NA,NA,"",NA,NA,NA,NA,NA,"",NA,NA,NA,NA,NA,NA,NA,NA,NA,NA,NA,NA,NA,NA,NA,NA,NA,NA,NA,NA
"C_full_whseconstr","SeaFreight","Warehouse_Construction","za_step","crisis;pan_step","","trend","SBC",4,241,FALSE,2,2,2,2,TRUE,NA,"r = 2: full rank",NA,NA,NA,"",NA,NA,NA,NA,NA,"",NA,NA,NA,NA,NA,NA,NA,NA,NA,NA,NA,NA,NA,NA,NA,NA,NA,NA,NA,NA
"C_full_whseconstr","SeaFreight","Warehouse_Construction","za_window","crisis;pan_win","","none","AIC",4,241,FALSE,2,1,1,1,TRUE,1,"estimated at r = 1",-0.0884085576188228,-3.21689219208777,0.00149491957060839,"***",-0.142576965277752,-0.0342401499598934,0.0271064524694327,2.75573943077468,0.00635618624664191,"***",0.00771890814643161,0.0464939967924337,-0.906544154337281,NA,NA,7.19867865668502,0.00729572794895572,5.32679058605984,0.0210000210935237,6.60901929994784,0.882333733814118,12,22.3033323330507,0.0342575090812751,7.48835297488741,"pan_win",0.0127345377401803,0.158403326716485,-0.00287014658439364,0.578932847214563
"C_full_whseconstr","SeaFreight","Warehouse_Construction","za_window","crisis;pan_win","","none","SBC",4,241,FALSE,2,1,1,1,TRUE,1,"estimated at r = 1",-0.0884085576188228,-3.21689219208777,0.00149491957060839,"***",-0.142576965277752,-0.0342401499598934,0.0271064524694327,2.75573943077468,0.00635618624664191,"***",0.00771890814643161,0.0464939967924337,-0.906544154337281,NA,NA,7.19867865668502,0.00729572794895572,5.32679058605984,0.0210000210935237,6.60901929994784,0.882333733814118,12,22.3033323330507,0.0342575090812751,7.48835297488741,"pan_win",0.0127345377401803,0.158403326716485,-0.00287014658439364,0.578932847214563
"C_full_whseconstr","SeaFreight","Warehouse_Construction","za_window","crisis;pan_win","","const","AIC",4,241,FALSE,2,2,2,2,TRUE,NA,"r = 2: full rank",NA,NA,NA,"",NA,NA,NA,NA,NA,"",NA,NA,NA,NA,NA,NA,NA,NA,NA,NA,NA,NA,NA,NA,NA,NA,NA,NA,NA,NA
"C_full_whseconstr","SeaFreight","Warehouse_Construction","za_window","crisis;pan_win","","const","SBC",4,241,FALSE,2,2,2,2,TRUE,NA,"r = 2: full rank",NA,NA,NA,"",NA,NA,NA,NA,NA,"",NA,NA,NA,NA,NA,NA,NA,NA,NA,NA,NA,NA,NA,NA,NA,NA,NA,NA,NA,NA
"C_full_whseconstr","SeaFreight","Warehouse_Construction","za_window","crisis;pan_win","","trend","AIC",4,241,FALSE,2,1,1,1,TRUE,1,"estimated at r = 1",-0.070886207604742,-2.40078045698278,0.0172077011233491,"**",-0.129082801318521,-0.0126896138909635,0.044311439509672,4.34147062433622,2.17516611111788e-05,"***",0.0241942520572771,0.0644286269620669,-1.33238789284259,0.00139932260556375,"trend.l4",3.94566490403338,0.0469922795918813,12.4021101013553,0.000428848974560969,6.45552401803373,0.891402961644021,12,23.049631838836,0.0273075265848411,9.42748801226304,"pan_win",0.011680501558669,0.214791812338022,-0.00586428079869976,0.276440109185211
"C_full_whseconstr","SeaFreight","Warehouse_Construction","za_window","crisis;pan_win","","trend","SBC",4,241,FALSE,2,1,1,1,TRUE,1,"estimated at r = 1",-0.070886207604742,-2.40078045698278,0.0172077011233491,"**",-0.129082801318521,-0.0126896138909635,0.044311439509672,4.34147062433622,2.17516611111788e-05,"***",0.0241942520572771,0.0644286269620669,-1.33238789284259,0.00139932260556375,"trend.l4",3.94566490403338,0.0469922795918813,12.4021101013553,0.000428848974560969,6.45552401803373,0.891402961644021,12,23.049631838836,0.0273075265848411,9.42748801226304,"pan_win",0.011680501558669,0.214791812338022,-0.00586428079869976,0.276440109185211
"C_full_whseconstr","SeaFreight","Warehouse_Construction","za_series","crisis;brk_mode;brk_IC","","none","AIC",4,241,FALSE,1,1,1,1,TRUE,1,"estimated at r = 1",-0.115162003500968,-3.83581808883105,0.000164456376257994,"***",-0.174338719462737,-0.0559852875391992,0.0314105059910424,3.05380628461669,0.00254492219480242,"***",0.0111368020968713,0.0516842098852135,-0.762527995520738,NA,NA,14.439083920427,0.000144766485776104,9.27082045528896,0.00232833381980346,7.20934427915967,0.843474689442088,12,17.3027820341567,0.138558245246331,5.66524874159024,"brk_mode",-0.00384492770062584,0.772066389195837,-0.00430999080170868,0.409637275972264
"C_full_whseconstr","SeaFreight","Warehouse_Construction","za_series","crisis;brk_mode;brk_IC","","none","SBC",4,241,FALSE,1,1,1,1,TRUE,1,"estimated at r = 1",-0.115162003500968,-3.83581808883105,0.000164456376257994,"***",-0.174338719462737,-0.0559852875391992,0.0314105059910424,3.05380628461669,0.00254492219480242,"***",0.0111368020968713,0.0516842098852135,-0.762527995520738,NA,NA,14.439083920427,0.000144766485776104,9.27082045528896,0.00232833381980346,7.20934427915967,0.843474689442088,12,17.3027820341567,0.138558245246331,5.66524874159024,"brk_mode",-0.00384492770062584,0.772066389195837,-0.00430999080170868,0.409637275972264
"C_full_whseconstr","SeaFreight","Warehouse_Construction","za_series","crisis;brk_mode;brk_IC","","const","AIC",4,241,FALSE,2,2,1,2,TRUE,NA,"r = 2: full rank",NA,NA,NA,"",NA,NA,NA,NA,NA,"",NA,NA,NA,NA,NA,NA,NA,NA,NA,NA,NA,NA,NA,NA,NA,NA,NA,NA,NA,NA
"C_full_whseconstr","SeaFreight","Warehouse_Construction","za_series","crisis;brk_mode;brk_IC","","const","SBC",4,241,FALSE,2,2,1,2,TRUE,NA,"r = 2: full rank",NA,NA,NA,"",NA,NA,NA,NA,NA,"",NA,NA,NA,NA,NA,NA,NA,NA,NA,NA,NA,NA,NA,NA,NA,NA,NA,NA,NA,NA
"C_full_whseconstr","SeaFreight","Warehouse_Construction","za_series","crisis;brk_mode;brk_IC","","trend","AIC",4,241,FALSE,2,2,2,2,TRUE,NA,"r = 2: full rank",NA,NA,NA,"",NA,NA,NA,NA,NA,"",NA,NA,NA,NA,NA,NA,NA,NA,NA,NA,NA,NA,NA,NA,NA,NA,NA,NA,NA,NA
"C_full_whseconstr","SeaFreight","Warehouse_Construction","za_series","crisis;brk_mode;brk_IC","","trend","SBC",4,241,FALSE,2,2,2,2,TRUE,NA,"r = 2: full rank",NA,NA,NA,"",NA,NA,NA,NA,NA,"",NA,NA,NA,NA,NA,NA,NA,NA,NA,NA,NA,NA,NA,NA,NA,NA,NA,NA,NA,NA
"D_deflated_censusIC","LTL","Total_Inventories","none","","","none","AIC",2,252,TRUE,0,0,0,0,TRUE,NA,"r = 0: no cointegration",NA,NA,NA,"",NA,NA,NA,NA,NA,"",NA,NA,NA,NA,NA,NA,NA,NA,NA,NA,NA,NA,NA,NA,NA,NA,NA,NA,NA,NA
"D_deflated_censusIC","LTL","Total_Inventories","none","","","none","SBC",2,252,TRUE,0,0,0,0,TRUE,NA,"r = 0: no cointegration",NA,NA,NA,"",NA,NA,NA,NA,NA,"",NA,NA,NA,NA,NA,NA,NA,NA,NA,NA,NA,NA,NA,NA,NA,NA,NA,NA,NA,NA
"D_deflated_censusIC","LTL","Total_Inventories","none","","","const","AIC",2,252,TRUE,0,0,0,1,FALSE,NA,"r = 0: no cointegration",NA,NA,NA,"",NA,NA,NA,NA,NA,"",NA,NA,NA,NA,NA,NA,NA,NA,NA,NA,NA,NA,NA,NA,NA,NA,NA,NA,NA,NA
"D_deflated_censusIC","LTL","Total_Inventories","none","","","const","SBC",2,252,TRUE,0,0,0,1,FALSE,NA,"r = 0: no cointegration",NA,NA,NA,"",NA,NA,NA,NA,NA,"",NA,NA,NA,NA,NA,NA,NA,NA,NA,NA,NA,NA,NA,NA,NA,NA,NA,NA,NA,NA
"D_deflated_censusIC","LTL","Total_Inventories","none","","","trend","AIC",2,252,TRUE,1,1,1,1,TRUE,1,"estimated at r = 1",-0.176337026149746,-5.4240985695725,1.4451595076992e-07,"***",-0.240385152324456,-0.112288899975035,-0.0518652174162913,-1.729064019783,0.0851108984615458,"*",-0.110960881627951,0.00723044679536827,-0.747461866781924,-0.000819589264075113,"trend.l2",22.4731289298831,2.1310393577556e-06,2.43843238339835,0.118394490552199,17.8549540602378,0.120166115457107,12,8.63057975718922,0.734117812225367,3.57303697109726,NA,NA,NA,NA,NA
"D_deflated_censusIC","LTL","Total_Inventories","none","","","trend","SBC",2,252,TRUE,1,1,1,1,TRUE,1,"estimated at r = 1",-0.176337026149746,-5.4240985695725,1.4451595076992e-07,"***",-0.240385152324456,-0.112288899975035,-0.0518652174162913,-1.729064019783,0.0851108984615458,"*",-0.110960881627951,0.00723044679536827,-0.747461866781924,-0.000819589264075113,"trend.l2",22.4731289298831,2.1310393577556e-06,2.43843238339835,0.118394490552199,17.8549540602378,0.120166115457107,12,8.63057975718922,0.734117812225367,3.57303697109726,NA,NA,NA,NA,NA
"D_deflated_censusIC","LTL","Total_Inventories","orig","crisis;pandemic","","none","AIC",2,252,FALSE,1,1,0,1,TRUE,1,"estimated at r = 1",-0.0618428187370983,-3.02781917212081,0.00274041230892095,"***",-0.102083852320415,-0.0216017851537815,0.0291924499138652,1.62001256254965,0.106582192647732,"",-0.00631029621169767,0.064695196039428,-1.2526009815984,NA,NA,9.50270206711509,0.00205169539661321,2.75858228163922,0.0967339270527046,16.109234217265,0.186284013209899,12,8.29176420998292,0.761934581275212,10.8579473241595,"pandemic",0.00227221317664798,0.4228983876925,7.03840463146899e-05,0.980786526847986
"D_deflated_censusIC","LTL","Total_Inventories","orig","crisis;pandemic","","none","SBC",2,252,FALSE,1,1,0,1,TRUE,1,"estimated at r = 1",-0.0618428187370983,-3.02781917212081,0.00274041230892095,"***",-0.102083852320415,-0.0216017851537815,0.0291924499138652,1.62001256254965,0.106582192647732,"",-0.00631029621169767,0.064695196039428,-1.2526009815984,NA,NA,9.50270206711509,0.00205169539661321,2.75858228163922,0.0967339270527046,16.109234217265,0.186284013209899,12,8.29176420998292,0.761934581275212,10.8579473241595,"pandemic",0.00227221317664798,0.4228983876925,7.03840463146899e-05,0.980786526847986
"D_deflated_censusIC","LTL","Total_Inventories","orig","crisis;pandemic","","const","AIC",2,252,FALSE,1,1,0,1,TRUE,1,"estimated at r = 1",-0.0660021724276723,-3.25266725717674,0.00131194829657232,"***",-0.105979953783126,-0.0260243910722187,0.0244059952355228,1.35867476464927,0.175557927462574,"",-0.0109840492888807,0.0597960397599263,-1.24862026089776,11.5642204369692,"constant",8.87836414292481,0.00288569995794086,1.58329752236105,0.208286350711403,16.007604542983,0.190888008349652,12,8.33508876891409,0.758426791951894,10.1513669742799,"pandemic",0.00378206795369242,0.142238623633572,0.00130076208907242,0.634518988944512
"D_deflated_censusIC","LTL","Total_Inventories","orig","crisis;pandemic","","const","SBC",2,252,FALSE,1,1,0,1,TRUE,1,"estimated at r = 1",-0.0660021724276723,-3.25266725717674,0.00131194829657232,"***",-0.105979953783126,-0.0260243910722187,0.0244059952355228,1.35867476464927,0.175557927462574,"",-0.0109840492888807,0.0597960397599263,-1.24862026089776,11.5642204369692,"constant",8.87836414292481,0.00288569995794086,1.58329752236105,0.208286350711403,16.007604542983,0.190888008349652,12,8.33508876891409,0.758426791951894,10.1513669742799,"pandemic",0.00378206795369242,0.142238623633572,0.00130076208907242,0.634518988944512
"D_deflated_censusIC","LTL","Total_Inventories","orig","crisis;pandemic","","trend","AIC",2,252,FALSE,1,1,1,1,TRUE,1,"estimated at r = 1",-0.226836975686899,-5.8380972574202,1.76044299026433e-08,"***",-0.303388229485984,-0.150285721887814,-0.0344263563048704,-0.95280186080869,0.341677847491058,"",-0.105612955873075,0.0367602432633341,-0.779604208678829,-0.000692718491163171,"trend.l2",25.4186951636949,4.61424722875137e-07,0.736149124046178,0.390897250338715,17.077319046203,0.146711901982256,12,8.63198757545591,0.734000510908096,2.69428886804335,"pandemic",0.00771859025915996,0.00754571477950064,8.74497755821456e-05,0.974833617472912
"D_deflated_censusIC","LTL","Total_Inventories","orig","crisis;pandemic","","trend","SBC",2,252,FALSE,1,1,1,1,TRUE,1,"estimated at r = 1",-0.226836975686899,-5.8380972574202,1.76044299026433e-08,"***",-0.303388229485984,-0.150285721887814,-0.0344263563048704,-0.95280186080869,0.341677847491058,"",-0.105612955873075,0.0367602432633341,-0.779604208678829,-0.000692718491163171,"trend.l2",25.4186951636949,4.61424722875137e-07,0.736149124046178,0.390897250338715,17.077319046203,0.146711901982256,12,8.63198757545591,0.734000510908096,2.69428886804335,"pandemic",0.00771859025915996,0.00754571477950064,8.74497755821456e-05,0.974833617472912
"D_deflated_censusIC","LTL","Total_Inventories","za_step","crisis;pan_step","","none","AIC",2,252,FALSE,1,0,0,1,FALSE,NA,"r = 0: no cointegration",NA,NA,NA,"",NA,NA,NA,NA,NA,"",NA,NA,NA,NA,NA,NA,NA,NA,NA,NA,NA,NA,NA,NA,NA,NA,NA,NA,NA,NA
"D_deflated_censusIC","LTL","Total_Inventories","za_step","crisis;pan_step","","none","SBC",2,252,FALSE,1,0,0,1,FALSE,NA,"r = 0: no cointegration",NA,NA,NA,"",NA,NA,NA,NA,NA,"",NA,NA,NA,NA,NA,NA,NA,NA,NA,NA,NA,NA,NA,NA,NA,NA,NA,NA,NA,NA
"D_deflated_censusIC","LTL","Total_Inventories","za_step","crisis;pan_step","","const","AIC",2,252,FALSE,1,0,0,1,FALSE,NA,"r = 0: no cointegration",NA,NA,NA,"",NA,NA,NA,NA,NA,"",NA,NA,NA,NA,NA,NA,NA,NA,NA,NA,NA,NA,NA,NA,NA,NA,NA,NA,NA,NA
"D_deflated_censusIC","LTL","Total_Inventories","za_step","crisis;pan_step","","const","SBC",2,252,FALSE,1,0,0,1,FALSE,NA,"r = 0: no cointegration",NA,NA,NA,"",NA,NA,NA,NA,NA,"",NA,NA,NA,NA,NA,NA,NA,NA,NA,NA,NA,NA,NA,NA,NA,NA,NA,NA,NA,NA
"D_deflated_censusIC","LTL","Total_Inventories","za_step","crisis;pan_step","","trend","AIC",2,252,FALSE,1,1,1,1,TRUE,1,"estimated at r = 1",-0.17619842293765,-5.434323804134,1.38346505308253e-07,"***",-0.240078626312801,-0.112318219562499,-0.051415589351851,-1.72667653738293,0.0855511804801104,"*",-0.110082553602324,0.0072513748986215,-0.734340475513113,-0.000874142886673516,"trend.l2",21.729822666573,3.13873731161429e-06,2.3485082400325,0.125402960074372,18.2092827280955,0.109482166542208,12,9.20734695621302,0.685125631602389,3.57613876990833,"pan_step",-0.00201644809697792,0.360782653658766,-5.82283419540146e-05,0.983373599504749
"D_deflated_censusIC","LTL","Total_Inventories","za_step","crisis;pan_step","","trend","SBC",2,252,FALSE,1,1,1,1,TRUE,1,"estimated at r = 1",-0.17619842293765,-5.434323804134,1.38346505308253e-07,"***",-0.240078626312801,-0.112318219562499,-0.051415589351851,-1.72667653738293,0.0855511804801104,"*",-0.110082553602324,0.0072513748986215,-0.734340475513113,-0.000874142886673516,"trend.l2",21.729822666573,3.13873731161429e-06,2.3485082400325,0.125402960074372,18.2092827280955,0.109482166542208,12,9.20734695621302,0.685125631602389,3.57613876990833,"pan_step",-0.00201644809697792,0.360782653658766,-5.82283419540146e-05,0.983373599504749
"D_deflated_censusIC","LTL","Total_Inventories","za_window","crisis;pan_win","","none","AIC",2,252,FALSE,1,0,0,0,TRUE,NA,"r = 0: no cointegration",NA,NA,NA,"",NA,NA,NA,NA,NA,"",NA,NA,NA,NA,NA,NA,NA,NA,NA,NA,NA,NA,NA,NA,NA,NA,NA,NA,NA,NA
"D_deflated_censusIC","LTL","Total_Inventories","za_window","crisis;pan_win","","none","SBC",2,252,FALSE,1,0,0,0,TRUE,NA,"r = 0: no cointegration",NA,NA,NA,"",NA,NA,NA,NA,NA,"",NA,NA,NA,NA,NA,NA,NA,NA,NA,NA,NA,NA,NA,NA,NA,NA,NA,NA,NA,NA
"D_deflated_censusIC","LTL","Total_Inventories","za_window","crisis;pan_win","","const","AIC",2,252,FALSE,1,0,0,1,FALSE,NA,"r = 0: no cointegration",NA,NA,NA,"",NA,NA,NA,NA,NA,"",NA,NA,NA,NA,NA,NA,NA,NA,NA,NA,NA,NA,NA,NA,NA,NA,NA,NA,NA,NA
"D_deflated_censusIC","LTL","Total_Inventories","za_window","crisis;pan_win","","const","SBC",2,252,FALSE,1,0,0,1,FALSE,NA,"r = 0: no cointegration",NA,NA,NA,"",NA,NA,NA,NA,NA,"",NA,NA,NA,NA,NA,NA,NA,NA,NA,NA,NA,NA,NA,NA,NA,NA,NA,NA,NA,NA
"D_deflated_censusIC","LTL","Total_Inventories","za_window","crisis;pan_win","","trend","AIC",2,252,FALSE,1,1,1,1,TRUE,1,"estimated at r = 1",-0.191294438385472,-5.45086450994724,1.27404993318155e-07,"***",-0.260437203265442,-0.122151673505502,-0.0625014859586764,-1.93922013912821,0.05368188708537,"*",-0.126001382171263,0.000998410253910162,-0.763108217586452,-0.000771780577170726,"trend.l2",22.2274052411441,2.42192085575521e-06,3.00487604670899,0.083014326644948,16.8346968906204,0.15592197848591,12,9.76519376866297,0.636551497192695,3.26462855374216,"pan_win",0.0042205134829704,0.216109008103728,-7.34486538692786e-05,0.978875627947206
"D_deflated_censusIC","LTL","Total_Inventories","za_window","crisis;pan_win","","trend","SBC",2,252,FALSE,1,1,1,1,TRUE,1,"estimated at r = 1",-0.191294438385472,-5.45086450994724,1.27404993318155e-07,"***",-0.260437203265442,-0.122151673505502,-0.0625014859586764,-1.93922013912821,0.05368188708537,"*",-0.126001382171263,0.000998410253910162,-0.763108217586452,-0.000771780577170726,"trend.l2",22.2274052411441,2.42192085575521e-06,3.00487604670899,0.083014326644948,16.8346968906204,0.15592197848591,12,9.76519376866297,0.636551497192695,3.26462855374216,"pan_win",0.0042205134829704,0.216109008103728,-7.34486538692786e-05,0.978875627947206
"D_deflated_censusIC","LTL","Total_Inventories","za_series","crisis;brk_mode;brk_IC","","none","AIC",2,252,FALSE,2,2,2,2,TRUE,NA,"r = 2: full rank",NA,NA,NA,"",NA,NA,NA,NA,NA,"",NA,NA,NA,NA,NA,NA,NA,NA,NA,NA,NA,NA,NA,NA,NA,NA,NA,NA,NA,NA
"D_deflated_censusIC","LTL","Total_Inventories","za_series","crisis;brk_mode;brk_IC","","none","SBC",2,252,FALSE,2,2,2,2,TRUE,NA,"r = 2: full rank",NA,NA,NA,"",NA,NA,NA,NA,NA,"",NA,NA,NA,NA,NA,NA,NA,NA,NA,NA,NA,NA,NA,NA,NA,NA,NA,NA,NA,NA
"D_deflated_censusIC","LTL","Total_Inventories","za_series","crisis;brk_mode;brk_IC","","const","AIC",2,252,FALSE,2,2,2,2,TRUE,NA,"r = 2: full rank",NA,NA,NA,"",NA,NA,NA,NA,NA,"",NA,NA,NA,NA,NA,NA,NA,NA,NA,NA,NA,NA,NA,NA,NA,NA,NA,NA,NA,NA
"D_deflated_censusIC","LTL","Total_Inventories","za_series","crisis;brk_mode;brk_IC","","const","SBC",2,252,FALSE,2,2,2,2,TRUE,NA,"r = 2: full rank",NA,NA,NA,"",NA,NA,NA,NA,NA,"",NA,NA,NA,NA,NA,NA,NA,NA,NA,NA,NA,NA,NA,NA,NA,NA,NA,NA,NA,NA
"D_deflated_censusIC","LTL","Total_Inventories","za_series","crisis;brk_mode;brk_IC","","trend","AIC",2,252,FALSE,2,2,1,2,TRUE,NA,"r = 2: full rank",NA,NA,NA,"",NA,NA,NA,NA,NA,"",NA,NA,NA,NA,NA,NA,NA,NA,NA,NA,NA,NA,NA,NA,NA,NA,NA,NA,NA,NA
"D_deflated_censusIC","LTL","Total_Inventories","za_series","crisis;brk_mode;brk_IC","","trend","SBC",2,252,FALSE,2,2,1,2,TRUE,NA,"r = 2: full rank",NA,NA,NA,"",NA,NA,NA,NA,NA,"",NA,NA,NA,NA,NA,NA,NA,NA,NA,NA,NA,NA,NA,NA,NA,NA,NA,NA,NA,NA
"D_deflated_censusIC","Truckload","Total_Inventories","none","","","none","AIC",2,252,TRUE,0,0,0,0,TRUE,NA,"r = 0: no cointegration",NA,NA,NA,"",NA,NA,NA,NA,NA,"",NA,NA,NA,NA,NA,NA,NA,NA,NA,NA,NA,NA,NA,NA,NA,NA,NA,NA,NA,NA
"D_deflated_censusIC","Truckload","Total_Inventories","none","","","none","SBC",2,252,TRUE,0,0,0,0,TRUE,NA,"r = 0: no cointegration",NA,NA,NA,"",NA,NA,NA,NA,NA,"",NA,NA,NA,NA,NA,NA,NA,NA,NA,NA,NA,NA,NA,NA,NA,NA,NA,NA,NA,NA
"D_deflated_censusIC","Truckload","Total_Inventories","none","","","const","AIC",2,252,TRUE,0,0,0,0,TRUE,NA,"r = 0: no cointegration",NA,NA,NA,"",NA,NA,NA,NA,NA,"",NA,NA,NA,NA,NA,NA,NA,NA,NA,NA,NA,NA,NA,NA,NA,NA,NA,NA,NA,NA
"D_deflated_censusIC","Truckload","Total_Inventories","none","","","const","SBC",2,252,TRUE,0,0,0,0,TRUE,NA,"r = 0: no cointegration",NA,NA,NA,"",NA,NA,NA,NA,NA,"",NA,NA,NA,NA,NA,NA,NA,NA,NA,NA,NA,NA,NA,NA,NA,NA,NA,NA,NA,NA
"D_deflated_censusIC","Truckload","Total_Inventories","none","","","trend","AIC",2,252,TRUE,0,0,0,0,TRUE,NA,"r = 0: no cointegration",NA,NA,NA,"",NA,NA,NA,NA,NA,"",NA,NA,NA,NA,NA,NA,NA,NA,NA,NA,NA,NA,NA,NA,NA,NA,NA,NA,NA,NA
"D_deflated_censusIC","Truckload","Total_Inventories","none","","","trend","SBC",2,252,TRUE,0,0,0,0,TRUE,NA,"r = 0: no cointegration",NA,NA,NA,"",NA,NA,NA,NA,NA,"",NA,NA,NA,NA,NA,NA,NA,NA,NA,NA,NA,NA,NA,NA,NA,NA,NA,NA,NA,NA
"D_deflated_censusIC","Truckload","Total_Inventories","orig","crisis;pandemic","","none","AIC",2,252,FALSE,1,0,0,0,TRUE,NA,"r = 0: no cointegration",NA,NA,NA,"",NA,NA,NA,NA,NA,"",NA,NA,NA,NA,NA,NA,NA,NA,NA,NA,NA,NA,NA,NA,NA,NA,NA,NA,NA,NA
"D_deflated_censusIC","Truckload","Total_Inventories","orig","crisis;pandemic","","none","SBC",2,252,FALSE,1,0,0,0,TRUE,NA,"r = 0: no cointegration",NA,NA,NA,"",NA,NA,NA,NA,NA,"",NA,NA,NA,NA,NA,NA,NA,NA,NA,NA,NA,NA,NA,NA,NA,NA,NA,NA,NA,NA
"D_deflated_censusIC","Truckload","Total_Inventories","orig","crisis;pandemic","","const","AIC",2,252,FALSE,1,1,0,1,TRUE,1,"estimated at r = 1",-0.091081947053492,-3.62467383641387,0.000354960652078639,"***",-0.140588588992407,-0.0415753051145772,-0.00609478684451387,-0.377496569431857,0.706146773182726,"",-0.0379034639956883,0.0257138903066606,-0.250509666113696,2.70590975573532,"constant",9.78975445026503,0.00175486895186006,0.109935926180931,0.740217094716944,24.3116699354968,0.018443419769403,12,8.53656738646257,0.741920700179407,7.25805984727817,"pandemic",0.0117198089907539,0.00319794201122704,-0.000803315909194597,0.83174407265768
"D_deflated_censusIC","Truckload","Total_Inventories","orig","crisis;pandemic","","const","SBC",2,252,FALSE,1,1,0,1,TRUE,1,"estimated at r = 1",-0.091081947053492,-3.62467383641387,0.000354960652078639,"***",-0.140588588992407,-0.0415753051145772,-0.00609478684451387,-0.377496569431857,0.706146773182726,"",-0.0379034639956883,0.0257138903066606,-0.250509666113696,2.70590975573532,"constant",9.78975445026503,0.00175486895186006,0.109935926180931,0.740217094716944,24.3116699354968,0.018443419769403,12,8.53656738646257,0.741920700179407,7.25805984727817,"pandemic",0.0117198089907539,0.00319794201122704,-0.000803315909194597,0.83174407265768
"D_deflated_censusIC","Truckload","Total_Inventories","orig","crisis;pandemic","","trend","AIC",2,252,FALSE,1,0,0,0,TRUE,NA,"r = 0: no cointegration",NA,NA,NA,"",NA,NA,NA,NA,NA,"",NA,NA,NA,NA,NA,NA,NA,NA,NA,NA,NA,NA,NA,NA,NA,NA,NA,NA,NA,NA
"D_deflated_censusIC","Truckload","Total_Inventories","orig","crisis;pandemic","","trend","SBC",2,252,FALSE,1,0,0,0,TRUE,NA,"r = 0: no cointegration",NA,NA,NA,"",NA,NA,NA,NA,NA,"",NA,NA,NA,NA,NA,NA,NA,NA,NA,NA,NA,NA,NA,NA,NA,NA,NA,NA,NA,NA
"D_deflated_censusIC","Truckload","Total_Inventories","za_step","crisis;pan_step","","none","AIC",2,252,FALSE,0,0,0,0,TRUE,NA,"r = 0: no cointegration",NA,NA,NA,"",NA,NA,NA,NA,NA,"",NA,NA,NA,NA,NA,NA,NA,NA,NA,NA,NA,NA,NA,NA,NA,NA,NA,NA,NA,NA
"D_deflated_censusIC","Truckload","Total_Inventories","za_step","crisis;pan_step","","none","SBC",2,252,FALSE,0,0,0,0,TRUE,NA,"r = 0: no cointegration",NA,NA,NA,"",NA,NA,NA,NA,NA,"",NA,NA,NA,NA,NA,NA,NA,NA,NA,NA,NA,NA,NA,NA,NA,NA,NA,NA,NA,NA
"D_deflated_censusIC","Truckload","Total_Inventories","za_step","crisis;pan_step","","const","AIC",2,252,FALSE,0,0,0,0,TRUE,NA,"r = 0: no cointegration",NA,NA,NA,"",NA,NA,NA,NA,NA,"",NA,NA,NA,NA,NA,NA,NA,NA,NA,NA,NA,NA,NA,NA,NA,NA,NA,NA,NA,NA
"D_deflated_censusIC","Truckload","Total_Inventories","za_step","crisis;pan_step","","const","SBC",2,252,FALSE,0,0,0,0,TRUE,NA,"r = 0: no cointegration",NA,NA,NA,"",NA,NA,NA,NA,NA,"",NA,NA,NA,NA,NA,NA,NA,NA,NA,NA,NA,NA,NA,NA,NA,NA,NA,NA,NA,NA
"D_deflated_censusIC","Truckload","Total_Inventories","za_step","crisis;pan_step","","trend","AIC",2,252,FALSE,0,0,0,0,TRUE,NA,"r = 0: no cointegration",NA,NA,NA,"",NA,NA,NA,NA,NA,"",NA,NA,NA,NA,NA,NA,NA,NA,NA,NA,NA,NA,NA,NA,NA,NA,NA,NA,NA,NA
"D_deflated_censusIC","Truckload","Total_Inventories","za_step","crisis;pan_step","","trend","SBC",2,252,FALSE,0,0,0,0,TRUE,NA,"r = 0: no cointegration",NA,NA,NA,"",NA,NA,NA,NA,NA,"",NA,NA,NA,NA,NA,NA,NA,NA,NA,NA,NA,NA,NA,NA,NA,NA,NA,NA,NA,NA
"D_deflated_censusIC","Truckload","Total_Inventories","za_window","crisis;pan_win","","none","AIC",2,252,FALSE,1,1,0,1,TRUE,1,"estimated at r = 1",-0.114273457834137,-4.08331915482626,6.10559941686643e-05,"***",-0.169410292285346,-0.0591366233829284,-0.0344208674159306,-1.91746481739386,0.056401686253834,"*",-0.0697883535477443,0.000946618715883127,-0.294299998485338,NA,NA,15.0825760360753,0.000102908793824352,3.42815321657459,0.0640937359001525,25.3511318882198,0.0132438619150238,12,9.04541930632779,0.699046199856965,5.71210718892284,"pan_win",0.0191999228954142,0.000684522261030474,-0.00195923758328579,0.622086916115093
"D_deflated_censusIC","Truckload","Total_Inventories","za_window","crisis;pan_win","","none","SBC",2,252,FALSE,1,1,0,1,TRUE,1,"estimated at r = 1",-0.114273457834137,-4.08331915482626,6.10559941686643e-05,"***",-0.169410292285346,-0.0591366233829284,-0.0344208674159306,-1.91746481739386,0.056401686253834,"*",-0.0697883535477443,0.000946618715883127,-0.294299998485338,NA,NA,15.0825760360753,0.000102908793824352,3.42815321657459,0.0640937359001525,25.3511318882198,0.0132438619150238,12,9.04541930632779,0.699046199856965,5.71210718892284,"pan_win",0.0191999228954142,0.000684522261030474,-0.00195923758328579,0.622086916115093
"D_deflated_censusIC","Truckload","Total_Inventories","za_window","crisis;pan_win","","const","AIC",2,252,FALSE,1,1,0,1,TRUE,1,"estimated at r = 1",-0.114459332214579,-4.11856700998888,5.29006196935025e-05,"***",-0.169211985199928,-0.0597066792292302,-0.0318132291360322,-1.77931607444369,0.0764859175063796,"*",-0.0670385329289921,0.00341207465692759,-0.300242884609902,3.14244989694909,"constant",13.5650447793283,0.000230436917064036,2.62142581030009,0.105429668470405,25.3825112221031,0.0131107309888995,12,9.25623109723912,0.68090306853153,5.70224479844516,"pan_win",0.0192163922105584,0.000564179875114206,-0.00187426179159569,0.616195583223809
"D_deflated_censusIC","Truckload","Total_Inventories","za_window","crisis;pan_win","","const","SBC",2,252,FALSE,1,1,0,1,TRUE,1,"estimated at r = 1",-0.114459332214579,-4.11856700998888,5.29006196935025e-05,"***",-0.169211985199928,-0.0597066792292302,-0.0318132291360322,-1.77931607444369,0.0764859175063796,"*",-0.0670385329289921,0.00341207465692759,-0.300242884609902,3.14244989694909,"constant",13.5650447793283,0.000230436917064036,2.62142581030009,0.105429668470405,25.3825112221031,0.0131107309888995,12,9.25623109723912,0.68090306853153,5.70224479844516,"pan_win",0.0192163922105584,0.000564179875114206,-0.00187426179159569,0.616195583223809
"D_deflated_censusIC","Truckload","Total_Inventories","za_window","crisis;pan_win","","trend","AIC",2,252,FALSE,1,1,0,1,TRUE,1,"estimated at r = 1",-0.129638448743998,-4.30549094321717,2.45541233293727e-05,"***",-0.188961151733845,-0.0703157457541513,-0.0224846594327004,-1.15407982789681,0.249649808330115,"",-0.0608695449122013,0.0159002260468005,-0.537320387255096,0.000408528550982305,"trend.l2",13.1388612472132,0.000289233593649296,0.989125812483942,0.319956127447879,28.0997986306336,0.00534903786833185,12,8.88353859007393,0.712844302258046,4.99218052771084,"pan_win",0.0254025305848468,9.56844253997823e-05,-0.00181824982768167,0.645984325074918
"D_deflated_censusIC","Truckload","Total_Inventories","za_window","crisis;pan_win","","trend","SBC",2,252,FALSE,1,1,0,1,TRUE,1,"estimated at r = 1",-0.129638448743998,-4.30549094321717,2.45541233293727e-05,"***",-0.188961151733845,-0.0703157457541513,-0.0224846594327004,-1.15407982789681,0.249649808330115,"",-0.0608695449122013,0.0159002260468005,-0.537320387255096,0.000408528550982305,"trend.l2",13.1388612472132,0.000289233593649296,0.989125812483942,0.319956127447879,28.0997986306336,0.00534903786833185,12,8.88353859007393,0.712844302258046,4.99218052771084,"pan_win",0.0254025305848468,9.56844253997823e-05,-0.00181824982768167,0.645984325074918
"D_deflated_censusIC","Truckload","Total_Inventories","za_series","crisis;brk_mode;brk_IC","","none","AIC",2,252,FALSE,0,0,0,0,TRUE,NA,"r = 0: no cointegration",NA,NA,NA,"",NA,NA,NA,NA,NA,"",NA,NA,NA,NA,NA,NA,NA,NA,NA,NA,NA,NA,NA,NA,NA,NA,NA,NA,NA,NA
"D_deflated_censusIC","Truckload","Total_Inventories","za_series","crisis;brk_mode;brk_IC","","none","SBC",2,252,FALSE,0,0,0,0,TRUE,NA,"r = 0: no cointegration",NA,NA,NA,"",NA,NA,NA,NA,NA,"",NA,NA,NA,NA,NA,NA,NA,NA,NA,NA,NA,NA,NA,NA,NA,NA,NA,NA,NA,NA
"D_deflated_censusIC","Truckload","Total_Inventories","za_series","crisis;brk_mode;brk_IC","","const","AIC",2,252,FALSE,0,0,0,0,TRUE,NA,"r = 0: no cointegration",NA,NA,NA,"",NA,NA,NA,NA,NA,"",NA,NA,NA,NA,NA,NA,NA,NA,NA,NA,NA,NA,NA,NA,NA,NA,NA,NA,NA,NA
"D_deflated_censusIC","Truckload","Total_Inventories","za_series","crisis;brk_mode;brk_IC","","const","SBC",2,252,FALSE,0,0,0,0,TRUE,NA,"r = 0: no cointegration",NA,NA,NA,"",NA,NA,NA,NA,NA,"",NA,NA,NA,NA,NA,NA,NA,NA,NA,NA,NA,NA,NA,NA,NA,NA,NA,NA,NA,NA
"D_deflated_censusIC","Truckload","Total_Inventories","za_series","crisis;brk_mode;brk_IC","","trend","AIC",2,252,FALSE,0,0,0,0,TRUE,NA,"r = 0: no cointegration",NA,NA,NA,"",NA,NA,NA,NA,NA,"",NA,NA,NA,NA,NA,NA,NA,NA,NA,NA,NA,NA,NA,NA,NA,NA,NA,NA,NA,NA
"D_deflated_censusIC","Truckload","Total_Inventories","za_series","crisis;brk_mode;brk_IC","","trend","SBC",2,252,FALSE,0,0,0,0,TRUE,NA,"r = 0: no cointegration",NA,NA,NA,"",NA,NA,NA,NA,NA,"",NA,NA,NA,NA,NA,NA,NA,NA,NA,NA,NA,NA,NA,NA,NA,NA,NA,NA,NA,NA
"D_deflated_censusIC","Local","Total_Inventories","none","","","none","AIC",6,252,TRUE,1,0,0,1,FALSE,NA,"r = 0: no cointegration",NA,NA,NA,"",NA,NA,NA,NA,NA,"",NA,NA,NA,NA,NA,NA,NA,NA,NA,NA,NA,NA,NA,NA,NA,NA,NA,NA,NA,NA
"D_deflated_censusIC","Local","Total_Inventories","none","","","none","SBC",2,252,TRUE,0,0,0,0,TRUE,NA,"r = 0: no cointegration",NA,NA,NA,"",NA,NA,NA,NA,NA,"",NA,NA,NA,NA,NA,NA,NA,NA,NA,NA,NA,NA,NA,NA,NA,NA,NA,NA,NA,NA
"D_deflated_censusIC","Local","Total_Inventories","none","","","const","AIC",6,252,TRUE,0,0,0,1,FALSE,NA,"r = 0: no cointegration",NA,NA,NA,"",NA,NA,NA,NA,NA,"",NA,NA,NA,NA,NA,NA,NA,NA,NA,NA,NA,NA,NA,NA,NA,NA,NA,NA,NA,NA
"D_deflated_censusIC","Local","Total_Inventories","none","","","const","SBC",2,252,TRUE,0,0,0,0,TRUE,NA,"r = 0: no cointegration",NA,NA,NA,"",NA,NA,NA,NA,NA,"",NA,NA,NA,NA,NA,NA,NA,NA,NA,NA,NA,NA,NA,NA,NA,NA,NA,NA,NA,NA
"D_deflated_censusIC","Local","Total_Inventories","none","","","trend","AIC",6,252,TRUE,0,0,0,0,TRUE,NA,"r = 0: no cointegration",NA,NA,NA,"",NA,NA,NA,NA,NA,"",NA,NA,NA,NA,NA,NA,NA,NA,NA,NA,NA,NA,NA,NA,NA,NA,NA,NA,NA,NA
"D_deflated_censusIC","Local","Total_Inventories","none","","","trend","SBC",2,252,TRUE,0,0,0,0,TRUE,NA,"r = 0: no cointegration",NA,NA,NA,"",NA,NA,NA,NA,NA,"",NA,NA,NA,NA,NA,NA,NA,NA,NA,NA,NA,NA,NA,NA,NA,NA,NA,NA,NA,NA
"D_deflated_censusIC","Local","Total_Inventories","orig","crisis;pandemic","","none","AIC",6,252,FALSE,1,1,0,1,TRUE,1,"estimated at r = 1",-0.114894019974604,-4.09650274534788,5.88782978415187e-05,"***",-0.170167536039943,-0.0596205039092644,-0.0550863470206529,-2.34239026275778,0.0200496612353658,"**",-0.101432921088758,-0.00873977295254815,-0.207910040619071,NA,NA,15.1964299661754,9.68864141506209e-05,5.11125313103251,0.0237711446397704,15.6828675947129,0.206196826607928,12,6.34134479577732,0.897906983147709,5.67930492078419,"pandemic",0.00345981501744977,0.233345415111197,0.00600842985621602,0.0828012408597739
"D_deflated_censusIC","Local","Total_Inventories","orig","crisis;pandemic","","none","SBC",2,252,FALSE,1,0,0,0,TRUE,NA,"r = 0: no cointegration",NA,NA,NA,"",NA,NA,NA,NA,NA,"",NA,NA,NA,NA,NA,NA,NA,NA,NA,NA,NA,NA,NA,NA,NA,NA,NA,NA,NA,NA
"D_deflated_censusIC","Local","Total_Inventories","orig","crisis;pandemic","","const","AIC",6,252,FALSE,1,1,0,1,TRUE,1,"estimated at r = 1",-0.114894126497495,-4.10567748060929,5.66656364791181e-05,"***",-0.170042809226926,-0.0597454437680643,-0.0550914146187834,-2.33794967793099,0.0202794298592898,"**",-0.101529137052561,-0.0086536921850062,-0.207901713579196,2.25843638209629,"constant",12.1124458364835,0.000500863961524933,4.05772080443558,0.0439698082406486,15.6886824878929,0.205914606685857,12,6.15567124489371,0.908032111468316,5.67929932047273,"pandemic",0.00335017581084218,0.198508135789394,0.00588801061132988,0.0628320066164334
"D_deflated_censusIC","Local","Total_Inventories","orig","crisis;pandemic","","const","SBC",2,252,FALSE,2,1,0,0,FALSE,1,"estimated at r = 1",-0.0963960058064031,-3.52301790754074,0.00051295158213711,"***",-0.150302896704505,-0.0424891149083011,-0.0568960203849788,-2.55951779545929,0.0111118282311266,"**",-0.10069095004365,-0.0131010907263075,-0.171873657326238,1.93109619378113,"constant",5.51371348553343,0.0188679456066522,2.96604695537183,0.085029398390424,22.7456944429625,0.0299641560823769,12,9.63387411176053,0.648045712061632,6.83819377631755,"pandemic",0.00372315508401187,0.164964227523351,0.00582296208179658,0.0669384877267237
"D_deflated_censusIC","Local","Total_Inventories","orig","crisis;pandemic","","trend","AIC",6,252,FALSE,1,1,1,1,TRUE,1,"estimated at r = 1",-0.137710588569159,-4.38647480771665,1.78326494525661e-05,"***",-0.199581229079401,-0.0758399480589181,-0.0211362703765029,-0.790184716118718,0.430266956349057,"",-0.0738510806348626,0.0315785398818567,-0.472077157940964,0.000505651987223485,"trend.l6",12.5272136240728,0.000401067458047355,0.430010276423139,0.511983905801949,16.2691922538946,0.179215327721354,12,5.48715692685458,0.939701310260324,4.67823277556663,"pandemic",0.00812891109805779,0.0170251252281151,0.00727785006581178,0.0391089908017867
"D_deflated_censusIC","Local","Total_Inventories","orig","crisis;pandemic","","trend","SBC",2,252,FALSE,1,1,0,1,TRUE,1,"estimated at r = 1",-0.117713748811941,-3.89686190728359,0.000127403385877837,"***",-0.177228135206251,-0.0581993624176317,-0.00810881428619357,-0.325594334613749,0.745023503168919,"",-0.057175904031858,0.0409582754594708,-0.546879260440536,0.000625609624599532,"trend.l2",8.1258220125606,0.00436391935375158,0.0594328666250189,0.807394573494465,24.2383209466261,0.0188745296760177,12,8.2508083066155,0.76523623611786,5.5346073275482,"pandemic",0.00870798615421005,0.0124077691352765,0.00794725396272148,0.0231079417236969
"D_deflated_censusIC","Local","Total_Inventories","za_step","crisis;pan_step","","none","AIC",6,252,FALSE,1,1,0,1,TRUE,1,"estimated at r = 1",-0.102966823935471,-3.99474841454467,8.82139608259257e-05,"***",-0.153764144033123,-0.0521695038378186,-0.050495798642457,-2.33583601628151,0.0203956190080729,"**",-0.0930993509099731,-0.00789224637494089,-0.257723918443023,NA,NA,11.365211848298,0.000748325413310602,4.00597679473456,0.0453392183839642,15.8578367314103,0.197834519186467,12,6.20195377691058,0.905561141215977,6.378903615747,"pan_step",-0.00155463252110518,0.52010240010299,0.00511305307934636,0.124558352285046
"D_deflated_censusIC","Local","Total_Inventories","za_step","crisis;pan_step","","none","SBC",2,252,FALSE,2,1,0,0,FALSE,1,"estimated at r = 1",-0.0815223525002418,-3.2464968182611,0.00134021765081918,"***",-0.130995723998754,-0.0320489810017298,-0.0539791428989006,-2.66583054566717,0.00821745465564587,"***",-0.0938727430029512,-0.0140855427948501,-0.18764873629835,NA,NA,4.91663282816044,0.0265993097917839,3.35207190741032,0.0671204811142665,22.3484031883008,0.0337955769570537,12,9.7722328173035,0.635934773863022,8.15105647257515,"pan_step",-0.00115181234178183,0.642605852226905,0.00501606894140596,0.129235773719278
"D_deflated_censusIC","Local","Total_Inventories","za_step","crisis;pan_step","","const","AIC",6,252,FALSE,1,1,0,1,TRUE,1,"estimated at r = 1",-0.10294020365488,-4.00636236367937,8.41558466933188e-05,"***",-0.153575918101876,-0.0523044892078846,-0.0499724188863194,-2.31610605176738,0.0214647246276251,"**",-0.0924924992540421,-0.00745233851859659,-0.259289146116485,2.7177019629646,"constant",10.5411783230443,0.0011674396687914,3.63737704890028,0.0564958741863077,15.8612274580699,0.197675103968465,12,6.19603915270194,0.905878885596101,6.3806461564033,"pan_step",-0.00161941624072889,0.46101142823046,0.00506998111279882,0.102155510988732
"D_deflated_censusIC","Local","Total_Inventories","za_step","crisis;pan_step","","const","SBC",2,252,FALSE,2,1,0,0,FALSE,1,"estimated at r = 1",-0.0799530085105724,-3.20362499584774,0.00154584824666763,"***",-0.129122218752092,-0.0307837982690525,-0.0556270711611211,-2.76531910005364,0.00614023856587594,"***",-0.0952586192433816,-0.0159955230788605,-0.175072706664674,1.95113822803657,"constant",3.70300694737934,0.0543145019368658,2.7838234987659,0.0952205985093765,22.3395670070176,0.0338856867393174,12,9.90291027044392,0.624478022230411,8.31804573248599,"pan_step",-0.00147801366439678,0.510933185720034,0.00440622293008382,0.152793130557645
"D_deflated_censusIC","Local","Total_Inventories","za_step","crisis;pan_step","","trend","AIC",6,252,FALSE,1,1,0,0,FALSE,1,"estimated at r = 1",-0.107189289089835,-4.04243812629138,7.30580485230381e-05,"***",-0.159445862228011,-0.0549327159516576,-0.046568659194174,-2.08724212897053,0.0380125291515805,"**",-0.0905383912350232,-0.00259892715332483,-0.337869792829162,0.000156349687523576,"trend.l6",9.57362382612815,0.00197392761615944,2.65065165816855,0.103507456766293,16.0616329946947,0.188429440975904,12,6.06176769661579,0.912936387649832,6.11344998756733,"pan_step",-0.00039216067220099,0.870539534284357,0.00524455433832937,0.115570272541581
"D_deflated_censusIC","Local","Total_Inventories","za_step","crisis;pan_step","","trend","SBC",2,252,FALSE,0,0,0,0,TRUE,NA,"r = 0: no cointegration",NA,NA,NA,"",NA,NA,NA,NA,NA,"",NA,NA,NA,NA,NA,NA,NA,NA,NA,NA,NA,NA,NA,NA,NA,NA,NA,NA,NA,NA
"D_deflated_censusIC","Local","Total_Inventories","za_window","crisis;pan_win","","none","AIC",6,252,FALSE,1,1,0,1,TRUE,1,"estimated at r = 1",-0.103375740273577,-3.92767250948449,0.000114662554463183,"***",-0.155245744167405,-0.0515057363797485,-0.0580168972249302,-2.63982744499628,0.00888593489222082,"***",-0.101329260014815,-0.014704534435045,-0.220232980938589,NA,NA,12.7147307071343,0.000362786528288916,5.87502049789962,0.0153571941992835,15.7368878887436,0.203586446106277,12,6.53879909799349,0.886528510549574,6.35224896147458,"pan_win",0.000757192599924294,0.830954018356161,0.00495203657776116,0.137748725580592
"D_deflated_censusIC","Local","Total_Inventories","za_window","crisis;pan_win","","none","SBC",2,252,FALSE,1,0,0,0,TRUE,NA,"r = 0: no cointegration",NA,NA,NA,"",NA,NA,NA,NA,NA,"",NA,NA,NA,NA,NA,NA,NA,NA,NA,NA,NA,NA,NA,NA,NA,NA,NA,NA,NA,NA
"D_deflated_censusIC","Local","Total_Inventories","za_window","crisis;pan_win","","const","AIC",6,252,FALSE,1,1,0,1,TRUE,1,"estimated at r = 1",-0.10336814080282,-3.9359103881532,0.000110909080723392,"***",-0.155124491794393,-0.0516117898112465,-0.0580549029037467,-2.64411211401532,0.00877501560810835,"***",-0.101324333833164,-0.0147854719743296,-0.220137953421265,2.3640096068298,"constant",11.6261237200158,0.000650319396108379,5.37335442938205,0.0204466199265642,15.7440114477,0.203244130835858,12,6.5958167116752,0.883128274124598,6.35274240143555,"pan_win",0.000569949978113841,0.865472104895863,0.00473904062251622,0.124899589321574
"D_deflated_censusIC","Local","Total_Inventories","za_window","crisis;pan_win","","const","SBC",2,252,FALSE,1,0,0,0,TRUE,NA,"r = 0: no cointegration",NA,NA,NA,"",NA,NA,NA,NA,NA,"",NA,NA,NA,NA,NA,NA,NA,NA,NA,NA,NA,NA,NA,NA,NA,NA,NA,NA,NA,NA
"D_deflated_censusIC","Local","Total_Inventories","za_window","crisis;pan_win","","trend","AIC",6,252,FALSE,1,1,0,0,FALSE,1,"estimated at r = 1",-0.115353594364839,-4.12547054683291,5.24025174399504e-05,"***",-0.17045853738583,-0.0602486513438475,-0.0499978107454453,-2.12266182624007,0.0348948157667683,"**",-0.0964175926528948,-0.0035780288379959,-0.383041918877019,0.00026553397154241,"trend.l6",10.3978148508772,0.00126164525592154,2.86147010782666,0.0907245478479632,16.1986957326967,0.182304002232344,12,6.17165949515423,0.90718251658138,5.65523946764199,"pan_win",0.00355572509464037,0.33506696766202,0.00571102791368516,0.0899042745176938
"D_deflated_censusIC","Local","Total_Inventories","za_window","crisis;pan_win","","trend","SBC",2,252,FALSE,0,0,0,0,TRUE,NA,"r = 0: no cointegration",NA,NA,NA,"",NA,NA,NA,NA,NA,"",NA,NA,NA,NA,NA,NA,NA,NA,NA,NA,NA,NA,NA,NA,NA,NA,NA,NA,NA,NA
"D_deflated_censusIC","Local","Total_Inventories","za_series","crisis;brk_mode;brk_IC","","none","AIC",6,252,FALSE,1,1,0,1,TRUE,1,"estimated at r = 1",-0.11740421674891,-4.16459230339983,4.47977745203075e-05,"***",-0.172963289542045,-0.061845143955775,-0.0594496921420202,-2.51711740405088,0.0125446847548073,"**",-0.105996502215519,-0.0129028820685217,-0.139439934419258,NA,NA,14.7680303847525,0.000121579349268819,5.55304104648813,0.018448607294378,16.5413115133229,0.167681231821909,12,6.42478640840075,0.893174407372777,5.55015216563965,"brk_mode",0.00449899368627155,0.0511025655687447,0.00581052639721458,0.0892560093768699
"D_deflated_censusIC","Local","Total_Inventories","za_series","crisis;brk_mode;brk_IC","","none","SBC",2,252,FALSE,1,1,0,0,FALSE,1,"estimated at r = 1",-0.097126269212226,-3.59938270567675,0.000389953567583426,"***",-0.150291565696794,-0.043960972727658,-0.0596794668875768,-2.73735379874244,0.00667349546781822,"***",-0.102634450801631,-0.0167244829735226,-0.0829922551470782,NA,NA,9.6729160875511,0.00187004259627155,5.67680920259382,0.0171906031308547,23.0156790783169,0.027593126329109,12,9.5655669775598,0.654013871592362,6.78408296574949,"brk_mode",0.00533077108004971,0.029111288089797,0.0061846104334199,0.0665052628587266
"D_deflated_censusIC","Local","Total_Inventories","za_series","crisis;brk_mode;brk_IC","","const","AIC",6,252,FALSE,1,1,0,1,TRUE,1,"estimated at r = 1",-0.117385257126564,-4.25217436729939,3.12481752741717e-05,"***",-0.171789830307819,-0.0629806839453095,-0.0595886979076535,-2.57651659801273,0.0106312198464972,"**",-0.10516760088945,-0.0140097949258568,-0.139091980096886,1.62895649258189,"constant",15.4465690957485,8.4870874158427e-05,5.84195571719193,0.015648423772749,16.5376976369317,0.167830413942508,12,6.42758288292629,0.893013865850683,5.55110698715437,"brk_mode",0.00450415902638719,0.0503207229337402,0.0058096277270606,0.0819570100247962
"D_deflated_censusIC","Local","Total_Inventories","za_series","crisis;brk_mode;brk_IC","","const","SBC",2,252,FALSE,1,0,0,0,TRUE,NA,"r = 0: no cointegration",NA,NA,NA,"",NA,NA,NA,NA,NA,"",NA,NA,NA,NA,NA,NA,NA,NA,NA,NA,NA,NA,NA,NA,NA,NA,NA,NA,NA,NA
"D_deflated_censusIC","Local","Total_Inventories","za_series","crisis;brk_mode;brk_IC","","trend","AIC",6,252,FALSE,1,1,1,1,TRUE,1,"estimated at r = 1",-0.176560960820705,-5.64829602306563,4.9788858637416e-08,"***",-0.23816667829042,-0.11495524335099,-0.0457331579750369,-1.68189955720646,0.094007174331721,"*",-0.0993220676744529,0.00785575172437922,-0.452497177448864,0.00118224969542511,"trend.l6",26.8984736163884,2.14428164113656e-07,2.56739288968576,0.109087382116904,17.9249114240519,0.117989562983701,12,5.86984474045873,0.922500300704038,3.56803579564336,"brk_mode",0.0188528857666093,1.26530616525682e-06,0.00614206059947814,0.0621880406479234
"D_deflated_censusIC","Local","Total_Inventories","za_series","crisis;brk_mode;brk_IC","","trend","SBC",2,252,FALSE,1,1,1,1,TRUE,1,"estimated at r = 1",-0.16161260575268,-5.19741196325372,4.42781961165216e-07,"***",-0.222876930290349,-0.100348281215011,-0.0457665954984424,-1.75517288875106,0.080549630744227,"*",-0.0971411730720333,0.00560798207514861,-0.438888119867421,0.00122714002115076,"trend.l2",20.3424419403188,6.47483307103514e-06,2.46697689686796,0.11626134461192,26.7845320240746,0.00829821938740505,12,8.79419881103265,0.720400833724156,3.93219218020392,"brk_mode",0.0191685532693439,3.43930547873879e-06,0.00726114947520156,0.0263669487366172
"D_deflated_censusIC","Airfreight","Total_Inventories","none","","","none","AIC",6,252,TRUE,0,0,0,0,TRUE,NA,"r = 0: no cointegration",NA,NA,NA,"",NA,NA,NA,NA,NA,"",NA,NA,NA,NA,NA,NA,NA,NA,NA,NA,NA,NA,NA,NA,NA,NA,NA,NA,NA,NA
"D_deflated_censusIC","Airfreight","Total_Inventories","none","","","none","SBC",2,252,TRUE,0,0,0,0,TRUE,NA,"r = 0: no cointegration",NA,NA,NA,"",NA,NA,NA,NA,NA,"",NA,NA,NA,NA,NA,NA,NA,NA,NA,NA,NA,NA,NA,NA,NA,NA,NA,NA,NA,NA
"D_deflated_censusIC","Airfreight","Total_Inventories","none","","","const","AIC",6,252,TRUE,0,0,0,0,TRUE,NA,"r = 0: no cointegration",NA,NA,NA,"",NA,NA,NA,NA,NA,"",NA,NA,NA,NA,NA,NA,NA,NA,NA,NA,NA,NA,NA,NA,NA,NA,NA,NA,NA,NA
"D_deflated_censusIC","Airfreight","Total_Inventories","none","","","const","SBC",2,252,TRUE,0,0,0,0,TRUE,NA,"r = 0: no cointegration",NA,NA,NA,"",NA,NA,NA,NA,NA,"",NA,NA,NA,NA,NA,NA,NA,NA,NA,NA,NA,NA,NA,NA,NA,NA,NA,NA,NA,NA
"D_deflated_censusIC","Airfreight","Total_Inventories","none","","","trend","AIC",6,252,TRUE,0,0,0,0,TRUE,NA,"r = 0: no cointegration",NA,NA,NA,"",NA,NA,NA,NA,NA,"",NA,NA,NA,NA,NA,NA,NA,NA,NA,NA,NA,NA,NA,NA,NA,NA,NA,NA,NA,NA
"D_deflated_censusIC","Airfreight","Total_Inventories","none","","","trend","SBC",2,252,TRUE,0,0,0,0,TRUE,NA,"r = 0: no cointegration",NA,NA,NA,"",NA,NA,NA,NA,NA,"",NA,NA,NA,NA,NA,NA,NA,NA,NA,NA,NA,NA,NA,NA,NA,NA,NA,NA,NA,NA
"D_deflated_censusIC","Airfreight","Total_Inventories","orig","crisis;pandemic","","none","AIC",6,252,FALSE,0,0,0,0,TRUE,NA,"r = 0: no cointegration",NA,NA,NA,"",NA,NA,NA,NA,NA,"",NA,NA,NA,NA,NA,NA,NA,NA,NA,NA,NA,NA,NA,NA,NA,NA,NA,NA,NA,NA
"D_deflated_censusIC","Airfreight","Total_Inventories","orig","crisis;pandemic","","none","SBC",2,252,FALSE,0,0,0,0,TRUE,NA,"r = 0: no cointegration",NA,NA,NA,"",NA,NA,NA,NA,NA,"",NA,NA,NA,NA,NA,NA,NA,NA,NA,NA,NA,NA,NA,NA,NA,NA,NA,NA,NA,NA
"D_deflated_censusIC","Airfreight","Total_Inventories","orig","crisis;pandemic","","const","AIC",6,252,FALSE,0,0,0,0,TRUE,NA,"r = 0: no cointegration",NA,NA,NA,"",NA,NA,NA,NA,NA,"",NA,NA,NA,NA,NA,NA,NA,NA,NA,NA,NA,NA,NA,NA,NA,NA,NA,NA,NA,NA
"D_deflated_censusIC","Airfreight","Total_Inventories","orig","crisis;pandemic","","const","SBC",2,252,FALSE,0,0,0,0,TRUE,NA,"r = 0: no cointegration",NA,NA,NA,"",NA,NA,NA,NA,NA,"",NA,NA,NA,NA,NA,NA,NA,NA,NA,NA,NA,NA,NA,NA,NA,NA,NA,NA,NA,NA
"D_deflated_censusIC","Airfreight","Total_Inventories","orig","crisis;pandemic","","trend","AIC",6,252,FALSE,0,0,0,0,TRUE,NA,"r = 0: no cointegration",NA,NA,NA,"",NA,NA,NA,NA,NA,"",NA,NA,NA,NA,NA,NA,NA,NA,NA,NA,NA,NA,NA,NA,NA,NA,NA,NA,NA,NA
"D_deflated_censusIC","Airfreight","Total_Inventories","orig","crisis;pandemic","","trend","SBC",2,252,FALSE,0,0,0,0,TRUE,NA,"r = 0: no cointegration",NA,NA,NA,"",NA,NA,NA,NA,NA,"",NA,NA,NA,NA,NA,NA,NA,NA,NA,NA,NA,NA,NA,NA,NA,NA,NA,NA,NA,NA
"D_deflated_censusIC","Airfreight","Total_Inventories","za_step","crisis;pan_step","","none","AIC",6,252,FALSE,0,0,0,0,TRUE,NA,"r = 0: no cointegration",NA,NA,NA,"",NA,NA,NA,NA,NA,"",NA,NA,NA,NA,NA,NA,NA,NA,NA,NA,NA,NA,NA,NA,NA,NA,NA,NA,NA,NA
"D_deflated_censusIC","Airfreight","Total_Inventories","za_step","crisis;pan_step","","none","SBC",2,252,FALSE,0,0,0,0,TRUE,NA,"r = 0: no cointegration",NA,NA,NA,"",NA,NA,NA,NA,NA,"",NA,NA,NA,NA,NA,NA,NA,NA,NA,NA,NA,NA,NA,NA,NA,NA,NA,NA,NA,NA
"D_deflated_censusIC","Airfreight","Total_Inventories","za_step","crisis;pan_step","","const","AIC",6,252,FALSE,0,0,0,0,TRUE,NA,"r = 0: no cointegration",NA,NA,NA,"",NA,NA,NA,NA,NA,"",NA,NA,NA,NA,NA,NA,NA,NA,NA,NA,NA,NA,NA,NA,NA,NA,NA,NA,NA,NA
"D_deflated_censusIC","Airfreight","Total_Inventories","za_step","crisis;pan_step","","const","SBC",2,252,FALSE,0,0,0,0,TRUE,NA,"r = 0: no cointegration",NA,NA,NA,"",NA,NA,NA,NA,NA,"",NA,NA,NA,NA,NA,NA,NA,NA,NA,NA,NA,NA,NA,NA,NA,NA,NA,NA,NA,NA
"D_deflated_censusIC","Airfreight","Total_Inventories","za_step","crisis;pan_step","","trend","AIC",6,252,FALSE,0,0,0,0,TRUE,NA,"r = 0: no cointegration",NA,NA,NA,"",NA,NA,NA,NA,NA,"",NA,NA,NA,NA,NA,NA,NA,NA,NA,NA,NA,NA,NA,NA,NA,NA,NA,NA,NA,NA
"D_deflated_censusIC","Airfreight","Total_Inventories","za_step","crisis;pan_step","","trend","SBC",2,252,FALSE,0,0,0,0,TRUE,NA,"r = 0: no cointegration",NA,NA,NA,"",NA,NA,NA,NA,NA,"",NA,NA,NA,NA,NA,NA,NA,NA,NA,NA,NA,NA,NA,NA,NA,NA,NA,NA,NA,NA
"D_deflated_censusIC","Airfreight","Total_Inventories","za_window","crisis;pan_win","","none","AIC",6,252,FALSE,0,0,0,0,TRUE,NA,"r = 0: no cointegration",NA,NA,NA,"",NA,NA,NA,NA,NA,"",NA,NA,NA,NA,NA,NA,NA,NA,NA,NA,NA,NA,NA,NA,NA,NA,NA,NA,NA,NA
"D_deflated_censusIC","Airfreight","Total_Inventories","za_window","crisis;pan_win","","none","SBC",2,252,FALSE,0,0,0,0,TRUE,NA,"r = 0: no cointegration",NA,NA,NA,"",NA,NA,NA,NA,NA,"",NA,NA,NA,NA,NA,NA,NA,NA,NA,NA,NA,NA,NA,NA,NA,NA,NA,NA,NA,NA
"D_deflated_censusIC","Airfreight","Total_Inventories","za_window","crisis;pan_win","","const","AIC",6,252,FALSE,0,0,0,0,TRUE,NA,"r = 0: no cointegration",NA,NA,NA,"",NA,NA,NA,NA,NA,"",NA,NA,NA,NA,NA,NA,NA,NA,NA,NA,NA,NA,NA,NA,NA,NA,NA,NA,NA,NA
"D_deflated_censusIC","Airfreight","Total_Inventories","za_window","crisis;pan_win","","const","SBC",2,252,FALSE,0,0,0,0,TRUE,NA,"r = 0: no cointegration",NA,NA,NA,"",NA,NA,NA,NA,NA,"",NA,NA,NA,NA,NA,NA,NA,NA,NA,NA,NA,NA,NA,NA,NA,NA,NA,NA,NA,NA
"D_deflated_censusIC","Airfreight","Total_Inventories","za_window","crisis;pan_win","","trend","AIC",6,252,FALSE,0,0,0,0,TRUE,NA,"r = 0: no cointegration",NA,NA,NA,"",NA,NA,NA,NA,NA,"",NA,NA,NA,NA,NA,NA,NA,NA,NA,NA,NA,NA,NA,NA,NA,NA,NA,NA,NA,NA
"D_deflated_censusIC","Airfreight","Total_Inventories","za_window","crisis;pan_win","","trend","SBC",2,252,FALSE,0,0,0,0,TRUE,NA,"r = 0: no cointegration",NA,NA,NA,"",NA,NA,NA,NA,NA,"",NA,NA,NA,NA,NA,NA,NA,NA,NA,NA,NA,NA,NA,NA,NA,NA,NA,NA,NA,NA
"D_deflated_censusIC","Airfreight","Total_Inventories","za_series","crisis;brk_mode;brk_IC","","none","AIC",6,252,FALSE,0,0,0,0,TRUE,NA,"r = 0: no cointegration",NA,NA,NA,"",NA,NA,NA,NA,NA,"",NA,NA,NA,NA,NA,NA,NA,NA,NA,NA,NA,NA,NA,NA,NA,NA,NA,NA,NA,NA
"D_deflated_censusIC","Airfreight","Total_Inventories","za_series","crisis;brk_mode;brk_IC","","none","SBC",2,252,FALSE,0,0,0,0,TRUE,NA,"r = 0: no cointegration",NA,NA,NA,"",NA,NA,NA,NA,NA,"",NA,NA,NA,NA,NA,NA,NA,NA,NA,NA,NA,NA,NA,NA,NA,NA,NA,NA,NA,NA
"D_deflated_censusIC","Airfreight","Total_Inventories","za_series","crisis;brk_mode;brk_IC","","const","AIC",6,252,FALSE,0,0,0,0,TRUE,NA,"r = 0: no cointegration",NA,NA,NA,"",NA,NA,NA,NA,NA,"",NA,NA,NA,NA,NA,NA,NA,NA,NA,NA,NA,NA,NA,NA,NA,NA,NA,NA,NA,NA
"D_deflated_censusIC","Airfreight","Total_Inventories","za_series","crisis;brk_mode;brk_IC","","const","SBC",2,252,FALSE,0,0,0,0,TRUE,NA,"r = 0: no cointegration",NA,NA,NA,"",NA,NA,NA,NA,NA,"",NA,NA,NA,NA,NA,NA,NA,NA,NA,NA,NA,NA,NA,NA,NA,NA,NA,NA,NA,NA
"D_deflated_censusIC","Airfreight","Total_Inventories","za_series","crisis;brk_mode;brk_IC","","trend","AIC",6,252,FALSE,0,0,0,0,TRUE,NA,"r = 0: no cointegration",NA,NA,NA,"",NA,NA,NA,NA,NA,"",NA,NA,NA,NA,NA,NA,NA,NA,NA,NA,NA,NA,NA,NA,NA,NA,NA,NA,NA,NA
"D_deflated_censusIC","Airfreight","Total_Inventories","za_series","crisis;brk_mode;brk_IC","","trend","SBC",2,252,FALSE,0,0,0,0,TRUE,NA,"r = 0: no cointegration",NA,NA,NA,"",NA,NA,NA,NA,NA,"",NA,NA,NA,NA,NA,NA,NA,NA,NA,NA,NA,NA,NA,NA,NA,NA,NA,NA,NA,NA
"D_deflated_censusIC","SeaFreight","Total_Inventories","none","","","none","AIC",8,252,TRUE,0,0,0,0,TRUE,NA,"r = 0: no cointegration",NA,NA,NA,"",NA,NA,NA,NA,NA,"",NA,NA,NA,NA,NA,NA,NA,NA,NA,NA,NA,NA,NA,NA,NA,NA,NA,NA,NA,NA
"D_deflated_censusIC","SeaFreight","Total_Inventories","none","","","none","SBC",2,252,TRUE,0,0,0,0,TRUE,NA,"r = 0: no cointegration",NA,NA,NA,"",NA,NA,NA,NA,NA,"",NA,NA,NA,NA,NA,NA,NA,NA,NA,NA,NA,NA,NA,NA,NA,NA,NA,NA,NA,NA
"D_deflated_censusIC","SeaFreight","Total_Inventories","none","","","const","AIC",8,252,TRUE,0,0,0,0,TRUE,NA,"r = 0: no cointegration",NA,NA,NA,"",NA,NA,NA,NA,NA,"",NA,NA,NA,NA,NA,NA,NA,NA,NA,NA,NA,NA,NA,NA,NA,NA,NA,NA,NA,NA
"D_deflated_censusIC","SeaFreight","Total_Inventories","none","","","const","SBC",2,252,TRUE,0,0,0,0,TRUE,NA,"r = 0: no cointegration",NA,NA,NA,"",NA,NA,NA,NA,NA,"",NA,NA,NA,NA,NA,NA,NA,NA,NA,NA,NA,NA,NA,NA,NA,NA,NA,NA,NA,NA
"D_deflated_censusIC","SeaFreight","Total_Inventories","none","","","trend","AIC",8,252,TRUE,0,0,0,0,TRUE,NA,"r = 0: no cointegration",NA,NA,NA,"",NA,NA,NA,NA,NA,"",NA,NA,NA,NA,NA,NA,NA,NA,NA,NA,NA,NA,NA,NA,NA,NA,NA,NA,NA,NA
"D_deflated_censusIC","SeaFreight","Total_Inventories","none","","","trend","SBC",2,252,TRUE,0,0,0,0,TRUE,NA,"r = 0: no cointegration",NA,NA,NA,"",NA,NA,NA,NA,NA,"",NA,NA,NA,NA,NA,NA,NA,NA,NA,NA,NA,NA,NA,NA,NA,NA,NA,NA,NA,NA
"D_deflated_censusIC","SeaFreight","Total_Inventories","orig","crisis;pandemic","","none","AIC",8,252,FALSE,0,0,0,0,TRUE,NA,"r = 0: no cointegration",NA,NA,NA,"",NA,NA,NA,NA,NA,"",NA,NA,NA,NA,NA,NA,NA,NA,NA,NA,NA,NA,NA,NA,NA,NA,NA,NA,NA,NA
"D_deflated_censusIC","SeaFreight","Total_Inventories","orig","crisis;pandemic","","none","SBC",2,252,FALSE,0,0,0,0,TRUE,NA,"r = 0: no cointegration",NA,NA,NA,"",NA,NA,NA,NA,NA,"",NA,NA,NA,NA,NA,NA,NA,NA,NA,NA,NA,NA,NA,NA,NA,NA,NA,NA,NA,NA
"D_deflated_censusIC","SeaFreight","Total_Inventories","orig","crisis;pandemic","","const","AIC",8,252,FALSE,0,0,0,0,TRUE,NA,"r = 0: no cointegration",NA,NA,NA,"",NA,NA,NA,NA,NA,"",NA,NA,NA,NA,NA,NA,NA,NA,NA,NA,NA,NA,NA,NA,NA,NA,NA,NA,NA,NA
"D_deflated_censusIC","SeaFreight","Total_Inventories","orig","crisis;pandemic","","const","SBC",2,252,FALSE,0,0,0,0,TRUE,NA,"r = 0: no cointegration",NA,NA,NA,"",NA,NA,NA,NA,NA,"",NA,NA,NA,NA,NA,NA,NA,NA,NA,NA,NA,NA,NA,NA,NA,NA,NA,NA,NA,NA
"D_deflated_censusIC","SeaFreight","Total_Inventories","orig","crisis;pandemic","","trend","AIC",8,252,FALSE,0,0,0,0,TRUE,NA,"r = 0: no cointegration",NA,NA,NA,"",NA,NA,NA,NA,NA,"",NA,NA,NA,NA,NA,NA,NA,NA,NA,NA,NA,NA,NA,NA,NA,NA,NA,NA,NA,NA
"D_deflated_censusIC","SeaFreight","Total_Inventories","orig","crisis;pandemic","","trend","SBC",2,252,FALSE,0,0,0,0,TRUE,NA,"r = 0: no cointegration",NA,NA,NA,"",NA,NA,NA,NA,NA,"",NA,NA,NA,NA,NA,NA,NA,NA,NA,NA,NA,NA,NA,NA,NA,NA,NA,NA,NA,NA
"D_deflated_censusIC","SeaFreight","Total_Inventories","za_step","crisis;pan_step","","none","AIC",8,252,FALSE,0,0,0,0,TRUE,NA,"r = 0: no cointegration",NA,NA,NA,"",NA,NA,NA,NA,NA,"",NA,NA,NA,NA,NA,NA,NA,NA,NA,NA,NA,NA,NA,NA,NA,NA,NA,NA,NA,NA
"D_deflated_censusIC","SeaFreight","Total_Inventories","za_step","crisis;pan_step","","none","SBC",2,252,FALSE,0,0,0,0,TRUE,NA,"r = 0: no cointegration",NA,NA,NA,"",NA,NA,NA,NA,NA,"",NA,NA,NA,NA,NA,NA,NA,NA,NA,NA,NA,NA,NA,NA,NA,NA,NA,NA,NA,NA
"D_deflated_censusIC","SeaFreight","Total_Inventories","za_step","crisis;pan_step","","const","AIC",8,252,FALSE,0,0,0,0,TRUE,NA,"r = 0: no cointegration",NA,NA,NA,"",NA,NA,NA,NA,NA,"",NA,NA,NA,NA,NA,NA,NA,NA,NA,NA,NA,NA,NA,NA,NA,NA,NA,NA,NA,NA
"D_deflated_censusIC","SeaFreight","Total_Inventories","za_step","crisis;pan_step","","const","SBC",2,252,FALSE,0,0,0,0,TRUE,NA,"r = 0: no cointegration",NA,NA,NA,"",NA,NA,NA,NA,NA,"",NA,NA,NA,NA,NA,NA,NA,NA,NA,NA,NA,NA,NA,NA,NA,NA,NA,NA,NA,NA
"D_deflated_censusIC","SeaFreight","Total_Inventories","za_step","crisis;pan_step","","trend","AIC",8,252,FALSE,0,0,0,0,TRUE,NA,"r = 0: no cointegration",NA,NA,NA,"",NA,NA,NA,NA,NA,"",NA,NA,NA,NA,NA,NA,NA,NA,NA,NA,NA,NA,NA,NA,NA,NA,NA,NA,NA,NA
"D_deflated_censusIC","SeaFreight","Total_Inventories","za_step","crisis;pan_step","","trend","SBC",2,252,FALSE,0,0,0,0,TRUE,NA,"r = 0: no cointegration",NA,NA,NA,"",NA,NA,NA,NA,NA,"",NA,NA,NA,NA,NA,NA,NA,NA,NA,NA,NA,NA,NA,NA,NA,NA,NA,NA,NA,NA
"D_deflated_censusIC","SeaFreight","Total_Inventories","za_window","crisis;pan_win","","none","AIC",8,252,FALSE,0,0,0,0,TRUE,NA,"r = 0: no cointegration",NA,NA,NA,"",NA,NA,NA,NA,NA,"",NA,NA,NA,NA,NA,NA,NA,NA,NA,NA,NA,NA,NA,NA,NA,NA,NA,NA,NA,NA
"D_deflated_censusIC","SeaFreight","Total_Inventories","za_window","crisis;pan_win","","none","SBC",2,252,FALSE,0,0,0,0,TRUE,NA,"r = 0: no cointegration",NA,NA,NA,"",NA,NA,NA,NA,NA,"",NA,NA,NA,NA,NA,NA,NA,NA,NA,NA,NA,NA,NA,NA,NA,NA,NA,NA,NA,NA
"D_deflated_censusIC","SeaFreight","Total_Inventories","za_window","crisis;pan_win","","const","AIC",8,252,FALSE,0,0,0,0,TRUE,NA,"r = 0: no cointegration",NA,NA,NA,"",NA,NA,NA,NA,NA,"",NA,NA,NA,NA,NA,NA,NA,NA,NA,NA,NA,NA,NA,NA,NA,NA,NA,NA,NA,NA
"D_deflated_censusIC","SeaFreight","Total_Inventories","za_window","crisis;pan_win","","const","SBC",2,252,FALSE,0,0,0,0,TRUE,NA,"r = 0: no cointegration",NA,NA,NA,"",NA,NA,NA,NA,NA,"",NA,NA,NA,NA,NA,NA,NA,NA,NA,NA,NA,NA,NA,NA,NA,NA,NA,NA,NA,NA
"D_deflated_censusIC","SeaFreight","Total_Inventories","za_window","crisis;pan_win","","trend","AIC",8,252,FALSE,0,0,0,0,TRUE,NA,"r = 0: no cointegration",NA,NA,NA,"",NA,NA,NA,NA,NA,"",NA,NA,NA,NA,NA,NA,NA,NA,NA,NA,NA,NA,NA,NA,NA,NA,NA,NA,NA,NA
"D_deflated_censusIC","SeaFreight","Total_Inventories","za_window","crisis;pan_win","","trend","SBC",2,252,FALSE,0,0,0,0,TRUE,NA,"r = 0: no cointegration",NA,NA,NA,"",NA,NA,NA,NA,NA,"",NA,NA,NA,NA,NA,NA,NA,NA,NA,NA,NA,NA,NA,NA,NA,NA,NA,NA,NA,NA
"D_deflated_censusIC","SeaFreight","Total_Inventories","za_series","crisis;brk_mode;brk_IC","","none","AIC",2,252,FALSE,1,1,0,1,TRUE,1,"estimated at r = 1",-0.0154549621707214,-0.752228024956278,0.45267644848732,"",-0.0559347283864697,0.0250248040450269,0.0335167413061831,3.39766651628672,0.000799689262177833,"***",0.0140810230066628,0.0529524596057034,-1.27853777782248,NA,NA,0.433709571603207,0.510174309275637,8.58798264909307,0.00338388672670731,20.649418597791,0.0557559501820232,12,7.70504254238954,0.807734747923318,44.502017326863,"brk_mode",0.00102133597996156,0.880975744100065,0.000470696101235163,0.939463684163723
"D_deflated_censusIC","SeaFreight","Total_Inventories","za_series","crisis;brk_mode;brk_IC","","none","SBC",2,252,FALSE,1,1,0,1,TRUE,1,"estimated at r = 1",-0.0154549621707214,-0.752228024956278,0.45267644848732,"",-0.0559347283864697,0.0250248040450269,0.0335167413061831,3.39766651628672,0.000799689262177833,"***",0.0140810230066628,0.0529524596057034,-1.27853777782248,NA,NA,0.433709571603207,0.510174309275637,8.58798264909307,0.00338388672670731,20.649418597791,0.0557559501820232,12,7.70504254238954,0.807734747923318,44.502017326863,"brk_mode",0.00102133597996156,0.880975744100065,0.000470696101235163,0.939463684163723
"D_deflated_censusIC","SeaFreight","Total_Inventories","za_series","crisis;brk_mode;brk_IC","","const","AIC",2,252,FALSE,1,1,0,1,TRUE,1,"estimated at r = 1",-0.0148528394969647,-0.726206957001971,0.468440774507529,"",-0.0551485546959099,0.0254428757019805,0.0335872696459039,3.42181214779947,0.00073455522069573,"***",0.0142485230537047,0.052926016238103,-1.28274201195377,11.1873376403241,"constant",0.394166641522755,0.530117329022674,8.48727699551905,0.00357638685003514,20.1747034227114,0.0638524947497947,12,7.73876932259843,0.805197024138862,46.3202164479516,"brk_mode",0.000729389202432435,0.914344136664601,-0.000337766989613913,0.954657483135086
"D_deflated_censusIC","SeaFreight","Total_Inventories","za_series","crisis;brk_mode;brk_IC","","const","SBC",2,252,FALSE,1,1,0,1,TRUE,1,"estimated at r = 1",-0.0148528394969647,-0.726206957001971,0.468440774507529,"",-0.0551485546959099,0.0254428757019805,0.0335872696459039,3.42181214779947,0.00073455522069573,"***",0.0142485230537047,0.052926016238103,-1.28274201195377,11.1873376403241,"constant",0.394166641522755,0.530117329022674,8.48727699551905,0.00357638685003514,20.1747034227114,0.0638524947497947,12,7.73876932259843,0.805197024138862,46.3202164479516,"brk_mode",0.000729389202432435,0.914344136664601,-0.000337766989613913,0.954657483135086
"D_deflated_censusIC","SeaFreight","Total_Inventories","za_series","crisis;brk_mode;brk_IC","","trend","AIC",2,252,FALSE,1,1,1,1,TRUE,1,"estimated at r = 1",-0.103485543884292,-3.75923847610517,0.000215737939406342,"***",-0.157723007042709,-0.0492480807258745,0.0362532204419993,2.64107584247215,0.0088259129421169,"***",0.00920832680868059,0.063298114075318,-0.334397246159097,-0.00177765583129779,"trend.l2",10.7725319764227,0.00103017487965762,5.4183767342387,0.0199258769525049,19.8101588784912,0.0707634207481042,12,7.79573015243349,0.80088271828932,6.34512740165682,"brk_mode",-0.0164428548813438,0.0319202485062791,-0.00424800168136943,0.487887227211595
"D_deflated_censusIC","SeaFreight","Total_Inventories","za_series","crisis;brk_mode;brk_IC","","trend","SBC",2,252,FALSE,1,1,1,1,TRUE,1,"estimated at r = 1",-0.103485543884292,-3.75923847610517,0.000215737939406342,"***",-0.157723007042709,-0.0492480807258745,0.0362532204419993,2.64107584247215,0.0088259129421169,"***",0.00920832680868059,0.063298114075318,-0.334397246159097,-0.00177765583129779,"trend.l2",10.7725319764227,0.00103017487965762,5.4183767342387,0.0199258769525049,19.8101588784912,0.0707634207481042,12,7.79573015243349,0.80088271828932,6.34512740165682,"brk_mode",-0.0164428548813438,0.0319202485062791,-0.00424800168136943,0.487887227211595
"E_prepandemic_censusIC","LTL","Total_Inventories","none","","","none","AIC",6,192,TRUE,0,0,0,0,TRUE,NA,"r = 0: no cointegration",NA,NA,NA,"",NA,NA,NA,NA,NA,"",NA,NA,NA,NA,NA,NA,NA,NA,NA,NA,NA,NA,NA,NA,NA,NA,NA,NA,NA,NA
"E_prepandemic_censusIC","LTL","Total_Inventories","none","","","none","SBC",2,192,TRUE,0,0,0,0,TRUE,NA,"r = 0: no cointegration",NA,NA,NA,"",NA,NA,NA,NA,NA,"",NA,NA,NA,NA,NA,NA,NA,NA,NA,NA,NA,NA,NA,NA,NA,NA,NA,NA,NA,NA
"E_prepandemic_censusIC","LTL","Total_Inventories","none","","","const","AIC",6,192,TRUE,2,1,0,0,FALSE,1,"estimated at r = 1",-0.0509790632254458,-2.15849310102612,0.0323436841043969,"**",-0.09761341333556,-0.00434471311533167,0.0352870867248289,2.82986611098448,0.00523893634048435,"***",0.0106655781138608,0.0599085953357969,-1.08123484438203,10.4618721276756,"constant",2.55070115977782,0.110245319575367,4.31925795145059,0.0376833517024011,4.49507266028082,0.972759239939212,12,10.0159346959806,0.614562648192947,13.2471071445034,NA,NA,NA,NA,NA
"E_prepandemic_censusIC","LTL","Total_Inventories","none","","","const","SBC",2,192,TRUE,1,1,0,1,TRUE,1,"estimated at r = 1",0.00293105514688164,2.7431646119281,0.00671486630945074,"***",0.00082234533796934,0.00503976495579393,0.00178810488846148,2.99556199291482,0.0031346303276755,"***",0.000610066679086836,0.00296614309783613,-2.00096843051113,24.4013805779485,"constant",4.5347369326723,0.0332135614232093,5.37711586741092,0.0204025798712844,12.2538767467343,0.42551197438138,12,31.4317284571759,0.00169226048129223,NA,NA,NA,NA,NA,NA
"E_prepandemic_censusIC","LTL","Total_Inventories","none","","","trend","AIC",6,192,TRUE,2,1,0,0,FALSE,1,"estimated at r = 1",0.00335263729898628,0.770604919303794,0.442056651012103,"",-0.00523827613786214,0.0119435507358347,0.00824726990704673,3.60908219102356,0.000408465379010772,"***",0.00373496972870394,0.0127595700853895,-5.4248896688475,0.0117417479902995,"trend.l6",0.201494498782992,0.653517224394814,4.15132620097542,0.0416019285280022,5.64512349420936,0.932904557992883,12,9.38497355981332,0.669744190191972,NA,NA,NA,NA,NA,NA
"E_prepandemic_censusIC","LTL","Total_Inventories","none","","","trend","SBC",2,192,TRUE,0,0,0,0,TRUE,NA,"r = 0: no cointegration",NA,NA,NA,"",NA,NA,NA,NA,NA,"",NA,NA,NA,NA,NA,NA,NA,NA,NA,NA,NA,NA,NA,NA,NA,NA,NA,NA,NA,NA
"E_prepandemic_censusIC","LTL","Total_Inventories","crisis_only","crisis","","none","AIC",6,192,FALSE,1,0,0,0,TRUE,NA,"r = 0: no cointegration",NA,NA,NA,"",NA,NA,NA,NA,NA,"",NA,NA,NA,NA,NA,NA,NA,NA,NA,NA,NA,NA,NA,NA,NA,NA,NA,NA,NA,NA
"E_prepandemic_censusIC","LTL","Total_Inventories","crisis_only","crisis","","none","SBC",2,192,FALSE,0,0,0,0,TRUE,NA,"r = 0: no cointegration",NA,NA,NA,"",NA,NA,NA,NA,NA,"",NA,NA,NA,NA,NA,NA,NA,NA,NA,NA,NA,NA,NA,NA,NA,NA,NA,NA,NA,NA
"E_prepandemic_censusIC","LTL","Total_Inventories","crisis_only","crisis","","const","AIC",6,192,FALSE,2,2,1,2,TRUE,NA,"r = 2: full rank",NA,NA,NA,"",NA,NA,NA,NA,NA,"",NA,NA,NA,NA,NA,NA,NA,NA,NA,NA,NA,NA,NA,NA,NA,NA,NA,NA,NA,NA
"E_prepandemic_censusIC","LTL","Total_Inventories","crisis_only","crisis","","const","SBC",2,192,FALSE,1,1,1,1,TRUE,1,"estimated at r = 1",0.0143406354979314,2.52142920573833,0.0125810956655817,"**",0.00311570922728678,0.025565561768576,0.0160646626496436,5.39944648913419,2.15416527511822e-07,"***",0.0101926869820945,0.0219366383171928,-1.40986854385208,15.3412162205404,"constant",5.45539470096779,0.0195079966501289,23.2766148799265,1.40295481398933e-06,13.6055292034362,0.326604193946604,12,23.8554614382401,0.0212814412446836,NA,NA,NA,NA,-0.00247596791816386,0.346648420148677
"E_prepandemic_censusIC","LTL","Total_Inventories","crisis_only","crisis","","trend","AIC",6,192,FALSE,1,0,0,0,TRUE,NA,"r = 0: no cointegration",NA,NA,NA,"",NA,NA,NA,NA,NA,"",NA,NA,NA,NA,NA,NA,NA,NA,NA,NA,NA,NA,NA,NA,NA,NA,NA,NA,NA,NA
"E_prepandemic_censusIC","LTL","Total_Inventories","crisis_only","crisis","","trend","SBC",2,192,FALSE,0,0,0,0,TRUE,NA,"r = 0: no cointegration",NA,NA,NA,"",NA,NA,NA,NA,NA,"",NA,NA,NA,NA,NA,NA,NA,NA,NA,NA,NA,NA,NA,NA,NA,NA,NA,NA,NA,NA
"E_prepandemic_censusIC","Truckload","Total_Inventories","none","","","none","AIC",3,192,TRUE,0,0,0,0,TRUE,NA,"r = 0: no cointegration",NA,NA,NA,"",NA,NA,NA,NA,NA,"",NA,NA,NA,NA,NA,NA,NA,NA,NA,NA,NA,NA,NA,NA,NA,NA,NA,NA,NA,NA
"E_prepandemic_censusIC","Truckload","Total_Inventories","none","","","none","SBC",2,192,TRUE,0,0,0,0,TRUE,NA,"r = 0: no cointegration",NA,NA,NA,"",NA,NA,NA,NA,NA,"",NA,NA,NA,NA,NA,NA,NA,NA,NA,NA,NA,NA,NA,NA,NA,NA,NA,NA,NA,NA
"E_prepandemic_censusIC","Truckload","Total_Inventories","none","","","const","AIC",3,192,TRUE,0,0,0,0,TRUE,NA,"r = 0: no cointegration",NA,NA,NA,"",NA,NA,NA,NA,NA,"",NA,NA,NA,NA,NA,NA,NA,NA,NA,NA,NA,NA,NA,NA,NA,NA,NA,NA,NA,NA
"E_prepandemic_censusIC","Truckload","Total_Inventories","none","","","const","SBC",2,192,TRUE,1,0,0,0,TRUE,NA,"r = 0: no cointegration",NA,NA,NA,"",NA,NA,NA,NA,NA,"",NA,NA,NA,NA,NA,NA,NA,NA,NA,NA,NA,NA,NA,NA,NA,NA,NA,NA,NA,NA
"E_prepandemic_censusIC","Truckload","Total_Inventories","none","","","trend","AIC",3,192,TRUE,0,0,0,0,TRUE,NA,"r = 0: no cointegration",NA,NA,NA,"",NA,NA,NA,NA,NA,"",NA,NA,NA,NA,NA,NA,NA,NA,NA,NA,NA,NA,NA,NA,NA,NA,NA,NA,NA,NA
"E_prepandemic_censusIC","Truckload","Total_Inventories","none","","","trend","SBC",2,192,TRUE,0,0,0,0,TRUE,NA,"r = 0: no cointegration",NA,NA,NA,"",NA,NA,NA,NA,NA,"",NA,NA,NA,NA,NA,NA,NA,NA,NA,NA,NA,NA,NA,NA,NA,NA,NA,NA,NA,NA
"E_prepandemic_censusIC","Truckload","Total_Inventories","crisis_only","crisis","","none","AIC",3,192,FALSE,0,0,0,0,TRUE,NA,"r = 0: no cointegration",NA,NA,NA,"",NA,NA,NA,NA,NA,"",NA,NA,NA,NA,NA,NA,NA,NA,NA,NA,NA,NA,NA,NA,NA,NA,NA,NA,NA,NA
"E_prepandemic_censusIC","Truckload","Total_Inventories","crisis_only","crisis","","none","SBC",2,192,FALSE,0,0,0,0,TRUE,NA,"r = 0: no cointegration",NA,NA,NA,"",NA,NA,NA,NA,NA,"",NA,NA,NA,NA,NA,NA,NA,NA,NA,NA,NA,NA,NA,NA,NA,NA,NA,NA,NA,NA
"E_prepandemic_censusIC","Truckload","Total_Inventories","crisis_only","crisis","","const","AIC",3,192,FALSE,2,1,1,1,TRUE,1,"estimated at r = 1",0.00361129523789312,2.1259033077472,0.0349383228145821,"**",0.00025829093425235,0.00696429954153389,0.00654195736399302,4.38256408868349,2.03550505965241e-05,"***",0.00359554141333954,0.0094883733146465,-1.08881297868033,11.0945991861094,"constant",3.20353315813229,0.0734793702154333,12.8926121815627,0.000329881693879819,13.552367351652,0.330201172915565,12,12.4854066071772,0.40752429974437,NA,NA,NA,NA,-0.00281771545723488,0.0744232911692817
"E_prepandemic_censusIC","Truckload","Total_Inventories","crisis_only","crisis","","const","SBC",2,192,FALSE,1,1,1,1,TRUE,1,"estimated at r = 1",0.0061237249534762,1.50142283589432,0.13504839990694,"",-0.00192587945697141,0.0141733293639238,0.0200351797046899,5.57802443505233,9.09655268937932e-08,"***",0.012946347304783,0.0271240121045969,-0.729508089733329,5.75300968903372,"constant",1.96776001851105,0.160685824217788,24.784871790987,6.4098575913718e-07,17.7654323184559,0.123000643964962,12,19.9970580149449,0.067141635813663,NA,NA,NA,NA,-0.00199775426895914,0.188890053555312
"E_prepandemic_censusIC","Truckload","Total_Inventories","crisis_only","crisis","","trend","AIC",3,192,FALSE,0,0,0,0,TRUE,NA,"r = 0: no cointegration",NA,NA,NA,"",NA,NA,NA,NA,NA,"",NA,NA,NA,NA,NA,NA,NA,NA,NA,NA,NA,NA,NA,NA,NA,NA,NA,NA,NA,NA
"E_prepandemic_censusIC","Truckload","Total_Inventories","crisis_only","crisis","","trend","SBC",2,192,FALSE,0,0,0,0,TRUE,NA,"r = 0: no cointegration",NA,NA,NA,"",NA,NA,NA,NA,NA,"",NA,NA,NA,NA,NA,NA,NA,NA,NA,NA,NA,NA,NA,NA,NA,NA,NA,NA,NA,NA
"E_prepandemic_censusIC","Local","Total_Inventories","none","","","none","AIC",6,192,TRUE,0,0,0,0,TRUE,NA,"r = 0: no cointegration",NA,NA,NA,"",NA,NA,NA,NA,NA,"",NA,NA,NA,NA,NA,NA,NA,NA,NA,NA,NA,NA,NA,NA,NA,NA,NA,NA,NA,NA
"E_prepandemic_censusIC","Local","Total_Inventories","none","","","none","SBC",3,192,TRUE,0,0,0,0,TRUE,NA,"r = 0: no cointegration",NA,NA,NA,"",NA,NA,NA,NA,NA,"",NA,NA,NA,NA,NA,NA,NA,NA,NA,NA,NA,NA,NA,NA,NA,NA,NA,NA,NA,NA
"E_prepandemic_censusIC","Local","Total_Inventories","none","","","const","AIC",6,192,TRUE,0,0,0,0,TRUE,NA,"r = 0: no cointegration",NA,NA,NA,"",NA,NA,NA,NA,NA,"",NA,NA,NA,NA,NA,NA,NA,NA,NA,NA,NA,NA,NA,NA,NA,NA,NA,NA,NA,NA
"E_prepandemic_censusIC","Local","Total_Inventories","none","","","const","SBC",3,192,TRUE,0,0,0,0,TRUE,NA,"r = 0: no cointegration",NA,NA,NA,"",NA,NA,NA,NA,NA,"",NA,NA,NA,NA,NA,NA,NA,NA,NA,NA,NA,NA,NA,NA,NA,NA,NA,NA,NA,NA
"E_prepandemic_censusIC","Local","Total_Inventories","none","","","trend","AIC",6,192,TRUE,1,0,0,0,TRUE,NA,"r = 0: no cointegration",NA,NA,NA,"",NA,NA,NA,NA,NA,"",NA,NA,NA,NA,NA,NA,NA,NA,NA,NA,NA,NA,NA,NA,NA,NA,NA,NA,NA,NA
"E_prepandemic_censusIC","Local","Total_Inventories","none","","","trend","SBC",3,192,TRUE,0,0,0,0,TRUE,NA,"r = 0: no cointegration",NA,NA,NA,"",NA,NA,NA,NA,NA,"",NA,NA,NA,NA,NA,NA,NA,NA,NA,NA,NA,NA,NA,NA,NA,NA,NA,NA,NA,NA
"E_prepandemic_censusIC","Local","Total_Inventories","crisis_only","crisis","","none","AIC",3,192,FALSE,1,0,0,0,TRUE,NA,"r = 0: no cointegration",NA,NA,NA,"",NA,NA,NA,NA,NA,"",NA,NA,NA,NA,NA,NA,NA,NA,NA,NA,NA,NA,NA,NA,NA,NA,NA,NA,NA,NA
"E_prepandemic_censusIC","Local","Total_Inventories","crisis_only","crisis","","none","SBC",3,192,FALSE,1,0,0,0,TRUE,NA,"r = 0: no cointegration",NA,NA,NA,"",NA,NA,NA,NA,NA,"",NA,NA,NA,NA,NA,NA,NA,NA,NA,NA,NA,NA,NA,NA,NA,NA,NA,NA,NA,NA
"E_prepandemic_censusIC","Local","Total_Inventories","crisis_only","crisis","","const","AIC",3,192,FALSE,2,2,1,2,TRUE,NA,"r = 2: full rank",NA,NA,NA,"",NA,NA,NA,NA,NA,"",NA,NA,NA,NA,NA,NA,NA,NA,NA,NA,NA,NA,NA,NA,NA,NA,NA,NA,NA,NA
"E_prepandemic_censusIC","Local","Total_Inventories","crisis_only","crisis","","const","SBC",3,192,FALSE,2,2,1,2,TRUE,NA,"r = 2: full rank",NA,NA,NA,"",NA,NA,NA,NA,NA,"",NA,NA,NA,NA,NA,NA,NA,NA,NA,NA,NA,NA,NA,NA,NA,NA,NA,NA,NA,NA
"E_prepandemic_censusIC","Local","Total_Inventories","crisis_only","crisis","","trend","AIC",3,192,FALSE,0,0,0,0,TRUE,NA,"r = 0: no cointegration",NA,NA,NA,"",NA,NA,NA,NA,NA,"",NA,NA,NA,NA,NA,NA,NA,NA,NA,NA,NA,NA,NA,NA,NA,NA,NA,NA,NA,NA
"E_prepandemic_censusIC","Local","Total_Inventories","crisis_only","crisis","","trend","SBC",3,192,FALSE,0,0,0,0,TRUE,NA,"r = 0: no cointegration",NA,NA,NA,"",NA,NA,NA,NA,NA,"",NA,NA,NA,NA,NA,NA,NA,NA,NA,NA,NA,NA,NA,NA,NA,NA,NA,NA,NA,NA
"E_prepandemic_censusIC","Airfreight","Total_Inventories","none","","","none","AIC",4,192,TRUE,0,0,0,0,TRUE,NA,"r = 0: no cointegration",NA,NA,NA,"",NA,NA,NA,NA,NA,"",NA,NA,NA,NA,NA,NA,NA,NA,NA,NA,NA,NA,NA,NA,NA,NA,NA,NA,NA,NA
"E_prepandemic_censusIC","Airfreight","Total_Inventories","none","","","none","SBC",3,192,TRUE,0,0,0,0,TRUE,NA,"r = 0: no cointegration",NA,NA,NA,"",NA,NA,NA,NA,NA,"",NA,NA,NA,NA,NA,NA,NA,NA,NA,NA,NA,NA,NA,NA,NA,NA,NA,NA,NA,NA
"E_prepandemic_censusIC","Airfreight","Total_Inventories","none","","","const","AIC",4,192,TRUE,0,0,0,0,TRUE,NA,"r = 0: no cointegration",NA,NA,NA,"",NA,NA,NA,NA,NA,"",NA,NA,NA,NA,NA,NA,NA,NA,NA,NA,NA,NA,NA,NA,NA,NA,NA,NA,NA,NA
"E_prepandemic_censusIC","Airfreight","Total_Inventories","none","","","const","SBC",3,192,TRUE,0,0,0,0,TRUE,NA,"r = 0: no cointegration",NA,NA,NA,"",NA,NA,NA,NA,NA,"",NA,NA,NA,NA,NA,NA,NA,NA,NA,NA,NA,NA,NA,NA,NA,NA,NA,NA,NA,NA
"E_prepandemic_censusIC","Airfreight","Total_Inventories","none","","","trend","AIC",4,192,TRUE,0,0,0,0,TRUE,NA,"r = 0: no cointegration",NA,NA,NA,"",NA,NA,NA,NA,NA,"",NA,NA,NA,NA,NA,NA,NA,NA,NA,NA,NA,NA,NA,NA,NA,NA,NA,NA,NA,NA
"E_prepandemic_censusIC","Airfreight","Total_Inventories","none","","","trend","SBC",3,192,TRUE,0,0,0,0,TRUE,NA,"r = 0: no cointegration",NA,NA,NA,"",NA,NA,NA,NA,NA,"",NA,NA,NA,NA,NA,NA,NA,NA,NA,NA,NA,NA,NA,NA,NA,NA,NA,NA,NA,NA
"E_prepandemic_censusIC","Airfreight","Total_Inventories","crisis_only","crisis","","none","AIC",3,192,FALSE,0,0,0,0,TRUE,NA,"r = 0: no cointegration",NA,NA,NA,"",NA,NA,NA,NA,NA,"",NA,NA,NA,NA,NA,NA,NA,NA,NA,NA,NA,NA,NA,NA,NA,NA,NA,NA,NA,NA
"E_prepandemic_censusIC","Airfreight","Total_Inventories","crisis_only","crisis","","none","SBC",3,192,FALSE,0,0,0,0,TRUE,NA,"r = 0: no cointegration",NA,NA,NA,"",NA,NA,NA,NA,NA,"",NA,NA,NA,NA,NA,NA,NA,NA,NA,NA,NA,NA,NA,NA,NA,NA,NA,NA,NA,NA
"E_prepandemic_censusIC","Airfreight","Total_Inventories","crisis_only","crisis","","const","AIC",3,192,FALSE,1,1,0,1,TRUE,1,"estimated at r = 1",0.000643892849923093,0.300932420444377,0.763829494349373,"",-0.00357947828724427,0.00486726398709046,0.00354918989139474,4.46727751173342,1.43131338925223e-05,"***",0.00198099177773891,0.00511738800505058,-1.89623202888055,22.827984139304,"constant",0.08441527857159,0.771400801950648,17.4552691492197,2.94147839411396e-05,26.1875726677493,0.0100965722223814,12,12.137013268936,0.434739649714631,NA,NA,NA,NA,0.00305192902074423,0.429064036628251
"E_prepandemic_censusIC","Airfreight","Total_Inventories","crisis_only","crisis","","const","SBC",3,192,FALSE,1,1,0,1,TRUE,1,"estimated at r = 1",0.000643892849923093,0.300932420444377,0.763829494349373,"",-0.00357947828724427,0.00486726398709046,0.00354918989139474,4.46727751173342,1.43131338925223e-05,"***",0.00198099177773891,0.00511738800505058,-1.89623202888055,22.827984139304,"constant",0.08441527857159,0.771400801950648,17.4552691492197,2.94147839411396e-05,26.1875726677493,0.0100965722223814,12,12.137013268936,0.434739649714631,NA,NA,NA,NA,0.00305192902074423,0.429064036628251
"E_prepandemic_censusIC","Airfreight","Total_Inventories","crisis_only","crisis","","trend","AIC",3,192,FALSE,0,0,0,0,TRUE,NA,"r = 0: no cointegration",NA,NA,NA,"",NA,NA,NA,NA,NA,"",NA,NA,NA,NA,NA,NA,NA,NA,NA,NA,NA,NA,NA,NA,NA,NA,NA,NA,NA,NA
"E_prepandemic_censusIC","Airfreight","Total_Inventories","crisis_only","crisis","","trend","SBC",3,192,FALSE,0,0,0,0,TRUE,NA,"r = 0: no cointegration",NA,NA,NA,"",NA,NA,NA,NA,NA,"",NA,NA,NA,NA,NA,NA,NA,NA,NA,NA,NA,NA,NA,NA,NA,NA,NA,NA,NA,NA
"E_prepandemic_censusIC","SeaFreight","Total_Inventories","none","","","none","AIC",6,192,TRUE,0,0,0,0,TRUE,NA,"r = 0: no cointegration",NA,NA,NA,"",NA,NA,NA,NA,NA,"",NA,NA,NA,NA,NA,NA,NA,NA,NA,NA,NA,NA,NA,NA,NA,NA,NA,NA,NA,NA
"E_prepandemic_censusIC","SeaFreight","Total_Inventories","none","","","none","SBC",3,192,TRUE,0,0,0,0,TRUE,NA,"r = 0: no cointegration",NA,NA,NA,"",NA,NA,NA,NA,NA,"",NA,NA,NA,NA,NA,NA,NA,NA,NA,NA,NA,NA,NA,NA,NA,NA,NA,NA,NA,NA
"E_prepandemic_censusIC","SeaFreight","Total_Inventories","none","","","const","AIC",6,192,TRUE,0,0,0,0,TRUE,NA,"r = 0: no cointegration",NA,NA,NA,"",NA,NA,NA,NA,NA,"",NA,NA,NA,NA,NA,NA,NA,NA,NA,NA,NA,NA,NA,NA,NA,NA,NA,NA,NA,NA
"E_prepandemic_censusIC","SeaFreight","Total_Inventories","none","","","const","SBC",3,192,TRUE,2,2,0,0,FALSE,NA,"r = 2: full rank",NA,NA,NA,"",NA,NA,NA,NA,NA,"",NA,NA,NA,NA,NA,NA,NA,NA,NA,NA,NA,NA,NA,NA,NA,NA,NA,NA,NA,NA
"E_prepandemic_censusIC","SeaFreight","Total_Inventories","none","","","trend","AIC",6,192,TRUE,0,0,0,0,TRUE,NA,"r = 0: no cointegration",NA,NA,NA,"",NA,NA,NA,NA,NA,"",NA,NA,NA,NA,NA,NA,NA,NA,NA,NA,NA,NA,NA,NA,NA,NA,NA,NA,NA,NA
"E_prepandemic_censusIC","SeaFreight","Total_Inventories","none","","","trend","SBC",3,192,TRUE,0,0,0,0,TRUE,NA,"r = 0: no cointegration",NA,NA,NA,"",NA,NA,NA,NA,NA,"",NA,NA,NA,NA,NA,NA,NA,NA,NA,NA,NA,NA,NA,NA,NA,NA,NA,NA,NA,NA
"E_prepandemic_censusIC","SeaFreight","Total_Inventories","crisis_only","crisis","","none","AIC",3,192,FALSE,1,0,0,0,TRUE,NA,"r = 0: no cointegration",NA,NA,NA,"",NA,NA,NA,NA,NA,"",NA,NA,NA,NA,NA,NA,NA,NA,NA,NA,NA,NA,NA,NA,NA,NA,NA,NA,NA,NA
"E_prepandemic_censusIC","SeaFreight","Total_Inventories","crisis_only","crisis","","none","SBC",3,192,FALSE,1,0,0,0,TRUE,NA,"r = 0: no cointegration",NA,NA,NA,"",NA,NA,NA,NA,NA,"",NA,NA,NA,NA,NA,NA,NA,NA,NA,NA,NA,NA,NA,NA,NA,NA,NA,NA,NA,NA
"E_prepandemic_censusIC","SeaFreight","Total_Inventories","crisis_only","crisis","","const","AIC",3,192,FALSE,2,2,1,2,TRUE,NA,"r = 2: full rank",NA,NA,NA,"",NA,NA,NA,NA,NA,"",NA,NA,NA,NA,NA,NA,NA,NA,NA,NA,NA,NA,NA,NA,NA,NA,NA,NA,NA,NA
"E_prepandemic_censusIC","SeaFreight","Total_Inventories","crisis_only","crisis","","const","SBC",3,192,FALSE,2,2,1,2,TRUE,NA,"r = 2: full rank",NA,NA,NA,"",NA,NA,NA,NA,NA,"",NA,NA,NA,NA,NA,NA,NA,NA,NA,NA,NA,NA,NA,NA,NA,NA,NA,NA,NA,NA
"E_prepandemic_censusIC","SeaFreight","Total_Inventories","crisis_only","crisis","","trend","AIC",3,192,FALSE,0,0,0,0,TRUE,NA,"r = 0: no cointegration",NA,NA,NA,"",NA,NA,NA,NA,NA,"",NA,NA,NA,NA,NA,NA,NA,NA,NA,NA,NA,NA,NA,NA,NA,NA,NA,NA,NA,NA
"E_prepandemic_censusIC","SeaFreight","Total_Inventories","crisis_only","crisis","","trend","SBC",3,192,FALSE,0,0,0,0,TRUE,NA,"r = 0: no cointegration",NA,NA,NA,"",NA,NA,NA,NA,NA,"",NA,NA,NA,NA,NA,NA,NA,NA,NA,NA,NA,NA,NA,NA,NA,NA,NA,NA,NA,NA
"F_prepandemic_2009_censusIC","LTL","Total_Inventories","none","","","none","AIC",2,132,TRUE,0,0,0,0,TRUE,NA,"r = 0: no cointegration",NA,NA,NA,"",NA,NA,NA,NA,NA,"",NA,NA,NA,NA,NA,NA,NA,NA,NA,NA,NA,NA,NA,NA,NA,NA,NA,NA,NA,NA
"F_prepandemic_2009_censusIC","LTL","Total_Inventories","none","","","none","SBC",2,132,TRUE,0,0,0,0,TRUE,NA,"r = 0: no cointegration",NA,NA,NA,"",NA,NA,NA,NA,NA,"",NA,NA,NA,NA,NA,NA,NA,NA,NA,NA,NA,NA,NA,NA,NA,NA,NA,NA,NA,NA
"F_prepandemic_2009_censusIC","LTL","Total_Inventories","none","","","const","AIC",2,132,TRUE,0,0,0,0,TRUE,NA,"r = 0: no cointegration",NA,NA,NA,"",NA,NA,NA,NA,NA,"",NA,NA,NA,NA,NA,NA,NA,NA,NA,NA,NA,NA,NA,NA,NA,NA,NA,NA,NA,NA
"F_prepandemic_2009_censusIC","LTL","Total_Inventories","none","","","const","SBC",2,132,TRUE,0,0,0,0,TRUE,NA,"r = 0: no cointegration",NA,NA,NA,"",NA,NA,NA,NA,NA,"",NA,NA,NA,NA,NA,NA,NA,NA,NA,NA,NA,NA,NA,NA,NA,NA,NA,NA,NA,NA
"F_prepandemic_2009_censusIC","LTL","Total_Inventories","none","","","trend","AIC",2,132,TRUE,0,0,0,0,TRUE,NA,"r = 0: no cointegration",NA,NA,NA,"",NA,NA,NA,NA,NA,"",NA,NA,NA,NA,NA,NA,NA,NA,NA,NA,NA,NA,NA,NA,NA,NA,NA,NA,NA,NA
"F_prepandemic_2009_censusIC","LTL","Total_Inventories","none","","","trend","SBC",2,132,TRUE,0,0,0,0,TRUE,NA,"r = 0: no cointegration",NA,NA,NA,"",NA,NA,NA,NA,NA,"",NA,NA,NA,NA,NA,NA,NA,NA,NA,NA,NA,NA,NA,NA,NA,NA,NA,NA,NA,NA
"F_prepandemic_2009_censusIC","LTL","Total_Inventories","crisis_only","crisis","","none","AIC",2,132,FALSE,1,1,1,1,TRUE,1,"estimated at r = 1",-0.0160780171148632,-0.70452109810208,0.482545101514731,"",-0.0612866391945571,0.0291306049648308,0.0489377012152782,4.90016028505617,3.19453769513476e-06,"***",0.0291536118082929,0.0687217906222634,-1.25563294398497,NA,NA,0.512356941589217,0.474120330303546,22.3357514123721,2.28905126631318e-06,6.72655606404701,0.875142272996836,12,5.27482112336231,0.948164128820886,42.763974348435,NA,NA,NA,0.00145514713157713,0.763540613508687
"F_prepandemic_2009_censusIC","LTL","Total_Inventories","crisis_only","crisis","","none","SBC",2,132,FALSE,1,1,1,1,TRUE,1,"estimated at r = 1",-0.0160780171148632,-0.70452109810208,0.482545101514731,"",-0.0612866391945571,0.0291306049648308,0.0489377012152782,4.90016028505617,3.19453769513476e-06,"***",0.0291536118082929,0.0687217906222634,-1.25563294398497,NA,NA,0.512356941589217,0.474120330303546,22.3357514123721,2.28905126631318e-06,6.72655606404701,0.875142272996836,12,5.27482112336231,0.948164128820886,42.763974348435,NA,NA,NA,0.00145514713157713,0.763540613508687
"F_prepandemic_2009_censusIC","LTL","Total_Inventories","crisis_only","crisis","","const","AIC",2,132,FALSE,1,1,1,1,TRUE,1,"estimated at r = 1",0.0117021085654146,0.855387799331183,0.394115139816569,"",-0.0153962729070751,0.0388004900379042,0.042012861749489,7.09016958451836,1.1610818121613e-10,"***",0.0302755693780264,0.0537501541209516,-1.30606577013353,13.7782182526192,"constant",0.747103968524626,0.387394683280226,41.9311831051405,9.45428180187946e-11,6.56663532878631,0.884874831543581,12,5.23938441844543,0.949501523523037,NA,NA,NA,NA,-0.000161650404571726,0.973292721732451
"F_prepandemic_2009_censusIC","LTL","Total_Inventories","crisis_only","crisis","","const","SBC",2,132,FALSE,1,1,1,1,TRUE,1,"estimated at r = 1",0.0117021085654146,0.855387799331183,0.394115139816569,"",-0.0153962729070751,0.0388004900379042,0.042012861749489,7.09016958451836,1.1610818121613e-10,"***",0.0302755693780264,0.0537501541209516,-1.30606577013353,13.7782182526192,"constant",0.747103968524626,0.387394683280226,41.9311831051405,9.45428180187946e-11,6.56663532878631,0.884874831543581,12,5.23938441844543,0.949501523523037,NA,NA,NA,NA,-0.000161650404571726,0.973292721732451
"F_prepandemic_2009_censusIC","LTL","Total_Inventories","crisis_only","crisis","","trend","AIC",2,132,FALSE,1,1,1,1,TRUE,1,"estimated at r = 1",-0.00279970218177725,-0.196738475971579,0.844382512876094,"",-0.0309903671309564,0.025390962767402,0.0318973234747672,5.1854613708619,9.44311956608789e-07,"***",0.0197116474836923,0.0440829994658421,-2.20203948748175,0.00272351120319803,"trend.l2",0.0365766737865401,0.848329504232043,22.3856831384245,2.23030394452817e-06,6.82165250399199,0.869170877703967,12,6.01817210701128,0.915163239836843,247.232162346976,NA,NA,NA,1.86890830072963e-06,0.999690733407215
"F_prepandemic_2009_censusIC","LTL","Total_Inventories","crisis_only","crisis","","trend","SBC",2,132,FALSE,1,1,1,1,TRUE,1,"estimated at r = 1",-0.00279970218177725,-0.196738475971579,0.844382512876094,"",-0.0309903671309564,0.025390962767402,0.0318973234747672,5.1854613708619,9.44311956608789e-07,"***",0.0197116474836923,0.0440829994658421,-2.20203948748175,0.00272351120319803,"trend.l2",0.0365766737865401,0.848329504232043,22.3856831384245,2.23030394452817e-06,6.82165250399199,0.869170877703967,12,6.01817210701128,0.915163239836843,247.232162346976,NA,NA,NA,1.86890830072963e-06,0.999690733407215
"F_prepandemic_2009_censusIC","Truckload","Total_Inventories","none","","","none","AIC",2,132,TRUE,0,0,0,0,TRUE,NA,"r = 0: no cointegration",NA,NA,NA,"",NA,NA,NA,NA,NA,"",NA,NA,NA,NA,NA,NA,NA,NA,NA,NA,NA,NA,NA,NA,NA,NA,NA,NA,NA,NA
"F_prepandemic_2009_censusIC","Truckload","Total_Inventories","none","","","none","SBC",2,132,TRUE,0,0,0,0,TRUE,NA,"r = 0: no cointegration",NA,NA,NA,"",NA,NA,NA,NA,NA,"",NA,NA,NA,NA,NA,NA,NA,NA,NA,NA,NA,NA,NA,NA,NA,NA,NA,NA,NA,NA
"F_prepandemic_2009_censusIC","Truckload","Total_Inventories","none","","","const","AIC",2,132,TRUE,0,0,0,0,TRUE,NA,"r = 0: no cointegration",NA,NA,NA,"",NA,NA,NA,NA,NA,"",NA,NA,NA,NA,NA,NA,NA,NA,NA,NA,NA,NA,NA,NA,NA,NA,NA,NA,NA,NA
"F_prepandemic_2009_censusIC","Truckload","Total_Inventories","none","","","const","SBC",2,132,TRUE,0,0,0,0,TRUE,NA,"r = 0: no cointegration",NA,NA,NA,"",NA,NA,NA,NA,NA,"",NA,NA,NA,NA,NA,NA,NA,NA,NA,NA,NA,NA,NA,NA,NA,NA,NA,NA,NA,NA
"F_prepandemic_2009_censusIC","Truckload","Total_Inventories","none","","","trend","AIC",2,132,TRUE,0,0,0,0,TRUE,NA,"r = 0: no cointegration",NA,NA,NA,"",NA,NA,NA,NA,NA,"",NA,NA,NA,NA,NA,NA,NA,NA,NA,NA,NA,NA,NA,NA,NA,NA,NA,NA,NA,NA
"F_prepandemic_2009_censusIC","Truckload","Total_Inventories","none","","","trend","SBC",2,132,TRUE,0,0,0,0,TRUE,NA,"r = 0: no cointegration",NA,NA,NA,"",NA,NA,NA,NA,NA,"",NA,NA,NA,NA,NA,NA,NA,NA,NA,NA,NA,NA,NA,NA,NA,NA,NA,NA,NA,NA
"F_prepandemic_2009_censusIC","Truckload","Total_Inventories","crisis_only","crisis","","none","AIC",2,132,FALSE,1,1,0,1,TRUE,1,"estimated at r = 1",0.000997732356858556,0.196115771511138,0.844868717689076,"",-0.00908049898143972,0.0110759636951568,0.0150024508387074,3.78182694383347,0.00024958197302415,"***",0.00714388406565587,0.022861017611759,-1.30406731890614,NA,NA,0.0364823294130125,0.848522866623947,12.6526105498265,0.000375041620634509,12.0991776556841,0.437747801354645,12,4.39398095042038,0.975233188475388,NA,NA,NA,NA,-0.000696892635577505,0.793865188749122
"F_prepandemic_2009_censusIC","Truckload","Total_Inventories","crisis_only","crisis","","none","SBC",2,132,FALSE,1,1,0,1,TRUE,1,"estimated at r = 1",0.000997732356858556,0.196115771511138,0.844868717689076,"",-0.00908049898143972,0.0110759636951568,0.0150024508387074,3.78182694383347,0.00024958197302415,"***",0.00714388406565587,0.022861017611759,-1.30406731890614,NA,NA,0.0364823294130125,0.848522866623947,12.6526105498265,0.000375041620634509,12.0991776556841,0.437747801354645,12,4.39398095042038,0.975233188475388,NA,NA,NA,NA,-0.000696892635577505,0.793865188749122
"F_prepandemic_2009_censusIC","Truckload","Total_Inventories","crisis_only","crisis","","const","AIC",2,132,FALSE,1,1,1,1,TRUE,1,"estimated at r = 1",0.00272036116925356,1.14077261669793,0.256334669003361,"",-0.00200320235226683,0.00744392469077396,0.0121326701562126,6.5293509193273,1.86468372737753e-09,"***",0.00845198507187836,0.0158133552405469,-1.51803761374782,17.2120026715559,"constant",1.37097689424666,0.241644110669542,38.017115478364,7.01267488523172e-10,12.1810343196275,0.431252317299685,12,4.35268994962658,0.976199028318138,NA,NA,NA,NA,-0.00105757590671718,0.687547488245309
"F_prepandemic_2009_censusIC","Truckload","Total_Inventories","crisis_only","crisis","","const","SBC",2,132,FALSE,1,1,1,1,TRUE,1,"estimated at r = 1",0.00272036116925356,1.14077261669793,0.256334669003361,"",-0.00200320235226683,0.00744392469077396,0.0121326701562126,6.5293509193273,1.86468372737753e-09,"***",0.00845198507187836,0.0158133552405469,-1.51803761374782,17.2120026715559,"constant",1.37097689424666,0.241644110669542,38.017115478364,7.01267488523172e-10,12.1810343196275,0.431252317299685,12,4.35268994962658,0.976199028318138,NA,NA,NA,NA,-0.00105757590671718,0.687547488245309
"F_prepandemic_2009_censusIC","Truckload","Total_Inventories","crisis_only","crisis","","trend","AIC",2,132,FALSE,1,1,1,1,TRUE,1,"estimated at r = 1",0.0113368812036068,1.41738685181312,0.159097189076449,"",-0.0045079633557199,0.0271817257629336,0.031472312383883,5.25664118939929,6.92550774282089e-07,"***",0.0196118094152398,0.0433328153525263,-2.5894149857689,0.00604785227323394,"trend.l2",1.99172366859941,0.158160771289641,24.4250709633985,7.72567344986541e-07,13.0212921098844,0.367494981566893,12,5.96410587885815,0.917880624243187,NA,NA,NA,NA,-0.00230255300092766,0.378545605014858
"F_prepandemic_2009_censusIC","Truckload","Total_Inventories","crisis_only","crisis","","trend","SBC",2,132,FALSE,1,1,1,1,TRUE,1,"estimated at r = 1",0.0113368812036068,1.41738685181312,0.159097189076449,"",-0.0045079633557199,0.0271817257629336,0.031472312383883,5.25664118939929,6.92550774282089e-07,"***",0.0196118094152398,0.0433328153525263,-2.5894149857689,0.00604785227323394,"trend.l2",1.99172366859941,0.158160771289641,24.4250709633985,7.72567344986541e-07,13.0212921098844,0.367494981566893,12,5.96410587885815,0.917880624243187,NA,NA,NA,NA,-0.00230255300092766,0.378545605014858
"F_prepandemic_2009_censusIC","Local","Total_Inventories","none","","","none","AIC",6,132,TRUE,0,0,0,0,TRUE,NA,"r = 0: no cointegration",NA,NA,NA,"",NA,NA,NA,NA,NA,"",NA,NA,NA,NA,NA,NA,NA,NA,NA,NA,NA,NA,NA,NA,NA,NA,NA,NA,NA,NA
"F_prepandemic_2009_censusIC","Local","Total_Inventories","none","","","none","SBC",2,132,TRUE,0,0,0,0,TRUE,NA,"r = 0: no cointegration",NA,NA,NA,"",NA,NA,NA,NA,NA,"",NA,NA,NA,NA,NA,NA,NA,NA,NA,NA,NA,NA,NA,NA,NA,NA,NA,NA,NA,NA
"F_prepandemic_2009_censusIC","Local","Total_Inventories","none","","","const","AIC",6,132,TRUE,1,1,0,1,TRUE,1,"estimated at r = 1",-0.00108220755736374,-0.286303587022863,0.775215154995783,"",-0.00857795086960244,0.00641353575487497,-0.00929112750932206,-3.87544994892371,0.000186506800876635,"***",-0.0140453250237159,-0.0045369299949282,0.703704748304612,-15.1416830365785,"constant",0.0773867757817425,0.780870512267438,13.049003316321,0.000303445846068118,5.82281130264094,0.924749078755679,12,7.74053507224893,0.805063815923682,640.147117437149,NA,NA,NA,NA,NA
"F_prepandemic_2009_censusIC","Local","Total_Inventories","none","","","const","SBC",2,132,TRUE,0,0,0,0,TRUE,NA,"r = 0: no cointegration",NA,NA,NA,"",NA,NA,NA,NA,NA,"",NA,NA,NA,NA,NA,NA,NA,NA,NA,NA,NA,NA,NA,NA,NA,NA,NA,NA,NA,NA
"F_prepandemic_2009_censusIC","Local","Total_Inventories","none","","","trend","AIC",6,132,TRUE,0,0,0,0,TRUE,NA,"r = 0: no cointegration",NA,NA,NA,"",NA,NA,NA,NA,NA,"",NA,NA,NA,NA,NA,NA,NA,NA,NA,NA,NA,NA,NA,NA,NA,NA,NA,NA,NA,NA
"F_prepandemic_2009_censusIC","Local","Total_Inventories","none","","","trend","SBC",2,132,TRUE,0,0,0,0,TRUE,NA,"r = 0: no cointegration",NA,NA,NA,"",NA,NA,NA,NA,NA,"",NA,NA,NA,NA,NA,NA,NA,NA,NA,NA,NA,NA,NA,NA,NA,NA,NA,NA,NA,NA
"F_prepandemic_2009_censusIC","Local","Total_Inventories","crisis_only","crisis","","none","AIC",6,132,FALSE,1,1,0,0,FALSE,1,"estimated at r = 1",-0.00129236582579593,-1.0528972564451,0.294875962704439,"",-0.00372698275741352,0.00114225110582165,0.00253699548161877,3.28343404731007,0.00140538983355842,"***",0.00100441756585134,0.0040695733973862,-5.49714179549522,NA,NA,0.959292844392252,0.327365109458811,8.79659405704255,0.00301793433434361,6.63406572727347,0.880819021411704,12,5.63908605983996,0.933172184697755,535.993114590174,NA,NA,NA,0.00819403664965155,0.178991678779635
"F_prepandemic_2009_censusIC","Local","Total_Inventories","crisis_only","crisis","","none","SBC",2,132,FALSE,1,1,0,1,TRUE,1,"estimated at r = 1",-0.00636036022395203,-0.983099436408213,0.327640353578466,"",-0.0191767897216993,0.00645606927379527,0.0153291723307761,3.84073194644925,0.000202059160607366,"***",0.00742261369950106,0.0232357309620511,-1.12503118922056,NA,NA,1.04735033524588,0.306118118589985,15.0557567169816,0.000104381408167153,12.9405794212002,0.373374398633485,12,4.2545391119971,0.978392898298392,108.63229112295,NA,NA,NA,0.00332379460012643,0.339288109036719
"F_prepandemic_2009_censusIC","Local","Total_Inventories","crisis_only","crisis","","const","AIC",6,132,FALSE,1,1,0,1,TRUE,1,"estimated at r = 1",-0.000712738631952155,-1.10063600622351,0.273620697701934,"",-0.00199704058587038,0.000571563321966065,0.00159133655311818,3.90692210664278,0.000167410606812777,"***",0.000783529117515465,0.0023991439887209,-8.72930435714397,121.926171764279,"constant",1.15233997540723,0.283059846068647,13.4268795622189,0.000248044368111544,6.66051575313217,0.87920894390944,12,5.69343701081193,0.930740454196924,972.165817533969,NA,NA,NA,0.00819583422033667,0.173282929665045
"F_prepandemic_2009_censusIC","Local","Total_Inventories","crisis_only","crisis","","const","SBC",2,132,FALSE,1,1,1,1,TRUE,1,"estimated at r = 1",0.000991553326572022,0.338404184028873,0.735675665299845,"",-0.00481238291114586,0.00679548956428991,0.0120509525194819,6.7267942253408,7.08820816451091e-10,"***",0.00850236506036935,0.0155995399785944,-1.39156957512966,15.3430008810664,"constant",0.121584893904231,0.727321861063023,40.0860378524833,2.43019715462367e-10,13.1851361491953,0.355729099637047,12,4.16147960565613,0.980342991454626,NA,NA,NA,NA,0.00219037601384191,0.522226926029116
"F_prepandemic_2009_censusIC","Local","Total_Inventories","crisis_only","crisis","","trend","AIC",6,132,FALSE,1,1,0,1,TRUE,1,"estimated at r = 1",9.750598294403e-07,0.0231474885028119,0.981577848622846,"",-8.25772680300173e-05,8.45273876888979e-05,-0.000109709895021564,-4.29955421533065,3.92479246733924e-05,"***",-0.000160321899358383,-5.9097890684745e-05,471.71892839542,-1.21928521014129,"trend.l6",0.000474889574566266,0.982613906669143,14.6953657999361,0.000126356691148022,6.23126020007467,0.903978257430194,12,8.58995186075769,0.737497282467627,NA,NA,NA,NA,0.0044019612355309,0.448538841519765
"F_prepandemic_2009_censusIC","Local","Total_Inventories","crisis_only","crisis","","trend","SBC",2,132,FALSE,1,1,0,1,TRUE,1,"estimated at r = 1",-0.00245331462141903,-0.426393220888947,0.670625412929275,"",-0.0138512382549386,0.00894460901210052,0.0170076913739538,4.9948215753181,2.14136271291292e-06,"***",0.0102622841336547,0.023753098614253,-3.40693879416794,0.00809381773009265,"trend.l2",0.191933665010318,0.661312094330855,23.6540659908636,1.15302034719988e-06,13.4155967721578,0.339570515871975,12,5.28864339366622,0.947636672434349,282.188257623136,NA,NA,NA,0.00225197627150851,0.517426756794405
"F_prepandemic_2009_censusIC","Airfreight","Total_Inventories","none","","","none","AIC",7,132,TRUE,1,1,0,1,TRUE,1,"estimated at r = 1",-0.0610153858017798,-3.85314619000539,0.00020610513341367,"***",-0.0924319948929308,-0.0295987767106287,-0.0135015496482545,-2.45699415669798,0.0157324857536436,"**",-0.0244037692913276,-0.00259933000518137,0.127254149653754,NA,NA,16.5586334117204,4.71687508363239e-05,7.02360451469712,0.00804421365208408,15.6510755968213,0.207745081463755,12,7.98614544373675,0.786212135567373,11.0099933502807,NA,NA,NA,NA,NA
"F_prepandemic_2009_censusIC","Airfreight","Total_Inventories","none","","","none","SBC",2,132,TRUE,0,0,0,0,TRUE,NA,"r = 0: no cointegration",NA,NA,NA,"",NA,NA,NA,NA,NA,"",NA,NA,NA,NA,NA,NA,NA,NA,NA,NA,NA,NA,NA,NA,NA,NA,NA,NA,NA,NA
"F_prepandemic_2009_censusIC","Airfreight","Total_Inventories","none","","","const","AIC",7,132,TRUE,1,1,1,1,TRUE,1,"estimated at r = 1",-0.0453030353805536,-3.98449880366435,0.000127826377459917,"***",-0.0678577004063657,-0.0227483703547414,-0.016404854154144,-4.16887929697539,6.47571241224606e-05,"***",-0.0242109851227597,-0.0085987231855283,0.190432343620173,-7.81046037316155,"constant",15.8583039648175,6.82663169058184e-05,17.2318091676665,3.30850154360851e-05,15.2747858664044,0.226752091513628,12,7.9279224249703,0.790737335289242,14.9509856251278,NA,NA,NA,NA,NA
"F_prepandemic_2009_censusIC","Airfreight","Total_Inventories","none","","","const","SBC",2,132,TRUE,1,1,1,1,TRUE,1,"estimated at r = 1",-0.00303063272984612,-0.191218097411443,0.848689014436241,"",-0.0344217514047754,0.0283604859450831,0.0214407594304673,3.92432205789949,0.00014789595416046,"***",0.0106194952697007,0.0322620235912339,-0.463247109155161,1.72710870506907,"constant",0.0258402302972845,0.872291121042115,9.98372794368785,0.00157929618549169,30.9016160820909,0.00203920657544399,12,17.9798079263183,0.116304998597153,228.366936429319,NA,NA,NA,NA,NA
"F_prepandemic_2009_censusIC","Airfreight","Total_Inventories","none","","","trend","AIC",7,132,TRUE,2,2,1,2,TRUE,NA,"r = 2: full rank",NA,NA,NA,"",NA,NA,NA,NA,NA,"",NA,NA,NA,NA,NA,NA,NA,NA,NA,NA,NA,NA,NA,NA,NA,NA,NA,NA,NA,NA
"F_prepandemic_2009_censusIC","Airfreight","Total_Inventories","none","","","trend","SBC",2,132,TRUE,1,1,1,1,TRUE,1,"estimated at r = 1",0.0452959254077131,1.23476578209628,0.21943466036968,"",-0.0273676614278039,0.11795951224323,0.0694069335588074,6.15264523019892,1.14058857749083e-08,"***",0.0470617840736097,0.0917520830440052,-2.26666403418787,0.00615154416746316,"trend.l2",1.37352343663932,0.241207429854965,28.8343664781087,7.88397025441867e-08,29.7555062800467,0.00303896975322437,12,18.0975693773299,0.112759936285258,NA,NA,NA,NA,NA,NA
"F_prepandemic_2009_censusIC","Airfreight","Total_Inventories","crisis_only","crisis","","none","AIC",7,132,FALSE,1,1,1,1,TRUE,1,"estimated at r = 1",-0.0725320375578339,-3.7678258312735,0.000279880470136266,"***",-0.110728946040388,-0.03433512907528,-0.0184709893523736,-2.77167496756367,0.00666293813675484,"***",-0.0316942029739073,-0.00524777573083992,0.185024646994173,NA,NA,16.0075804417913,6.30893706015101e-05,8.93912096529787,0.00279127014554703,16.3105989541133,0.177420612304469,12,7.15204991324014,0.847403957883608,9.2055053000492,NA,NA,NA,-0.0151041176312413,0.203797626459755
"F_prepandemic_2009_censusIC","Airfreight","Total_Inventories","crisis_only","crisis","","none","SBC",2,132,FALSE,1,1,1,1,TRUE,1,"estimated at r = 1",-0.071707733448699,-4.38239630062894,2.62402390204807e-05,"***",-0.104122069789479,-0.0392933971079185,-0.0199303791931298,-3.63392665899375,0.000420062583026307,"***",-0.0307951905617393,-0.00906556782452032,0.220328815224788,NA,NA,18.280531554112,1.90645609421392e-05,12.8980164396753,0.000328930545189565,34.096721901403,0.00065125209047312,12,4.19395657554357,0.979676593309821,9.31541089800841,NA,NA,NA,-0.0290723560130466,0.000294290664891484
"F_prepandemic_2009_censusIC","Airfreight","Total_Inventories","crisis_only","crisis","","const","AIC",7,132,FALSE,1,1,1,1,TRUE,1,"estimated at r = 1",-0.0623516884860817,-3.59879593060359,0.000499223722291278,"***",-0.0967254002701481,-0.0279779767020152,-0.0208073469675054,-3.47146232857184,0.000765847178258593,"***",-0.0326989303558094,-0.00891576357920136,0.214270393795882,-8.1658604393188,"constant",12.7506685290184,0.00035588193904168,11.9206712231801,0.000555144744999514,15.8948712186494,0.196098746389054,12,7.4534890161259,0.826249494160478,10.7664426377007,NA,NA,NA,-0.0178258158956441,0.126637496675828
"F_prepandemic_2009_censusIC","Airfreight","Total_Inventories","crisis_only","crisis","","const","SBC",2,132,FALSE,2,2,1,2,TRUE,NA,"r = 2: full rank",NA,NA,NA,"",NA,NA,NA,NA,NA,"",NA,NA,NA,NA,NA,NA,NA,NA,NA,NA,NA,NA,NA,NA,NA,NA,NA,NA,NA,NA
"F_prepandemic_2009_censusIC","Airfreight","Total_Inventories","crisis_only","crisis","","trend","AIC",7,132,FALSE,2,2,1,2,TRUE,NA,"r = 2: full rank",NA,NA,NA,"",NA,NA,NA,NA,NA,"",NA,NA,NA,NA,NA,NA,NA,NA,NA,NA,NA,NA,NA,NA,NA,NA,NA,NA,NA,NA
"F_prepandemic_2009_censusIC","Airfreight","Total_Inventories","crisis_only","crisis","","trend","SBC",2,132,FALSE,1,1,1,1,TRUE,1,"estimated at r = 1",0.0225091469272916,3.74008766924499,0.000289492896141603,"***",0.0105868470668787,0.0344314467877044,0.00960522078333135,5.095350665214,1.3935552233121e-06,"***",0.00587086182703018,0.0133395797396325,-7.79651137598174,0.0205077081877458,"trend.l2",11.1107500864329,0.000858287723061513,19.4607882503619,1.02686196554735e-05,36.5752162519019,0.000261724704400557,12,4.33012863510449,0.976715960126173,NA,NA,NA,NA,-0.0152106861178254,0.0152780284949784
"F_prepandemic_2009_censusIC","SeaFreight","Total_Inventories","none","","","none","AIC",2,132,TRUE,0,0,0,0,TRUE,NA,"r = 0: no cointegration",NA,NA,NA,"",NA,NA,NA,NA,NA,"",NA,NA,NA,NA,NA,NA,NA,NA,NA,NA,NA,NA,NA,NA,NA,NA,NA,NA,NA,NA
"F_prepandemic_2009_censusIC","SeaFreight","Total_Inventories","none","","","none","SBC",2,132,TRUE,0,0,0,0,TRUE,NA,"r = 0: no cointegration",NA,NA,NA,"",NA,NA,NA,NA,NA,"",NA,NA,NA,NA,NA,NA,NA,NA,NA,NA,NA,NA,NA,NA,NA,NA,NA,NA,NA,NA
"F_prepandemic_2009_censusIC","SeaFreight","Total_Inventories","none","","","const","AIC",2,132,TRUE,1,1,0,1,TRUE,1,"estimated at r = 1",0.0071342463653593,0.414786843192171,0.679064057545412,"",-0.0269321038361906,0.0412005965669092,0.0217721458624424,4.27677019718514,3.91485291493378e-05,"***",0.0116891916151303,0.0318551001097544,-0.601730623024766,3.16106408804212,"constant",0.173146412196237,0.677330497455813,16.9749099611332,3.7877064602343e-05,6.2165438661738,0.904774873115947,12,14.4659771348573,0.271946244742025,NA,NA,NA,NA,NA,NA
"F_prepandemic_2009_censusIC","SeaFreight","Total_Inventories","none","","","const","SBC",2,132,TRUE,1,1,0,1,TRUE,1,"estimated at r = 1",0.0071342463653593,0.414786843192171,0.679064057545412,"",-0.0269321038361906,0.0412005965669092,0.0217721458624424,4.27677019718514,3.91485291493378e-05,"***",0.0116891916151303,0.0318551001097544,-0.601730623024766,3.16106408804212,"constant",0.173146412196237,0.677330497455813,16.9749099611332,3.7877064602343e-05,6.2165438661738,0.904774873115947,12,14.4659771348573,0.271946244742025,NA,NA,NA,NA,NA,NA
"F_prepandemic_2009_censusIC","SeaFreight","Total_Inventories","none","","","trend","AIC",2,132,TRUE,1,1,0,0,FALSE,1,"estimated at r = 1",-0.0409363616549025,-3.97702727811364,0.000122363206475942,"***",-0.0613252220274792,-0.0205475012823258,-0.00023919682217017,-0.0711005725257327,0.943441212956779,"",-0.0069030372433044,0.00642464359896406,4.21592486377311,-0.0167729764840448,"trend.l2",8.34188975107982,0.00387412802425247,0.0029375476432795,0.956776499490833,4.25545316152742,0.97837312205986,12,18.0093945993602,0.115405566106727,16.5833225019293,NA,NA,NA,NA,NA
"F_prepandemic_2009_censusIC","SeaFreight","Total_Inventories","none","","","trend","SBC",2,132,TRUE,1,1,0,0,FALSE,1,"estimated at r = 1",-0.0409363616549025,-3.97702727811364,0.000122363206475942,"***",-0.0613252220274792,-0.0205475012823258,-0.00023919682217017,-0.0711005725257327,0.943441212956779,"",-0.0069030372433044,0.00642464359896406,4.21592486377311,-0.0167729764840448,"trend.l2",8.34188975107982,0.00387412802425247,0.0029375476432795,0.956776499490833,4.25545316152742,0.97837312205986,12,18.0093945993602,0.115405566106727,16.5833225019293,NA,NA,NA,NA,NA
"F_prepandemic_2009_censusIC","SeaFreight","Total_Inventories","crisis_only","crisis","","none","AIC",2,132,FALSE,1,1,1,1,TRUE,1,"estimated at r = 1",-0.00541722734942428,-0.334853689556693,0.738350792313544,"",-0.0374655098987398,0.0266310551998912,0.0194817226120015,4.6031778601481,1.08787483129905e-05,"***",0.0110977010472916,0.0278657441767115,-1.19836542316476,NA,NA,0.124573516936398,0.724126122430895,21.5534848283234,3.44096866533583e-06,6.4381806619072,0.89240433054078,12,5.72169447711101,0.929456219842897,127.605501545466,NA,NA,NA,0.000489246539776355,0.94721825625297
"F_prepandemic_2009_censusIC","SeaFreight","Total_Inventories","crisis_only","crisis","","none","SBC",2,132,FALSE,1,1,1,1,TRUE,1,"estimated at r = 1",-0.00541722734942428,-0.334853689556693,0.738350792313544,"",-0.0374655098987398,0.0266310551998912,0.0194817226120015,4.6031778601481,1.08787483129905e-05,"***",0.0110977010472916,0.0278657441767115,-1.19836542316476,NA,NA,0.124573516936398,0.724126122430895,21.5534848283234,3.44096866533583e-06,6.4381806619072,0.89240433054078,12,5.72169447711101,0.929456219842897,127.605501545466,NA,NA,NA,0.000489246539776355,0.94721825625297
"F_prepandemic_2009_censusIC","SeaFreight","Total_Inventories","crisis_only","crisis","","const","AIC",2,132,FALSE,1,1,1,1,TRUE,1,"estimated at r = 1",0.0060045532122654,0.600100295448936,0.549620085644561,"",-0.013815240868851,0.0258243472933818,0.019014795182629,7.29174748922767,4.19414627065845e-11,"***",0.0138494147651171,0.0241801756001408,-1.23523824421066,12.3457163631347,"constant",0.395548212757156,0.529397347733723,47.8045822477779,4.70889993664514e-12,6.10947658891206,0.910463037108432,12,5.7732662463752,0.927077254637197,NA,NA,NA,NA,1.64693898343624e-06,0.999822510189366
"F_prepandemic_2009_censusIC","SeaFreight","Total_Inventories","crisis_only","crisis","","const","SBC",2,132,FALSE,1,1,1,1,TRUE,1,"estimated at r = 1",0.0060045532122654,0.600100295448936,0.549620085644561,"",-0.013815240868851,0.0258243472933818,0.019014795182629,7.29174748922767,4.19414627065845e-11,"***",0.0138494147651171,0.0241801756001408,-1.23523824421066,12.3457163631347,"constant",0.395548212757156,0.529397347733723,47.8045822477779,4.70889993664514e-12,6.10947658891206,0.910463037108432,12,5.7732662463752,0.927077254637197,NA,NA,NA,NA,1.64693898343624e-06,0.999822510189366
"F_prepandemic_2009_censusIC","SeaFreight","Total_Inventories","crisis_only","crisis","","trend","AIC",2,132,FALSE,2,2,1,2,TRUE,NA,"r = 2: full rank",NA,NA,NA,"",NA,NA,NA,NA,NA,"",NA,NA,NA,NA,NA,NA,NA,NA,NA,NA,NA,NA,NA,NA,NA,NA,NA,NA,NA,NA
"F_prepandemic_2009_censusIC","SeaFreight","Total_Inventories","crisis_only","crisis","","trend","SBC",2,132,FALSE,2,2,1,2,TRUE,NA,"r = 2: full rank",NA,NA,NA,"",NA,NA,NA,NA,NA,"",NA,NA,NA,NA,NA,NA,NA,NA,NA,NA,NA,NA,NA,NA,NA,NA,NA,NA,NA,NA
