"run","Model","ic_series","dummies","ecdet","lag_rule","K","cv_valid","test","hypothesis","statistic","cv_10pct","cv_5pct","cv_1pct","reject_5pct"
"A_common_censusIC","LTL","Total_Inventories","none","none","AIC",6,TRUE,"trace","r = 0",13.7331405308042,15.66,17.95,23.52,FALSE
"A_common_censusIC","LTL","Total_Inventories","none","none","AIC",6,TRUE,"trace","r <= 1",0.617986245501576,6.5,8.18,11.65,FALSE
"A_common_censusIC","LTL","Total_Inventories","none","none","AIC",6,TRUE,"eigen","r = 0",13.1151542853027,12.91,14.9,19.19,FALSE
"A_common_censusIC","LTL","Total_Inventories","none","none","AIC",6,TRUE,"eigen","r <= 1",0.617986245501576,6.5,8.18,11.65,FALSE
"A_common_censusIC","LTL","Total_Inventories","none","none","SBC",2,TRUE,"trace","r = 0",12.6635420791415,15.66,17.95,23.52,FALSE
"A_common_censusIC","LTL","Total_Inventories","none","none","SBC",2,TRUE,"trace","r <= 1",0.0998480351111901,6.5,8.18,11.65,FALSE
"A_common_censusIC","LTL","Total_Inventories","none","none","SBC",2,TRUE,"eigen","r = 0",12.5636940440303,12.91,14.9,19.19,FALSE
"A_common_censusIC","LTL","Total_Inventories","none","none","SBC",2,TRUE,"eigen","r <= 1",0.0998480351111901,6.5,8.18,11.65,FALSE
"A_common_censusIC","LTL","Total_Inventories","none","const","AIC",6,TRUE,"trace","r = 0",21.2310812485739,17.85,19.96,24.6,TRUE
"A_common_censusIC","LTL","Total_Inventories","none","const","AIC",6,TRUE,"trace","r <= 1",6.70247543430402,7.52,9.24,12.97,FALSE
"A_common_censusIC","LTL","Total_Inventories","none","const","AIC",6,TRUE,"eigen","r = 0",14.5286058142699,13.75,15.67,20.2,FALSE
"A_common_censusIC","LTL","Total_Inventories","none","const","AIC",6,TRUE,"eigen","r <= 1",6.70247543430399,7.52,9.24,12.97,FALSE
"A_common_censusIC","LTL","Total_Inventories","none","const","SBC",2,TRUE,"trace","r = 0",31.1594842830389,17.85,19.96,24.6,TRUE
"A_common_censusIC","LTL","Total_Inventories","none","const","SBC",2,TRUE,"trace","r <= 1",7.31525950884865,7.52,9.24,12.97,FALSE
"A_common_censusIC","LTL","Total_Inventories","none","const","SBC",2,TRUE,"eigen","r = 0",23.8442247741902,13.75,15.67,20.2,TRUE
"A_common_censusIC","LTL","Total_Inventories","none","const","SBC",2,TRUE,"eigen","r <= 1",7.31525950884865,7.52,9.24,12.97,FALSE
"A_common_censusIC","LTL","Total_Inventories","none","trend","AIC",6,TRUE,"trace","r = 0",26.8670356262976,22.76,25.32,30.45,TRUE
"A_common_censusIC","LTL","Total_Inventories","none","trend","AIC",6,TRUE,"trace","r <= 1",11.2731713207838,10.49,12.25,16.26,FALSE
"A_common_censusIC","LTL","Total_Inventories","none","trend","AIC",6,TRUE,"eigen","r = 0",15.5938643055138,16.85,18.96,23.65,FALSE
"A_common_censusIC","LTL","Total_Inventories","none","trend","AIC",6,TRUE,"eigen","r <= 1",11.2731713207838,10.49,12.25,16.26,FALSE
"A_common_censusIC","LTL","Total_Inventories","none","trend","SBC",2,TRUE,"trace","r = 0",21.3505409592076,22.76,25.32,30.45,FALSE
"A_common_censusIC","LTL","Total_Inventories","none","trend","SBC",2,TRUE,"trace","r <= 1",4.92863551981633,10.49,12.25,16.26,FALSE
"A_common_censusIC","LTL","Total_Inventories","none","trend","SBC",2,TRUE,"eigen","r = 0",16.4219054393912,16.85,18.96,23.65,FALSE
"A_common_censusIC","LTL","Total_Inventories","none","trend","SBC",2,TRUE,"eigen","r <= 1",4.92863551981633,10.49,12.25,16.26,FALSE
"A_common_censusIC","LTL","Total_Inventories","orig","none","AIC",6,FALSE,"trace","r = 0",21.713950338661,15.66,17.95,23.52,TRUE
"A_common_censusIC","LTL","Total_Inventories","orig","none","AIC",6,FALSE,"trace","r <= 1",3.33000042482481,6.5,8.18,11.65,FALSE
"A_common_censusIC","LTL","Total_Inventories","orig","none","AIC",6,FALSE,"eigen","r = 0",18.3839499138362,12.91,14.9,19.19,TRUE
"A_common_censusIC","LTL","Total_Inventories","orig","none","AIC",6,FALSE,"eigen","r <= 1",3.33000042482481,6.5,8.18,11.65,FALSE
"A_common_censusIC","LTL","Total_Inventories","orig","none","SBC",2,FALSE,"trace","r = 0",21.7960580437453,15.66,17.95,23.52,TRUE
"A_common_censusIC","LTL","Total_Inventories","orig","none","SBC",2,FALSE,"trace","r <= 1",2.80944736372881,6.5,8.18,11.65,FALSE
"A_common_censusIC","LTL","Total_Inventories","orig","none","SBC",2,FALSE,"eigen","r = 0",18.9866106800165,12.91,14.9,19.19,TRUE
"A_common_censusIC","LTL","Total_Inventories","orig","none","SBC",2,FALSE,"eigen","r <= 1",2.80944736372881,6.5,8.18,11.65,FALSE
"A_common_censusIC","LTL","Total_Inventories","orig","const","AIC",6,FALSE,"trace","r = 0",29.5241999939531,17.85,19.96,24.6,TRUE
"A_common_censusIC","LTL","Total_Inventories","orig","const","AIC",6,FALSE,"trace","r <= 1",8.88653325134707,7.52,9.24,12.97,FALSE
"A_common_censusIC","LTL","Total_Inventories","orig","const","AIC",6,FALSE,"eigen","r = 0",20.6376667426061,13.75,15.67,20.2,TRUE
"A_common_censusIC","LTL","Total_Inventories","orig","const","AIC",6,FALSE,"eigen","r <= 1",8.88653325134705,7.52,9.24,12.97,FALSE
"A_common_censusIC","LTL","Total_Inventories","orig","const","SBC",2,FALSE,"trace","r = 0",43.1133852899585,17.85,19.96,24.6,TRUE
"A_common_censusIC","LTL","Total_Inventories","orig","const","SBC",2,FALSE,"trace","r <= 1",11.548310568956,7.52,9.24,12.97,TRUE
"A_common_censusIC","LTL","Total_Inventories","orig","const","SBC",2,FALSE,"eigen","r = 0",31.5650747210026,13.75,15.67,20.2,TRUE
"A_common_censusIC","LTL","Total_Inventories","orig","const","SBC",2,FALSE,"eigen","r <= 1",11.5483105689559,7.52,9.24,12.97,TRUE
"A_common_censusIC","LTL","Total_Inventories","orig","trend","AIC",6,FALSE,"trace","r = 0",32.7830992297816,22.76,25.32,30.45,TRUE
"A_common_censusIC","LTL","Total_Inventories","orig","trend","AIC",6,FALSE,"trace","r <= 1",12.353925714288,10.49,12.25,16.26,TRUE
"A_common_censusIC","LTL","Total_Inventories","orig","trend","AIC",6,FALSE,"eigen","r = 0",20.4291735154936,16.85,18.96,23.65,TRUE
"A_common_censusIC","LTL","Total_Inventories","orig","trend","AIC",6,FALSE,"eigen","r <= 1",12.353925714288,10.49,12.25,16.26,TRUE
"A_common_censusIC","LTL","Total_Inventories","orig","trend","SBC",2,FALSE,"trace","r = 0",31.5934948285622,22.76,25.32,30.45,TRUE
"A_common_censusIC","LTL","Total_Inventories","orig","trend","SBC",2,FALSE,"trace","r <= 1",4.66804055756193,10.49,12.25,16.26,FALSE
"A_common_censusIC","LTL","Total_Inventories","orig","trend","SBC",2,FALSE,"eigen","r = 0",26.9254542710003,16.85,18.96,23.65,TRUE
"A_common_censusIC","LTL","Total_Inventories","orig","trend","SBC",2,FALSE,"eigen","r <= 1",4.66804055756193,10.49,12.25,16.26,FALSE
"A_common_censusIC","LTL","Total_Inventories","za_step","none","AIC",6,FALSE,"trace","r = 0",16.4810066220156,15.66,17.95,23.52,FALSE
"A_common_censusIC","LTL","Total_Inventories","za_step","none","AIC",6,FALSE,"trace","r <= 1",0.399086205201447,6.5,8.18,11.65,FALSE
"A_common_censusIC","LTL","Total_Inventories","za_step","none","AIC",6,FALSE,"eigen","r = 0",16.0819204168141,12.91,14.9,19.19,TRUE
"A_common_censusIC","LTL","Total_Inventories","za_step","none","AIC",6,FALSE,"eigen","r <= 1",0.399086205201447,6.5,8.18,11.65,FALSE
"A_common_censusIC","LTL","Total_Inventories","za_step","none","SBC",2,FALSE,"trace","r = 0",20.6912513849667,15.66,17.95,23.52,TRUE
"A_common_censusIC","LTL","Total_Inventories","za_step","none","SBC",2,FALSE,"trace","r <= 1",0.962507689308975,6.5,8.18,11.65,FALSE
"A_common_censusIC","LTL","Total_Inventories","za_step","none","SBC",2,FALSE,"eigen","r = 0",19.7287436956577,12.91,14.9,19.19,TRUE
"A_common_censusIC","LTL","Total_Inventories","za_step","none","SBC",2,FALSE,"eigen","r <= 1",0.962507689308975,6.5,8.18,11.65,FALSE
"A_common_censusIC","LTL","Total_Inventories","za_step","const","AIC",6,FALSE,"trace","r = 0",25.772038176821,17.85,19.96,24.6,TRUE
"A_common_censusIC","LTL","Total_Inventories","za_step","const","AIC",6,FALSE,"trace","r <= 1",4.89410433111021,7.52,9.24,12.97,FALSE
"A_common_censusIC","LTL","Total_Inventories","za_step","const","AIC",6,FALSE,"eigen","r = 0",20.8779338457108,13.75,15.67,20.2,TRUE
"A_common_censusIC","LTL","Total_Inventories","za_step","const","AIC",6,FALSE,"eigen","r <= 1",4.89410433111019,7.52,9.24,12.97,FALSE
"A_common_censusIC","LTL","Total_Inventories","za_step","const","SBC",2,FALSE,"trace","r = 0",42.7170208701162,17.85,19.96,24.6,TRUE
"A_common_censusIC","LTL","Total_Inventories","za_step","const","SBC",2,FALSE,"trace","r <= 1",6.66186150380749,7.52,9.24,12.97,FALSE
"A_common_censusIC","LTL","Total_Inventories","za_step","const","SBC",2,FALSE,"eigen","r = 0",36.0551593663087,13.75,15.67,20.2,TRUE
"A_common_censusIC","LTL","Total_Inventories","za_step","const","SBC",2,FALSE,"eigen","r <= 1",6.66186150380746,7.52,9.24,12.97,FALSE
"A_common_censusIC","LTL","Total_Inventories","za_step","trend","AIC",6,FALSE,"trace","r = 0",39.0045390200021,22.76,25.32,30.45,TRUE
"A_common_censusIC","LTL","Total_Inventories","za_step","trend","AIC",6,FALSE,"trace","r <= 1",13.8019717549108,10.49,12.25,16.26,TRUE
"A_common_censusIC","LTL","Total_Inventories","za_step","trend","AIC",6,FALSE,"eigen","r = 0",25.2025672650913,16.85,18.96,23.65,TRUE
"A_common_censusIC","LTL","Total_Inventories","za_step","trend","AIC",6,FALSE,"eigen","r <= 1",13.8019717549108,10.49,12.25,16.26,TRUE
"A_common_censusIC","LTL","Total_Inventories","za_step","trend","SBC",2,FALSE,"trace","r = 0",34.5169757313681,22.76,25.32,30.45,TRUE
"A_common_censusIC","LTL","Total_Inventories","za_step","trend","SBC",2,FALSE,"trace","r <= 1",13.0308168570598,10.49,12.25,16.26,TRUE
"A_common_censusIC","LTL","Total_Inventories","za_step","trend","SBC",2,FALSE,"eigen","r = 0",21.4861588743083,16.85,18.96,23.65,TRUE
"A_common_censusIC","LTL","Total_Inventories","za_step","trend","SBC",2,FALSE,"eigen","r <= 1",13.0308168570598,10.49,12.25,16.26,TRUE
"A_common_censusIC","LTL","Total_Inventories","za_window","none","AIC",2,FALSE,"trace","r = 0",14.4614200846896,15.66,17.95,23.52,FALSE
"A_common_censusIC","LTL","Total_Inventories","za_window","none","AIC",2,FALSE,"trace","r <= 1",2.20099100092897,6.5,8.18,11.65,FALSE
"A_common_censusIC","LTL","Total_Inventories","za_window","none","AIC",2,FALSE,"eigen","r = 0",12.2604290837606,12.91,14.9,19.19,FALSE
"A_common_censusIC","LTL","Total_Inventories","za_window","none","AIC",2,FALSE,"eigen","r <= 1",2.20099100092897,6.5,8.18,11.65,FALSE
"A_common_censusIC","LTL","Total_Inventories","za_window","none","SBC",2,FALSE,"trace","r = 0",14.4614200846896,15.66,17.95,23.52,FALSE
"A_common_censusIC","LTL","Total_Inventories","za_window","none","SBC",2,FALSE,"trace","r <= 1",2.20099100092897,6.5,8.18,11.65,FALSE
"A_common_censusIC","LTL","Total_Inventories","za_window","none","SBC",2,FALSE,"eigen","r = 0",12.2604290837606,12.91,14.9,19.19,FALSE
"A_common_censusIC","LTL","Total_Inventories","za_window","none","SBC",2,FALSE,"eigen","r <= 1",2.20099100092897,6.5,8.18,11.65,FALSE
"A_common_censusIC","LTL","Total_Inventories","za_window","const","AIC",2,FALSE,"trace","r = 0",39.176700405106,17.85,19.96,24.6,TRUE
"A_common_censusIC","LTL","Total_Inventories","za_window","const","AIC",2,FALSE,"trace","r <= 1",6.16291980790741,7.52,9.24,12.97,FALSE
"A_common_censusIC","LTL","Total_Inventories","za_window","const","AIC",2,FALSE,"eigen","r = 0",33.0137805971986,13.75,15.67,20.2,TRUE
"A_common_censusIC","LTL","Total_Inventories","za_window","const","AIC",2,FALSE,"eigen","r <= 1",6.16291980790741,7.52,9.24,12.97,FALSE
"A_common_censusIC","LTL","Total_Inventories","za_window","const","SBC",2,FALSE,"trace","r = 0",39.176700405106,17.85,19.96,24.6,TRUE
"A_common_censusIC","LTL","Total_Inventories","za_window","const","SBC",2,FALSE,"trace","r <= 1",6.16291980790741,7.52,9.24,12.97,FALSE
"A_common_censusIC","LTL","Total_Inventories","za_window","const","SBC",2,FALSE,"eigen","r = 0",33.0137805971986,13.75,15.67,20.2,TRUE
"A_common_censusIC","LTL","Total_Inventories","za_window","const","SBC",2,FALSE,"eigen","r <= 1",6.16291980790741,7.52,9.24,12.97,FALSE
"A_common_censusIC","LTL","Total_Inventories","za_window","trend","AIC",2,FALSE,"trace","r = 0",27.2232962628261,22.76,25.32,30.45,TRUE
"A_common_censusIC","LTL","Total_Inventories","za_window","trend","AIC",2,FALSE,"trace","r <= 1",8.84845335052607,10.49,12.25,16.26,FALSE
"A_common_censusIC","LTL","Total_Inventories","za_window","trend","AIC",2,FALSE,"eigen","r = 0",18.3748429123,16.85,18.96,23.65,FALSE
"A_common_censusIC","LTL","Total_Inventories","za_window","trend","AIC",2,FALSE,"eigen","r <= 1",8.84845335052607,10.49,12.25,16.26,FALSE
"A_common_censusIC","LTL","Total_Inventories","za_window","trend","SBC",2,FALSE,"trace","r = 0",27.2232962628261,22.76,25.32,30.45,TRUE
"A_common_censusIC","LTL","Total_Inventories","za_window","trend","SBC",2,FALSE,"trace","r <= 1",8.84845335052607,10.49,12.25,16.26,FALSE
"A_common_censusIC","LTL","Total_Inventories","za_window","trend","SBC",2,FALSE,"eigen","r = 0",18.3748429123,16.85,18.96,23.65,FALSE
"A_common_censusIC","LTL","Total_Inventories","za_window","trend","SBC",2,FALSE,"eigen","r <= 1",8.84845335052607,10.49,12.25,16.26,FALSE
"A_common_censusIC","LTL","Total_Inventories","za_series","none","AIC",6,FALSE,"trace","r = 0",17.7443911124644,15.66,17.95,23.52,FALSE
"A_common_censusIC","LTL","Total_Inventories","za_series","none","AIC",6,FALSE,"trace","r <= 1",0.656179452742383,6.5,8.18,11.65,FALSE
"A_common_censusIC","LTL","Total_Inventories","za_series","none","AIC",6,FALSE,"eigen","r = 0",17.088211659722,12.91,14.9,19.19,TRUE
"A_common_censusIC","LTL","Total_Inventories","za_series","none","AIC",6,FALSE,"eigen","r <= 1",0.656179452742383,6.5,8.18,11.65,FALSE
"A_common_censusIC","LTL","Total_Inventories","za_series","none","SBC",2,FALSE,"trace","r = 0",21.5732720421971,15.66,17.95,23.52,TRUE
"A_common_censusIC","LTL","Total_Inventories","za_series","none","SBC",2,FALSE,"trace","r <= 1",1.09103626429022,6.5,8.18,11.65,FALSE
"A_common_censusIC","LTL","Total_Inventories","za_series","none","SBC",2,FALSE,"eigen","r = 0",20.4822357779069,12.91,14.9,19.19,TRUE
"A_common_censusIC","LTL","Total_Inventories","za_series","none","SBC",2,FALSE,"eigen","r <= 1",1.09103626429022,6.5,8.18,11.65,FALSE
"A_common_censusIC","LTL","Total_Inventories","za_series","const","AIC",6,FALSE,"trace","r = 0",23.1443284419368,17.85,19.96,24.6,TRUE
"A_common_censusIC","LTL","Total_Inventories","za_series","const","AIC",6,FALSE,"trace","r <= 1",3.08111887039741,7.52,9.24,12.97,FALSE
"A_common_censusIC","LTL","Total_Inventories","za_series","const","AIC",6,FALSE,"eigen","r = 0",20.0632095715394,13.75,15.67,20.2,TRUE
"A_common_censusIC","LTL","Total_Inventories","za_series","const","AIC",6,FALSE,"eigen","r <= 1",3.08111887039741,7.52,9.24,12.97,FALSE
"A_common_censusIC","LTL","Total_Inventories","za_series","const","SBC",2,FALSE,"trace","r = 0",36.5014246925278,17.85,19.96,24.6,TRUE
"A_common_censusIC","LTL","Total_Inventories","za_series","const","SBC",2,FALSE,"trace","r <= 1",4.90804418855176,7.52,9.24,12.97,FALSE
"A_common_censusIC","LTL","Total_Inventories","za_series","const","SBC",2,FALSE,"eigen","r = 0",31.5933805039761,13.75,15.67,20.2,TRUE
"A_common_censusIC","LTL","Total_Inventories","za_series","const","SBC",2,FALSE,"eigen","r <= 1",4.90804418855176,7.52,9.24,12.97,FALSE
"A_common_censusIC","LTL","Total_Inventories","za_series","trend","AIC",6,FALSE,"trace","r = 0",54.4658533159283,22.76,25.32,30.45,TRUE
"A_common_censusIC","LTL","Total_Inventories","za_series","trend","AIC",6,FALSE,"trace","r <= 1",14.0944224518539,10.49,12.25,16.26,TRUE
"A_common_censusIC","LTL","Total_Inventories","za_series","trend","AIC",6,FALSE,"eigen","r = 0",40.3714308640744,16.85,18.96,23.65,TRUE
"A_common_censusIC","LTL","Total_Inventories","za_series","trend","AIC",6,FALSE,"eigen","r <= 1",14.0944224518539,10.49,12.25,16.26,TRUE
"A_common_censusIC","LTL","Total_Inventories","za_series","trend","SBC",2,FALSE,"trace","r = 0",41.4156437933951,22.76,25.32,30.45,TRUE
"A_common_censusIC","LTL","Total_Inventories","za_series","trend","SBC",2,FALSE,"trace","r <= 1",20.1250999671932,10.49,12.25,16.26,TRUE
"A_common_censusIC","LTL","Total_Inventories","za_series","trend","SBC",2,FALSE,"eigen","r = 0",21.2905438262019,16.85,18.96,23.65,TRUE
"A_common_censusIC","LTL","Total_Inventories","za_series","trend","SBC",2,FALSE,"eigen","r <= 1",20.1250999671932,10.49,12.25,16.26,TRUE
"A_common_censusIC","Truckload","Total_Inventories","none","none","AIC",9,TRUE,"trace","r = 0",6.61723522225776,15.66,17.95,23.52,FALSE
"A_common_censusIC","Truckload","Total_Inventories","none","none","AIC",9,TRUE,"trace","r <= 1",0.0229020460672578,6.5,8.18,11.65,FALSE
"A_common_censusIC","Truckload","Total_Inventories","none","none","AIC",9,TRUE,"eigen","r = 0",6.5943331761905,12.91,14.9,19.19,FALSE
"A_common_censusIC","Truckload","Total_Inventories","none","none","AIC",9,TRUE,"eigen","r <= 1",0.0229020460672578,6.5,8.18,11.65,FALSE
"A_common_censusIC","Truckload","Total_Inventories","none","none","SBC",2,TRUE,"trace","r = 0",12.5338112911696,15.66,17.95,23.52,FALSE
"A_common_censusIC","Truckload","Total_Inventories","none","none","SBC",2,TRUE,"trace","r <= 1",0.286603579062899,6.5,8.18,11.65,FALSE
"A_common_censusIC","Truckload","Total_Inventories","none","none","SBC",2,TRUE,"eigen","r = 0",12.2472077121067,12.91,14.9,19.19,FALSE
"A_common_censusIC","Truckload","Total_Inventories","none","none","SBC",2,TRUE,"eigen","r <= 1",0.286603579062899,6.5,8.18,11.65,FALSE
"A_common_censusIC","Truckload","Total_Inventories","none","const","AIC",9,TRUE,"trace","r = 0",13.34962831466,17.85,19.96,24.6,FALSE
"A_common_censusIC","Truckload","Total_Inventories","none","const","AIC",9,TRUE,"trace","r <= 1",5.40837116441243,7.52,9.24,12.97,FALSE
"A_common_censusIC","Truckload","Total_Inventories","none","const","AIC",9,TRUE,"eigen","r = 0",7.94125715024758,13.75,15.67,20.2,FALSE
"A_common_censusIC","Truckload","Total_Inventories","none","const","AIC",9,TRUE,"eigen","r <= 1",5.40837116441243,7.52,9.24,12.97,FALSE
"A_common_censusIC","Truckload","Total_Inventories","none","const","SBC",2,TRUE,"trace","r = 0",28.5644176850112,17.85,19.96,24.6,TRUE
"A_common_censusIC","Truckload","Total_Inventories","none","const","SBC",2,TRUE,"trace","r <= 1",2.7199992077801,7.52,9.24,12.97,FALSE
"A_common_censusIC","Truckload","Total_Inventories","none","const","SBC",2,TRUE,"eigen","r = 0",25.8444184772311,13.75,15.67,20.2,TRUE
"A_common_censusIC","Truckload","Total_Inventories","none","const","SBC",2,TRUE,"eigen","r <= 1",2.71999920778016,7.52,9.24,12.97,FALSE
"A_common_censusIC","Truckload","Total_Inventories","none","trend","AIC",9,TRUE,"trace","r = 0",17.4814470997507,22.76,25.32,30.45,FALSE
"A_common_censusIC","Truckload","Total_Inventories","none","trend","AIC",9,TRUE,"trace","r <= 1",6.35734491156234,10.49,12.25,16.26,FALSE
"A_common_censusIC","Truckload","Total_Inventories","none","trend","AIC",9,TRUE,"eigen","r = 0",11.1241021881883,16.85,18.96,23.65,FALSE
"A_common_censusIC","Truckload","Total_Inventories","none","trend","AIC",9,TRUE,"eigen","r <= 1",6.35734491156234,10.49,12.25,16.26,FALSE
"A_common_censusIC","Truckload","Total_Inventories","none","trend","SBC",2,TRUE,"trace","r = 0",24.9082725896841,22.76,25.32,30.45,FALSE
"A_common_censusIC","Truckload","Total_Inventories","none","trend","SBC",2,TRUE,"trace","r <= 1",11.9327831477719,10.49,12.25,16.26,FALSE
"A_common_censusIC","Truckload","Total_Inventories","none","trend","SBC",2,TRUE,"eigen","r = 0",12.9754894419122,16.85,18.96,23.65,FALSE
"A_common_censusIC","Truckload","Total_Inventories","none","trend","SBC",2,TRUE,"eigen","r <= 1",11.9327831477719,10.49,12.25,16.26,FALSE
"A_common_censusIC","Truckload","Total_Inventories","orig","none","AIC",6,FALSE,"trace","r = 0",21.8602637996651,15.66,17.95,23.52,TRUE
"A_common_censusIC","Truckload","Total_Inventories","orig","none","AIC",6,FALSE,"trace","r <= 1",2.76179844135087,6.5,8.18,11.65,FALSE
"A_common_censusIC","Truckload","Total_Inventories","orig","none","AIC",6,FALSE,"eigen","r = 0",19.0984653583142,12.91,14.9,19.19,TRUE
"A_common_censusIC","Truckload","Total_Inventories","orig","none","AIC",6,FALSE,"eigen","r <= 1",2.76179844135087,6.5,8.18,11.65,FALSE
"A_common_censusIC","Truckload","Total_Inventories","orig","none","SBC",2,FALSE,"trace","r = 0",31.5370523760349,15.66,17.95,23.52,TRUE
"A_common_censusIC","Truckload","Total_Inventories","orig","none","SBC",2,FALSE,"trace","r <= 1",4.92446018055486,6.5,8.18,11.65,FALSE
"A_common_censusIC","Truckload","Total_Inventories","orig","none","SBC",2,FALSE,"eigen","r = 0",26.6125921954801,12.91,14.9,19.19,TRUE
"A_common_censusIC","Truckload","Total_Inventories","orig","none","SBC",2,FALSE,"eigen","r <= 1",4.92446018055486,6.5,8.18,11.65,FALSE
"A_common_censusIC","Truckload","Total_Inventories","orig","const","AIC",6,FALSE,"trace","r = 0",33.2522414142843,17.85,19.96,24.6,TRUE
"A_common_censusIC","Truckload","Total_Inventories","orig","const","AIC",6,FALSE,"trace","r <= 1",7.64207378745529,7.52,9.24,12.97,FALSE
"A_common_censusIC","Truckload","Total_Inventories","orig","const","AIC",6,FALSE,"eigen","r = 0",25.610167626829,13.75,15.67,20.2,TRUE
"A_common_censusIC","Truckload","Total_Inventories","orig","const","AIC",6,FALSE,"eigen","r <= 1",7.6420737874554,7.52,9.24,12.97,FALSE
"A_common_censusIC","Truckload","Total_Inventories","orig","const","SBC",2,FALSE,"trace","r = 0",55.1982738355656,17.85,19.96,24.6,TRUE
"A_common_censusIC","Truckload","Total_Inventories","orig","const","SBC",2,FALSE,"trace","r <= 1",8.6702243650783,7.52,9.24,12.97,FALSE
"A_common_censusIC","Truckload","Total_Inventories","orig","const","SBC",2,FALSE,"eigen","r = 0",46.5280494704873,13.75,15.67,20.2,TRUE
"A_common_censusIC","Truckload","Total_Inventories","orig","const","SBC",2,FALSE,"eigen","r <= 1",8.67022436507816,7.52,9.24,12.97,FALSE
"A_common_censusIC","Truckload","Total_Inventories","orig","trend","AIC",6,FALSE,"trace","r = 0",31.4710144721168,22.76,25.32,30.45,TRUE
"A_common_censusIC","Truckload","Total_Inventories","orig","trend","AIC",6,FALSE,"trace","r <= 1",11.7480460429704,10.49,12.25,16.26,FALSE
"A_common_censusIC","Truckload","Total_Inventories","orig","trend","AIC",6,FALSE,"eigen","r = 0",19.7229684291464,16.85,18.96,23.65,TRUE
"A_common_censusIC","Truckload","Total_Inventories","orig","trend","AIC",6,FALSE,"eigen","r <= 1",11.7480460429704,10.49,12.25,16.26,FALSE
"A_common_censusIC","Truckload","Total_Inventories","orig","trend","SBC",2,FALSE,"trace","r = 0",38.0271533142586,22.76,25.32,30.45,TRUE
"A_common_censusIC","Truckload","Total_Inventories","orig","trend","SBC",2,FALSE,"trace","r <= 1",10.2054344172542,10.49,12.25,16.26,FALSE
"A_common_censusIC","Truckload","Total_Inventories","orig","trend","SBC",2,FALSE,"eigen","r = 0",27.8217188970045,16.85,18.96,23.65,TRUE
"A_common_censusIC","Truckload","Total_Inventories","orig","trend","SBC",2,FALSE,"eigen","r <= 1",10.2054344172542,10.49,12.25,16.26,FALSE
"A_common_censusIC","Truckload","Total_Inventories","za_step","none","AIC",9,FALSE,"trace","r = 0",18.2727102279458,15.66,17.95,23.52,TRUE
"A_common_censusIC","Truckload","Total_Inventories","za_step","none","AIC",9,FALSE,"trace","r <= 1",5.6431519133973,6.5,8.18,11.65,FALSE
"A_common_censusIC","Truckload","Total_Inventories","za_step","none","AIC",9,FALSE,"eigen","r = 0",12.6295583145485,12.91,14.9,19.19,FALSE
"A_common_censusIC","Truckload","Total_Inventories","za_step","none","AIC",9,FALSE,"eigen","r <= 1",5.6431519133973,6.5,8.18,11.65,FALSE
"A_common_censusIC","Truckload","Total_Inventories","za_step","none","SBC",2,FALSE,"trace","r = 0",20.0861407749833,15.66,17.95,23.52,TRUE
"A_common_censusIC","Truckload","Total_Inventories","za_step","none","SBC",2,FALSE,"trace","r <= 1",3.86311366077141,6.5,8.18,11.65,FALSE
"A_common_censusIC","Truckload","Total_Inventories","za_step","none","SBC",2,FALSE,"eigen","r = 0",16.2230271142119,12.91,14.9,19.19,TRUE
"A_common_censusIC","Truckload","Total_Inventories","za_step","none","SBC",2,FALSE,"eigen","r <= 1",3.86311366077141,6.5,8.18,11.65,FALSE
"A_common_censusIC","Truckload","Total_Inventories","za_step","const","AIC",9,FALSE,"trace","r = 0",29.1155774574815,17.85,19.96,24.6,TRUE
"A_common_censusIC","Truckload","Total_Inventories","za_step","const","AIC",9,FALSE,"trace","r <= 1",10.7770722114222,7.52,9.24,12.97,TRUE
"A_common_censusIC","Truckload","Total_Inventories","za_step","const","AIC",9,FALSE,"eigen","r = 0",18.3385052460593,13.75,15.67,20.2,TRUE
"A_common_censusIC","Truckload","Total_Inventories","za_step","const","AIC",9,FALSE,"eigen","r <= 1",10.7770722114222,7.52,9.24,12.97,TRUE
"A_common_censusIC","Truckload","Total_Inventories","za_step","const","SBC",2,FALSE,"trace","r = 0",39.4159927755189,17.85,19.96,24.6,TRUE
"A_common_censusIC","Truckload","Total_Inventories","za_step","const","SBC",2,FALSE,"trace","r <= 1",5.9112466588618,7.52,9.24,12.97,FALSE
"A_common_censusIC","Truckload","Total_Inventories","za_step","const","SBC",2,FALSE,"eigen","r = 0",33.5047461166571,13.75,15.67,20.2,TRUE
"A_common_censusIC","Truckload","Total_Inventories","za_step","const","SBC",2,FALSE,"eigen","r <= 1",5.91124665886157,7.52,9.24,12.97,FALSE
"A_common_censusIC","Truckload","Total_Inventories","za_step","trend","AIC",9,FALSE,"trace","r = 0",30.1816146771637,22.76,25.32,30.45,TRUE
"A_common_censusIC","Truckload","Total_Inventories","za_step","trend","AIC",9,FALSE,"trace","r <= 1",7.8242404000859,10.49,12.25,16.26,FALSE
"A_common_censusIC","Truckload","Total_Inventories","za_step","trend","AIC",9,FALSE,"eigen","r = 0",22.3573742770778,16.85,18.96,23.65,TRUE
"A_common_censusIC","Truckload","Total_Inventories","za_step","trend","AIC",9,FALSE,"eigen","r <= 1",7.8242404000859,10.49,12.25,16.26,FALSE
"A_common_censusIC","Truckload","Total_Inventories","za_step","trend","SBC",2,FALSE,"trace","r = 0",36.6076992424095,22.76,25.32,30.45,TRUE
"A_common_censusIC","Truckload","Total_Inventories","za_step","trend","SBC",2,FALSE,"trace","r <= 1",16.1740678390822,10.49,12.25,16.26,TRUE
"A_common_censusIC","Truckload","Total_Inventories","za_step","trend","SBC",2,FALSE,"eigen","r = 0",20.4336314033273,16.85,18.96,23.65,TRUE
"A_common_censusIC","Truckload","Total_Inventories","za_step","trend","SBC",2,FALSE,"eigen","r <= 1",16.1740678390822,10.49,12.25,16.26,TRUE
"A_common_censusIC","Truckload","Total_Inventories","za_window","none","AIC",6,FALSE,"trace","r = 0",22.5006578835684,15.66,17.95,23.52,TRUE
"A_common_censusIC","Truckload","Total_Inventories","za_window","none","AIC",6,FALSE,"trace","r <= 1",3.3735861424871,6.5,8.18,11.65,FALSE
"A_common_censusIC","Truckload","Total_Inventories","za_window","none","AIC",6,FALSE,"eigen","r = 0",19.1270717410813,12.91,14.9,19.19,TRUE
"A_common_censusIC","Truckload","Total_Inventories","za_window","none","AIC",6,FALSE,"eigen","r <= 1",3.3735861424871,6.5,8.18,11.65,FALSE
"A_common_censusIC","Truckload","Total_Inventories","za_window","none","SBC",2,FALSE,"trace","r = 0",28.7869988858228,15.66,17.95,23.52,TRUE
"A_common_censusIC","Truckload","Total_Inventories","za_window","none","SBC",2,FALSE,"trace","r <= 1",6.62580887101523,6.5,8.18,11.65,FALSE
"A_common_censusIC","Truckload","Total_Inventories","za_window","none","SBC",2,FALSE,"eigen","r = 0",22.1611900148076,12.91,14.9,19.19,TRUE
"A_common_censusIC","Truckload","Total_Inventories","za_window","none","SBC",2,FALSE,"eigen","r <= 1",6.62580887101523,6.5,8.18,11.65,FALSE
"A_common_censusIC","Truckload","Total_Inventories","za_window","const","AIC",6,FALSE,"trace","r = 0",34.0997056620726,17.85,19.96,24.6,TRUE
"A_common_censusIC","Truckload","Total_Inventories","za_window","const","AIC",6,FALSE,"trace","r <= 1",14.8843714851068,7.52,9.24,12.97,TRUE
"A_common_censusIC","Truckload","Total_Inventories","za_window","const","AIC",6,FALSE,"eigen","r = 0",19.2153341769658,13.75,15.67,20.2,TRUE
"A_common_censusIC","Truckload","Total_Inventories","za_window","const","AIC",6,FALSE,"eigen","r <= 1",14.8843714851069,7.52,9.24,12.97,TRUE
"A_common_censusIC","Truckload","Total_Inventories","za_window","const","SBC",2,FALSE,"trace","r = 0",52.6965852405574,17.85,19.96,24.6,TRUE
"A_common_censusIC","Truckload","Total_Inventories","za_window","const","SBC",2,FALSE,"trace","r <= 1",16.4397465027135,7.52,9.24,12.97,TRUE
"A_common_censusIC","Truckload","Total_Inventories","za_window","const","SBC",2,FALSE,"eigen","r = 0",36.2568387378439,13.75,15.67,20.2,TRUE
"A_common_censusIC","Truckload","Total_Inventories","za_window","const","SBC",2,FALSE,"eigen","r <= 1",16.4397465027136,7.52,9.24,12.97,TRUE
"A_common_censusIC","Truckload","Total_Inventories","za_window","trend","AIC",6,FALSE,"trace","r = 0",30.1309520685949,22.76,25.32,30.45,TRUE
"A_common_censusIC","Truckload","Total_Inventories","za_window","trend","AIC",6,FALSE,"trace","r <= 1",7.57387191633487,10.49,12.25,16.26,FALSE
"A_common_censusIC","Truckload","Total_Inventories","za_window","trend","AIC",6,FALSE,"eigen","r = 0",22.55708015226,16.85,18.96,23.65,TRUE
"A_common_censusIC","Truckload","Total_Inventories","za_window","trend","AIC",6,FALSE,"eigen","r <= 1",7.57387191633487,10.49,12.25,16.26,FALSE
"A_common_censusIC","Truckload","Total_Inventories","za_window","trend","SBC",2,FALSE,"trace","r = 0",36.052688804687,22.76,25.32,30.45,TRUE
"A_common_censusIC","Truckload","Total_Inventories","za_window","trend","SBC",2,FALSE,"trace","r <= 1",10.9097087401051,10.49,12.25,16.26,FALSE
"A_common_censusIC","Truckload","Total_Inventories","za_window","trend","SBC",2,FALSE,"eigen","r = 0",25.1429800645819,16.85,18.96,23.65,TRUE
"A_common_censusIC","Truckload","Total_Inventories","za_window","trend","SBC",2,FALSE,"eigen","r <= 1",10.9097087401051,10.49,12.25,16.26,FALSE
"A_common_censusIC","Truckload","Total_Inventories","za_series","none","AIC",9,FALSE,"trace","r = 0",17.4799272113733,15.66,17.95,23.52,FALSE
"A_common_censusIC","Truckload","Total_Inventories","za_series","none","AIC",9,FALSE,"trace","r <= 1",5.07689495587439,6.5,8.18,11.65,FALSE
"A_common_censusIC","Truckload","Total_Inventories","za_series","none","AIC",9,FALSE,"eigen","r = 0",12.4030322554989,12.91,14.9,19.19,FALSE
"A_common_censusIC","Truckload","Total_Inventories","za_series","none","AIC",9,FALSE,"eigen","r <= 1",5.07689495587439,6.5,8.18,11.65,FALSE
"A_common_censusIC","Truckload","Total_Inventories","za_series","none","SBC",2,FALSE,"trace","r = 0",17.7259330159162,15.66,17.95,23.52,FALSE
"A_common_censusIC","Truckload","Total_Inventories","za_series","none","SBC",2,FALSE,"trace","r <= 1",3.27486740998135,6.5,8.18,11.65,FALSE
"A_common_censusIC","Truckload","Total_Inventories","za_series","none","SBC",2,FALSE,"eigen","r = 0",14.4510656059349,12.91,14.9,19.19,FALSE
"A_common_censusIC","Truckload","Total_Inventories","za_series","none","SBC",2,FALSE,"eigen","r <= 1",3.27486740998135,6.5,8.18,11.65,FALSE
"A_common_censusIC","Truckload","Total_Inventories","za_series","const","AIC",9,FALSE,"trace","r = 0",24.6358908490506,17.85,19.96,24.6,TRUE
"A_common_censusIC","Truckload","Total_Inventories","za_series","const","AIC",9,FALSE,"trace","r <= 1",9.57215946207439,7.52,9.24,12.97,TRUE
"A_common_censusIC","Truckload","Total_Inventories","za_series","const","AIC",9,FALSE,"eigen","r = 0",15.0637313869762,13.75,15.67,20.2,FALSE
"A_common_censusIC","Truckload","Total_Inventories","za_series","const","AIC",9,FALSE,"eigen","r <= 1",9.57215946207439,7.52,9.24,12.97,TRUE
"A_common_censusIC","Truckload","Total_Inventories","za_series","const","SBC",2,FALSE,"trace","r = 0",31.9607325240807,17.85,19.96,24.6,TRUE
"A_common_censusIC","Truckload","Total_Inventories","za_series","const","SBC",2,FALSE,"trace","r <= 1",5.76638996705949,7.52,9.24,12.97,FALSE
"A_common_censusIC","Truckload","Total_Inventories","za_series","const","SBC",2,FALSE,"eigen","r = 0",26.1943425570212,13.75,15.67,20.2,TRUE
"A_common_censusIC","Truckload","Total_Inventories","za_series","const","SBC",2,FALSE,"eigen","r <= 1",5.76638996705946,7.52,9.24,12.97,FALSE
"A_common_censusIC","Truckload","Total_Inventories","za_series","trend","AIC",9,FALSE,"trace","r = 0",36.8961133969833,22.76,25.32,30.45,TRUE
"A_common_censusIC","Truckload","Total_Inventories","za_series","trend","AIC",9,FALSE,"trace","r <= 1",7.59555164423556,10.49,12.25,16.26,FALSE
"A_common_censusIC","Truckload","Total_Inventories","za_series","trend","AIC",9,FALSE,"eigen","r = 0",29.3005617527477,16.85,18.96,23.65,TRUE
"A_common_censusIC","Truckload","Total_Inventories","za_series","trend","AIC",9,FALSE,"eigen","r <= 1",7.59555164423556,10.49,12.25,16.26,FALSE
"A_common_censusIC","Truckload","Total_Inventories","za_series","trend","SBC",2,FALSE,"trace","r = 0",43.1620040978215,22.76,25.32,30.45,TRUE
"A_common_censusIC","Truckload","Total_Inventories","za_series","trend","SBC",2,FALSE,"trace","r <= 1",14.2759083465395,10.49,12.25,16.26,TRUE
"A_common_censusIC","Truckload","Total_Inventories","za_series","trend","SBC",2,FALSE,"eigen","r = 0",28.8860957512821,16.85,18.96,23.65,TRUE
"A_common_censusIC","Truckload","Total_Inventories","za_series","trend","SBC",2,FALSE,"eigen","r <= 1",14.2759083465395,10.49,12.25,16.26,TRUE
"A_common_censusIC","Local","Total_Inventories","none","none","AIC",4,TRUE,"trace","r = 0",6.26081553857842,15.66,17.95,23.52,FALSE
"A_common_censusIC","Local","Total_Inventories","none","none","AIC",4,TRUE,"trace","r <= 1",0.126645307437404,6.5,8.18,11.65,FALSE
"A_common_censusIC","Local","Total_Inventories","none","none","AIC",4,TRUE,"eigen","r = 0",6.13417023114102,12.91,14.9,19.19,FALSE
"A_common_censusIC","Local","Total_Inventories","none","none","AIC",4,TRUE,"eigen","r <= 1",0.126645307437404,6.5,8.18,11.65,FALSE
"A_common_censusIC","Local","Total_Inventories","none","none","SBC",4,TRUE,"trace","r = 0",6.26081553857842,15.66,17.95,23.52,FALSE
"A_common_censusIC","Local","Total_Inventories","none","none","SBC",4,TRUE,"trace","r <= 1",0.126645307437404,6.5,8.18,11.65,FALSE
"A_common_censusIC","Local","Total_Inventories","none","none","SBC",4,TRUE,"eigen","r = 0",6.13417023114102,12.91,14.9,19.19,FALSE
"A_common_censusIC","Local","Total_Inventories","none","none","SBC",4,TRUE,"eigen","r <= 1",0.126645307437404,6.5,8.18,11.65,FALSE
"A_common_censusIC","Local","Total_Inventories","none","const","AIC",4,TRUE,"trace","r = 0",11.728554287953,17.85,19.96,24.6,FALSE
"A_common_censusIC","Local","Total_Inventories","none","const","AIC",4,TRUE,"trace","r <= 1",5.58267515983651,7.52,9.24,12.97,FALSE
"A_common_censusIC","Local","Total_Inventories","none","const","AIC",4,TRUE,"eigen","r = 0",6.14587912811648,13.75,15.67,20.2,FALSE
"A_common_censusIC","Local","Total_Inventories","none","const","AIC",4,TRUE,"eigen","r <= 1",5.58267515983649,7.52,9.24,12.97,FALSE
"A_common_censusIC","Local","Total_Inventories","none","const","SBC",4,TRUE,"trace","r = 0",11.728554287953,17.85,19.96,24.6,FALSE
"A_common_censusIC","Local","Total_Inventories","none","const","SBC",4,TRUE,"trace","r <= 1",5.58267515983651,7.52,9.24,12.97,FALSE
"A_common_censusIC","Local","Total_Inventories","none","const","SBC",4,TRUE,"eigen","r = 0",6.14587912811648,13.75,15.67,20.2,FALSE
"A_common_censusIC","Local","Total_Inventories","none","const","SBC",4,TRUE,"eigen","r <= 1",5.58267515983649,7.52,9.24,12.97,FALSE
"A_common_censusIC","Local","Total_Inventories","none","trend","AIC",4,TRUE,"trace","r = 0",15.5071885856817,22.76,25.32,30.45,FALSE
"A_common_censusIC","Local","Total_Inventories","none","trend","AIC",4,TRUE,"trace","r <= 1",5.99676754778882,10.49,12.25,16.26,FALSE
"A_common_censusIC","Local","Total_Inventories","none","trend","AIC",4,TRUE,"eigen","r = 0",9.51042103789285,16.85,18.96,23.65,FALSE
"A_common_censusIC","Local","Total_Inventories","none","trend","AIC",4,TRUE,"eigen","r <= 1",5.99676754778882,10.49,12.25,16.26,FALSE
"A_common_censusIC","Local","Total_Inventories","none","trend","SBC",4,TRUE,"trace","r = 0",15.5071885856817,22.76,25.32,30.45,FALSE
"A_common_censusIC","Local","Total_Inventories","none","trend","SBC",4,TRUE,"trace","r <= 1",5.99676754778882,10.49,12.25,16.26,FALSE
"A_common_censusIC","Local","Total_Inventories","none","trend","SBC",4,TRUE,"eigen","r = 0",9.51042103789285,16.85,18.96,23.65,FALSE
"A_common_censusIC","Local","Total_Inventories","none","trend","SBC",4,TRUE,"eigen","r <= 1",5.99676754778882,10.49,12.25,16.26,FALSE
"A_common_censusIC","Local","Total_Inventories","orig","none","AIC",4,FALSE,"trace","r = 0",22.2989968775874,15.66,17.95,23.52,TRUE
"A_common_censusIC","Local","Total_Inventories","orig","none","AIC",4,FALSE,"trace","r <= 1",2.48852962377435,6.5,8.18,11.65,FALSE
"A_common_censusIC","Local","Total_Inventories","orig","none","AIC",4,FALSE,"eigen","r = 0",19.8104672538131,12.91,14.9,19.19,TRUE
"A_common_censusIC","Local","Total_Inventories","orig","none","AIC",4,FALSE,"eigen","r <= 1",2.48852962377435,6.5,8.18,11.65,FALSE
"A_common_censusIC","Local","Total_Inventories","orig","none","SBC",3,FALSE,"trace","r = 0",22.9554088333201,15.66,17.95,23.52,TRUE
"A_common_censusIC","Local","Total_Inventories","orig","none","SBC",3,FALSE,"trace","r <= 1",2.80043936151897,6.5,8.18,11.65,FALSE
"A_common_censusIC","Local","Total_Inventories","orig","none","SBC",3,FALSE,"eigen","r = 0",20.1549694718011,12.91,14.9,19.19,TRUE
"A_common_censusIC","Local","Total_Inventories","orig","none","SBC",3,FALSE,"eigen","r <= 1",2.80043936151897,6.5,8.18,11.65,FALSE
"A_common_censusIC","Local","Total_Inventories","orig","const","AIC",4,FALSE,"trace","r = 0",32.0700759172006,17.85,19.96,24.6,TRUE
"A_common_censusIC","Local","Total_Inventories","orig","const","AIC",4,FALSE,"trace","r <= 1",8.16343543898906,7.52,9.24,12.97,FALSE
"A_common_censusIC","Local","Total_Inventories","orig","const","AIC",4,FALSE,"eigen","r = 0",23.9066404782116,13.75,15.67,20.2,TRUE
"A_common_censusIC","Local","Total_Inventories","orig","const","AIC",4,FALSE,"eigen","r <= 1",8.16343543898912,7.52,9.24,12.97,FALSE
"A_common_censusIC","Local","Total_Inventories","orig","const","SBC",3,FALSE,"trace","r = 0",39.0272017195576,17.85,19.96,24.6,TRUE
"A_common_censusIC","Local","Total_Inventories","orig","const","SBC",3,FALSE,"trace","r <= 1",9.2141088104107,7.52,9.24,12.97,FALSE
"A_common_censusIC","Local","Total_Inventories","orig","const","SBC",3,FALSE,"eigen","r = 0",29.8130929091469,13.75,15.67,20.2,TRUE
"A_common_censusIC","Local","Total_Inventories","orig","const","SBC",3,FALSE,"eigen","r <= 1",9.21410881041062,7.52,9.24,12.97,FALSE
"A_common_censusIC","Local","Total_Inventories","orig","trend","AIC",4,FALSE,"trace","r = 0",27.3773736587001,22.76,25.32,30.45,TRUE
"A_common_censusIC","Local","Total_Inventories","orig","trend","AIC",4,FALSE,"trace","r <= 1",7.1846651429727,10.49,12.25,16.26,FALSE
"A_common_censusIC","Local","Total_Inventories","orig","trend","AIC",4,FALSE,"eigen","r = 0",20.1927085157274,16.85,18.96,23.65,TRUE
"A_common_censusIC","Local","Total_Inventories","orig","trend","AIC",4,FALSE,"eigen","r <= 1",7.1846651429727,10.49,12.25,16.26,FALSE
"A_common_censusIC","Local","Total_Inventories","orig","trend","SBC",3,FALSE,"trace","r = 0",25.0929553191519,22.76,25.32,30.45,FALSE
"A_common_censusIC","Local","Total_Inventories","orig","trend","SBC",3,FALSE,"trace","r <= 1",4.6673327099288,10.49,12.25,16.26,FALSE
"A_common_censusIC","Local","Total_Inventories","orig","trend","SBC",3,FALSE,"eigen","r = 0",20.425622609223,16.85,18.96,23.65,TRUE
"A_common_censusIC","Local","Total_Inventories","orig","trend","SBC",3,FALSE,"eigen","r <= 1",4.6673327099288,10.49,12.25,16.26,FALSE
"A_common_censusIC","Local","Total_Inventories","za_step","none","AIC",4,FALSE,"trace","r = 0",16.290534461139,15.66,17.95,23.52,FALSE
"A_common_censusIC","Local","Total_Inventories","za_step","none","AIC",4,FALSE,"trace","r <= 1",3.47568701292124,6.5,8.18,11.65,FALSE
"A_common_censusIC","Local","Total_Inventories","za_step","none","AIC",4,FALSE,"eigen","r = 0",12.8148474482178,12.91,14.9,19.19,FALSE
"A_common_censusIC","Local","Total_Inventories","za_step","none","AIC",4,FALSE,"eigen","r <= 1",3.47568701292124,6.5,8.18,11.65,FALSE
"A_common_censusIC","Local","Total_Inventories","za_step","none","SBC",4,FALSE,"trace","r = 0",16.290534461139,15.66,17.95,23.52,FALSE
"A_common_censusIC","Local","Total_Inventories","za_step","none","SBC",4,FALSE,"trace","r <= 1",3.47568701292124,6.5,8.18,11.65,FALSE
"A_common_censusIC","Local","Total_Inventories","za_step","none","SBC",4,FALSE,"eigen","r = 0",12.8148474482178,12.91,14.9,19.19,FALSE
"A_common_censusIC","Local","Total_Inventories","za_step","none","SBC",4,FALSE,"eigen","r <= 1",3.47568701292124,6.5,8.18,11.65,FALSE
"A_common_censusIC","Local","Total_Inventories","za_step","const","AIC",4,FALSE,"trace","r = 0",25.561419173939,17.85,19.96,24.6,TRUE
"A_common_censusIC","Local","Total_Inventories","za_step","const","AIC",4,FALSE,"trace","r <= 1",7.79104810051687,7.52,9.24,12.97,FALSE
"A_common_censusIC","Local","Total_Inventories","za_step","const","AIC",4,FALSE,"eigen","r = 0",17.7703710734221,13.75,15.67,20.2,TRUE
"A_common_censusIC","Local","Total_Inventories","za_step","const","AIC",4,FALSE,"eigen","r <= 1",7.79104810051687,7.52,9.24,12.97,FALSE
"A_common_censusIC","Local","Total_Inventories","za_step","const","SBC",4,FALSE,"trace","r = 0",25.561419173939,17.85,19.96,24.6,TRUE
"A_common_censusIC","Local","Total_Inventories","za_step","const","SBC",4,FALSE,"trace","r <= 1",7.79104810051687,7.52,9.24,12.97,FALSE
"A_common_censusIC","Local","Total_Inventories","za_step","const","SBC",4,FALSE,"eigen","r = 0",17.7703710734221,13.75,15.67,20.2,TRUE
"A_common_censusIC","Local","Total_Inventories","za_step","const","SBC",4,FALSE,"eigen","r <= 1",7.79104810051687,7.52,9.24,12.97,FALSE
"A_common_censusIC","Local","Total_Inventories","za_step","trend","AIC",4,FALSE,"trace","r = 0",32.0410757565445,22.76,25.32,30.45,TRUE
"A_common_censusIC","Local","Total_Inventories","za_step","trend","AIC",4,FALSE,"trace","r <= 1",12.7756417083865,10.49,12.25,16.26,TRUE
"A_common_censusIC","Local","Total_Inventories","za_step","trend","AIC",4,FALSE,"eigen","r = 0",19.2654340481579,16.85,18.96,23.65,TRUE
"A_common_censusIC","Local","Total_Inventories","za_step","trend","AIC",4,FALSE,"eigen","r <= 1",12.7756417083865,10.49,12.25,16.26,TRUE
"A_common_censusIC","Local","Total_Inventories","za_step","trend","SBC",4,FALSE,"trace","r = 0",32.0410757565445,22.76,25.32,30.45,TRUE
"A_common_censusIC","Local","Total_Inventories","za_step","trend","SBC",4,FALSE,"trace","r <= 1",12.7756417083865,10.49,12.25,16.26,TRUE
"A_common_censusIC","Local","Total_Inventories","za_step","trend","SBC",4,FALSE,"eigen","r = 0",19.2654340481579,16.85,18.96,23.65,TRUE
"A_common_censusIC","Local","Total_Inventories","za_step","trend","SBC",4,FALSE,"eigen","r <= 1",12.7756417083865,10.49,12.25,16.26,TRUE
"A_common_censusIC","Local","Total_Inventories","za_window","none","AIC",4,FALSE,"trace","r = 0",16.8384183846167,15.66,17.95,23.52,FALSE
"A_common_censusIC","Local","Total_Inventories","za_window","none","AIC",4,FALSE,"trace","r <= 1",3.44330885323115,6.5,8.18,11.65,FALSE
"A_common_censusIC","Local","Total_Inventories","za_window","none","AIC",4,FALSE,"eigen","r = 0",13.3951095313856,12.91,14.9,19.19,FALSE
"A_common_censusIC","Local","Total_Inventories","za_window","none","AIC",4,FALSE,"eigen","r <= 1",3.44330885323115,6.5,8.18,11.65,FALSE
"A_common_censusIC","Local","Total_Inventories","za_window","none","SBC",2,FALSE,"trace","r = 0",19.8773513362319,15.66,17.95,23.52,TRUE
"A_common_censusIC","Local","Total_Inventories","za_window","none","SBC",2,FALSE,"trace","r <= 1",5.92680170810727,6.5,8.18,11.65,FALSE
"A_common_censusIC","Local","Total_Inventories","za_window","none","SBC",2,FALSE,"eigen","r = 0",13.9505496281246,12.91,14.9,19.19,FALSE
"A_common_censusIC","Local","Total_Inventories","za_window","none","SBC",2,FALSE,"eigen","r <= 1",5.92680170810727,6.5,8.18,11.65,FALSE
"A_common_censusIC","Local","Total_Inventories","za_window","const","AIC",4,FALSE,"trace","r = 0",27.8990539587155,17.85,19.96,24.6,TRUE
"A_common_censusIC","Local","Total_Inventories","za_window","const","AIC",4,FALSE,"trace","r <= 1",9.77437086260562,7.52,9.24,12.97,TRUE
"A_common_censusIC","Local","Total_Inventories","za_window","const","AIC",4,FALSE,"eigen","r = 0",18.1246830961099,13.75,15.67,20.2,TRUE
"A_common_censusIC","Local","Total_Inventories","za_window","const","AIC",4,FALSE,"eigen","r <= 1",9.77437086260556,7.52,9.24,12.97,TRUE
"A_common_censusIC","Local","Total_Inventories","za_window","const","SBC",2,FALSE,"trace","r = 0",41.6529609129332,17.85,19.96,24.6,TRUE
"A_common_censusIC","Local","Total_Inventories","za_window","const","SBC",2,FALSE,"trace","r <= 1",10.9070076253679,7.52,9.24,12.97,TRUE
"A_common_censusIC","Local","Total_Inventories","za_window","const","SBC",2,FALSE,"eigen","r = 0",30.7459532875653,13.75,15.67,20.2,TRUE
"A_common_censusIC","Local","Total_Inventories","za_window","const","SBC",2,FALSE,"eigen","r <= 1",10.9070076253678,7.52,9.24,12.97,TRUE
"A_common_censusIC","Local","Total_Inventories","za_window","trend","AIC",4,FALSE,"trace","r = 0",23.7488304615955,22.76,25.32,30.45,FALSE
"A_common_censusIC","Local","Total_Inventories","za_window","trend","AIC",4,FALSE,"trace","r <= 1",9.2630784071366,10.49,12.25,16.26,FALSE
"A_common_censusIC","Local","Total_Inventories","za_window","trend","AIC",4,FALSE,"eigen","r = 0",14.4857520544589,16.85,18.96,23.65,FALSE
"A_common_censusIC","Local","Total_Inventories","za_window","trend","AIC",4,FALSE,"eigen","r <= 1",9.2630784071366,10.49,12.25,16.26,FALSE
"A_common_censusIC","Local","Total_Inventories","za_window","trend","SBC",2,FALSE,"trace","r = 0",24.7930072105356,22.76,25.32,30.45,FALSE
"A_common_censusIC","Local","Total_Inventories","za_window","trend","SBC",2,FALSE,"trace","r <= 1",9.354774130976,10.49,12.25,16.26,FALSE
"A_common_censusIC","Local","Total_Inventories","za_window","trend","SBC",2,FALSE,"eigen","r = 0",15.4382330795596,16.85,18.96,23.65,FALSE
"A_common_censusIC","Local","Total_Inventories","za_window","trend","SBC",2,FALSE,"eigen","r <= 1",9.354774130976,10.49,12.25,16.26,FALSE
"A_common_censusIC","Local","Total_Inventories","za_series","none","AIC",4,FALSE,"trace","r = 0",20.185846470484,15.66,17.95,23.52,TRUE
"A_common_censusIC","Local","Total_Inventories","za_series","none","AIC",4,FALSE,"trace","r <= 1",5.05516253187944,6.5,8.18,11.65,FALSE
"A_common_censusIC","Local","Total_Inventories","za_series","none","AIC",4,FALSE,"eigen","r = 0",15.1306839386046,12.91,14.9,19.19,TRUE
"A_common_censusIC","Local","Total_Inventories","za_series","none","AIC",4,FALSE,"eigen","r <= 1",5.05516253187944,6.5,8.18,11.65,FALSE
"A_common_censusIC","Local","Total_Inventories","za_series","none","SBC",2,FALSE,"trace","r = 0",20.0147471163838,15.66,17.95,23.52,TRUE
"A_common_censusIC","Local","Total_Inventories","za_series","none","SBC",2,FALSE,"trace","r <= 1",2.95944955725916,6.5,8.18,11.65,FALSE
"A_common_censusIC","Local","Total_Inventories","za_series","none","SBC",2,FALSE,"eigen","r = 0",17.0552975591246,12.91,14.9,19.19,TRUE
"A_common_censusIC","Local","Total_Inventories","za_series","none","SBC",2,FALSE,"eigen","r <= 1",2.95944955725916,6.5,8.18,11.65,FALSE
"A_common_censusIC","Local","Total_Inventories","za_series","const","AIC",4,FALSE,"trace","r = 0",26.2069598932008,17.85,19.96,24.6,TRUE
"A_common_censusIC","Local","Total_Inventories","za_series","const","AIC",4,FALSE,"trace","r <= 1",11.0718963657188,7.52,9.24,12.97,TRUE
"A_common_censusIC","Local","Total_Inventories","za_series","const","AIC",4,FALSE,"eigen","r = 0",15.1350635274821,13.75,15.67,20.2,FALSE
"A_common_censusIC","Local","Total_Inventories","za_series","const","AIC",4,FALSE,"eigen","r <= 1",11.0718963657188,7.52,9.24,12.97,TRUE
"A_common_censusIC","Local","Total_Inventories","za_series","const","SBC",2,FALSE,"trace","r = 0",34.8424858520487,17.85,19.96,24.6,TRUE
"A_common_censusIC","Local","Total_Inventories","za_series","const","SBC",2,FALSE,"trace","r <= 1",10.6178606453936,7.52,9.24,12.97,TRUE
"A_common_censusIC","Local","Total_Inventories","za_series","const","SBC",2,FALSE,"eigen","r = 0",24.2246252066552,13.75,15.67,20.2,TRUE
"A_common_censusIC","Local","Total_Inventories","za_series","const","SBC",2,FALSE,"eigen","r <= 1",10.6178606453936,7.52,9.24,12.97,TRUE
"A_common_censusIC","Local","Total_Inventories","za_series","trend","AIC",4,FALSE,"trace","r = 0",39.5001971652164,22.76,25.32,30.45,TRUE
"A_common_censusIC","Local","Total_Inventories","za_series","trend","AIC",4,FALSE,"trace","r <= 1",13.439168395796,10.49,12.25,16.26,TRUE
"A_common_censusIC","Local","Total_Inventories","za_series","trend","AIC",4,FALSE,"eigen","r = 0",26.0610287694204,16.85,18.96,23.65,TRUE
"A_common_censusIC","Local","Total_Inventories","za_series","trend","AIC",4,FALSE,"eigen","r <= 1",13.439168395796,10.49,12.25,16.26,TRUE
"A_common_censusIC","Local","Total_Inventories","za_series","trend","SBC",2,FALSE,"trace","r = 0",39.2657267973547,22.76,25.32,30.45,TRUE
"A_common_censusIC","Local","Total_Inventories","za_series","trend","SBC",2,FALSE,"trace","r <= 1",16.5892256987279,10.49,12.25,16.26,TRUE
"A_common_censusIC","Local","Total_Inventories","za_series","trend","SBC",2,FALSE,"eigen","r = 0",22.6765010986268,16.85,18.96,23.65,TRUE
"A_common_censusIC","Local","Total_Inventories","za_series","trend","SBC",2,FALSE,"eigen","r <= 1",16.5892256987279,10.49,12.25,16.26,TRUE
"A_common_censusIC","Airfreight","Total_Inventories","none","none","AIC",5,TRUE,"trace","r = 0",6.91115097227277,15.66,17.95,23.52,FALSE
"A_common_censusIC","Airfreight","Total_Inventories","none","none","AIC",5,TRUE,"trace","r <= 1",0.0530931795196864,6.5,8.18,11.65,FALSE
"A_common_censusIC","Airfreight","Total_Inventories","none","none","AIC",5,TRUE,"eigen","r = 0",6.85805779275309,12.91,14.9,19.19,FALSE
"A_common_censusIC","Airfreight","Total_Inventories","none","none","AIC",5,TRUE,"eigen","r <= 1",0.0530931795196864,6.5,8.18,11.65,FALSE
"A_common_censusIC","Airfreight","Total_Inventories","none","none","SBC",3,TRUE,"trace","r = 0",4.79369429953511,15.66,17.95,23.52,FALSE
"A_common_censusIC","Airfreight","Total_Inventories","none","none","SBC",3,TRUE,"trace","r <= 1",0.0249753125127601,6.5,8.18,11.65,FALSE
"A_common_censusIC","Airfreight","Total_Inventories","none","none","SBC",3,TRUE,"eigen","r = 0",4.76871898702235,12.91,14.9,19.19,FALSE
"A_common_censusIC","Airfreight","Total_Inventories","none","none","SBC",3,TRUE,"eigen","r <= 1",0.0249753125127601,6.5,8.18,11.65,FALSE
"A_common_censusIC","Airfreight","Total_Inventories","none","const","AIC",5,TRUE,"trace","r = 0",12.1191870026011,17.85,19.96,24.6,FALSE
"A_common_censusIC","Airfreight","Total_Inventories","none","const","AIC",5,TRUE,"trace","r <= 1",5.13869838153456,7.52,9.24,12.97,FALSE
"A_common_censusIC","Airfreight","Total_Inventories","none","const","AIC",5,TRUE,"eigen","r = 0",6.98048862106659,13.75,15.67,20.2,FALSE
"A_common_censusIC","Airfreight","Total_Inventories","none","const","AIC",5,TRUE,"eigen","r <= 1",5.13869838153456,7.52,9.24,12.97,FALSE
"A_common_censusIC","Airfreight","Total_Inventories","none","const","SBC",3,TRUE,"trace","r = 0",13.8004058963619,17.85,19.96,24.6,FALSE
"A_common_censusIC","Airfreight","Total_Inventories","none","const","SBC",3,TRUE,"trace","r <= 1",4.65473617316855,7.52,9.24,12.97,FALSE
"A_common_censusIC","Airfreight","Total_Inventories","none","const","SBC",3,TRUE,"eigen","r = 0",9.14566972319333,13.75,15.67,20.2,FALSE
"A_common_censusIC","Airfreight","Total_Inventories","none","const","SBC",3,TRUE,"eigen","r <= 1",4.65473617316855,7.52,9.24,12.97,FALSE
"A_common_censusIC","Airfreight","Total_Inventories","none","trend","AIC",5,TRUE,"trace","r = 0",21.9516152949575,22.76,25.32,30.45,FALSE
"A_common_censusIC","Airfreight","Total_Inventories","none","trend","AIC",5,TRUE,"trace","r <= 1",4.43796422265464,10.49,12.25,16.26,FALSE
"A_common_censusIC","Airfreight","Total_Inventories","none","trend","AIC",5,TRUE,"eigen","r = 0",17.5136510723028,16.85,18.96,23.65,FALSE
"A_common_censusIC","Airfreight","Total_Inventories","none","trend","AIC",5,TRUE,"eigen","r <= 1",4.43796422265464,10.49,12.25,16.26,FALSE
"A_common_censusIC","Airfreight","Total_Inventories","none","trend","SBC",3,TRUE,"trace","r = 0",13.710424655755,22.76,25.32,30.45,FALSE
"A_common_censusIC","Airfreight","Total_Inventories","none","trend","SBC",3,TRUE,"trace","r <= 1",3.02035766911793,10.49,12.25,16.26,FALSE
"A_common_censusIC","Airfreight","Total_Inventories","none","trend","SBC",3,TRUE,"eigen","r = 0",10.6900669866371,16.85,18.96,23.65,FALSE
"A_common_censusIC","Airfreight","Total_Inventories","none","trend","SBC",3,TRUE,"eigen","r <= 1",3.02035766911793,10.49,12.25,16.26,FALSE
"A_common_censusIC","Airfreight","Total_Inventories","orig","none","AIC",5,FALSE,"trace","r = 0",6.88334187421423,15.66,17.95,23.52,FALSE
"A_common_censusIC","Airfreight","Total_Inventories","orig","none","AIC",5,FALSE,"trace","r <= 1",0.690186316485293,6.5,8.18,11.65,FALSE
"A_common_censusIC","Airfreight","Total_Inventories","orig","none","AIC",5,FALSE,"eigen","r = 0",6.19315555772894,12.91,14.9,19.19,FALSE
"A_common_censusIC","Airfreight","Total_Inventories","orig","none","AIC",5,FALSE,"eigen","r <= 1",0.690186316485293,6.5,8.18,11.65,FALSE
"A_common_censusIC","Airfreight","Total_Inventories","orig","none","SBC",3,FALSE,"trace","r = 0",5.8240665218615,15.66,17.95,23.52,FALSE
"A_common_censusIC","Airfreight","Total_Inventories","orig","none","SBC",3,FALSE,"trace","r <= 1",1.50633465410282,6.5,8.18,11.65,FALSE
"A_common_censusIC","Airfreight","Total_Inventories","orig","none","SBC",3,FALSE,"eigen","r = 0",4.31773186775867,12.91,14.9,19.19,FALSE
"A_common_censusIC","Airfreight","Total_Inventories","orig","none","SBC",3,FALSE,"eigen","r <= 1",1.50633465410282,6.5,8.18,11.65,FALSE
"A_common_censusIC","Airfreight","Total_Inventories","orig","const","AIC",5,FALSE,"trace","r = 0",17.2222561397404,17.85,19.96,24.6,FALSE
"A_common_censusIC","Airfreight","Total_Inventories","orig","const","AIC",5,FALSE,"trace","r <= 1",6.133160515793,7.52,9.24,12.97,FALSE
"A_common_censusIC","Airfreight","Total_Inventories","orig","const","AIC",5,FALSE,"eigen","r = 0",11.0890956239474,13.75,15.67,20.2,FALSE
"A_common_censusIC","Airfreight","Total_Inventories","orig","const","AIC",5,FALSE,"eigen","r <= 1",6.133160515793,7.52,9.24,12.97,FALSE
"A_common_censusIC","Airfreight","Total_Inventories","orig","const","SBC",3,FALSE,"trace","r = 0",19.9514843674451,17.85,19.96,24.6,FALSE
"A_common_censusIC","Airfreight","Total_Inventories","orig","const","SBC",3,FALSE,"trace","r <= 1",4.11167882001299,7.52,9.24,12.97,FALSE
"A_common_censusIC","Airfreight","Total_Inventories","orig","const","SBC",3,FALSE,"eigen","r = 0",15.8398055474321,13.75,15.67,20.2,TRUE
"A_common_censusIC","Airfreight","Total_Inventories","orig","const","SBC",3,FALSE,"eigen","r <= 1",4.11167882001293,7.52,9.24,12.97,FALSE
"A_common_censusIC","Airfreight","Total_Inventories","orig","trend","AIC",5,FALSE,"trace","r = 0",18.8938434713569,22.76,25.32,30.45,FALSE
"A_common_censusIC","Airfreight","Total_Inventories","orig","trend","AIC",5,FALSE,"trace","r <= 1",1.30677439577175,10.49,12.25,16.26,FALSE
"A_common_censusIC","Airfreight","Total_Inventories","orig","trend","AIC",5,FALSE,"eigen","r = 0",17.5870690755851,16.85,18.96,23.65,FALSE
"A_common_censusIC","Airfreight","Total_Inventories","orig","trend","AIC",5,FALSE,"eigen","r <= 1",1.30677439577175,10.49,12.25,16.26,FALSE
"A_common_censusIC","Airfreight","Total_Inventories","orig","trend","SBC",3,FALSE,"trace","r = 0",12.1194000976387,22.76,25.32,30.45,FALSE
"A_common_censusIC","Airfreight","Total_Inventories","orig","trend","SBC",3,FALSE,"trace","r <= 1",1.60968175336553,10.49,12.25,16.26,FALSE
"A_common_censusIC","Airfreight","Total_Inventories","orig","trend","SBC",3,FALSE,"eigen","r = 0",10.5097183442732,16.85,18.96,23.65,FALSE
"A_common_censusIC","Airfreight","Total_Inventories","orig","trend","SBC",3,FALSE,"eigen","r <= 1",1.60968175336553,10.49,12.25,16.26,FALSE
"A_common_censusIC","Airfreight","Total_Inventories","za_step","none","AIC",5,FALSE,"trace","r = 0",9.25006441783447,15.66,17.95,23.52,FALSE
"A_common_censusIC","Airfreight","Total_Inventories","za_step","none","AIC",5,FALSE,"trace","r <= 1",4.00962493886479,6.5,8.18,11.65,FALSE
"A_common_censusIC","Airfreight","Total_Inventories","za_step","none","AIC",5,FALSE,"eigen","r = 0",5.24043947896968,12.91,14.9,19.19,FALSE
"A_common_censusIC","Airfreight","Total_Inventories","za_step","none","AIC",5,FALSE,"eigen","r <= 1",4.00962493886479,6.5,8.18,11.65,FALSE
"A_common_censusIC","Airfreight","Total_Inventories","za_step","none","SBC",3,FALSE,"trace","r = 0",10.953338826792,15.66,17.95,23.52,FALSE
"A_common_censusIC","Airfreight","Total_Inventories","za_step","none","SBC",3,FALSE,"trace","r <= 1",3.43613586186994,6.5,8.18,11.65,FALSE
"A_common_censusIC","Airfreight","Total_Inventories","za_step","none","SBC",3,FALSE,"eigen","r = 0",7.51720296492203,12.91,14.9,19.19,FALSE
"A_common_censusIC","Airfreight","Total_Inventories","za_step","none","SBC",3,FALSE,"eigen","r <= 1",3.43613586186994,6.5,8.18,11.65,FALSE
"A_common_censusIC","Airfreight","Total_Inventories","za_step","const","AIC",5,FALSE,"trace","r = 0",19.1350877967463,17.85,19.96,24.6,FALSE
"A_common_censusIC","Airfreight","Total_Inventories","za_step","const","AIC",5,FALSE,"trace","r <= 1",4.05110324319988,7.52,9.24,12.97,FALSE
"A_common_censusIC","Airfreight","Total_Inventories","za_step","const","AIC",5,FALSE,"eigen","r = 0",15.0839845535465,13.75,15.67,20.2,FALSE
"A_common_censusIC","Airfreight","Total_Inventories","za_step","const","AIC",5,FALSE,"eigen","r <= 1",4.05110324319983,7.52,9.24,12.97,FALSE
"A_common_censusIC","Airfreight","Total_Inventories","za_step","const","SBC",3,FALSE,"trace","r = 0",24.5430730301952,17.85,19.96,24.6,TRUE
"A_common_censusIC","Airfreight","Total_Inventories","za_step","const","SBC",3,FALSE,"trace","r <= 1",3.71948926280902,7.52,9.24,12.97,FALSE
"A_common_censusIC","Airfreight","Total_Inventories","za_step","const","SBC",3,FALSE,"eigen","r = 0",20.8235837673862,13.75,15.67,20.2,TRUE
"A_common_censusIC","Airfreight","Total_Inventories","za_step","const","SBC",3,FALSE,"eigen","r <= 1",3.71948926280888,7.52,9.24,12.97,FALSE
"A_common_censusIC","Airfreight","Total_Inventories","za_step","trend","AIC",5,FALSE,"trace","r = 0",25.193944998346,22.76,25.32,30.45,FALSE
"A_common_censusIC","Airfreight","Total_Inventories","za_step","trend","AIC",5,FALSE,"trace","r <= 1",4.39902837213707,10.49,12.25,16.26,FALSE
"A_common_censusIC","Airfreight","Total_Inventories","za_step","trend","AIC",5,FALSE,"eigen","r = 0",20.794916626209,16.85,18.96,23.65,TRUE
"A_common_censusIC","Airfreight","Total_Inventories","za_step","trend","AIC",5,FALSE,"eigen","r <= 1",4.39902837213707,10.49,12.25,16.26,FALSE
"A_common_censusIC","Airfreight","Total_Inventories","za_step","trend","SBC",3,FALSE,"trace","r = 0",20.9186574609059,22.76,25.32,30.45,FALSE
"A_common_censusIC","Airfreight","Total_Inventories","za_step","trend","SBC",3,FALSE,"trace","r <= 1",5.81604166356935,10.49,12.25,16.26,FALSE
"A_common_censusIC","Airfreight","Total_Inventories","za_step","trend","SBC",3,FALSE,"eigen","r = 0",15.1026157973365,16.85,18.96,23.65,FALSE
"A_common_censusIC","Airfreight","Total_Inventories","za_step","trend","SBC",3,FALSE,"eigen","r <= 1",5.81604166356935,10.49,12.25,16.26,FALSE
"A_common_censusIC","Airfreight","Total_Inventories","za_window","none","AIC",5,FALSE,"trace","r = 0",6.7871220257687,15.66,17.95,23.52,FALSE
"A_common_censusIC","Airfreight","Total_Inventories","za_window","none","AIC",5,FALSE,"trace","r <= 1",1.33072938860524,6.5,8.18,11.65,FALSE
"A_common_censusIC","Airfreight","Total_Inventories","za_window","none","AIC",5,FALSE,"eigen","r = 0",5.45639263716346,12.91,14.9,19.19,FALSE
"A_common_censusIC","Airfreight","Total_Inventories","za_window","none","AIC",5,FALSE,"eigen","r <= 1",1.33072938860524,6.5,8.18,11.65,FALSE
"A_common_censusIC","Airfreight","Total_Inventories","za_window","none","SBC",3,FALSE,"trace","r = 0",7.25744692676065,15.66,17.95,23.52,FALSE
"A_common_censusIC","Airfreight","Total_Inventories","za_window","none","SBC",3,FALSE,"trace","r <= 1",2.48836088224787,6.5,8.18,11.65,FALSE
"A_common_censusIC","Airfreight","Total_Inventories","za_window","none","SBC",3,FALSE,"eigen","r = 0",4.76908604451279,12.91,14.9,19.19,FALSE
"A_common_censusIC","Airfreight","Total_Inventories","za_window","none","SBC",3,FALSE,"eigen","r <= 1",2.48836088224787,6.5,8.18,11.65,FALSE
"A_common_censusIC","Airfreight","Total_Inventories","za_window","const","AIC",5,FALSE,"trace","r = 0",19.6681225338184,17.85,19.96,24.6,FALSE
"A_common_censusIC","Airfreight","Total_Inventories","za_window","const","AIC",5,FALSE,"trace","r <= 1",4.6749525370619,7.52,9.24,12.97,FALSE
"A_common_censusIC","Airfreight","Total_Inventories","za_window","const","AIC",5,FALSE,"eigen","r = 0",14.9931699967565,13.75,15.67,20.2,FALSE
"A_common_censusIC","Airfreight","Total_Inventories","za_window","const","AIC",5,FALSE,"eigen","r <= 1",4.6749525370619,7.52,9.24,12.97,FALSE
"A_common_censusIC","Airfreight","Total_Inventories","za_window","const","SBC",3,FALSE,"trace","r = 0",23.7647817913065,17.85,19.96,24.6,TRUE
"A_common_censusIC","Airfreight","Total_Inventories","za_window","const","SBC",3,FALSE,"trace","r <= 1",3.36862110365345,7.52,9.24,12.97,FALSE
"A_common_censusIC","Airfreight","Total_Inventories","za_window","const","SBC",3,FALSE,"eigen","r = 0",20.3961606876531,13.75,15.67,20.2,TRUE
"A_common_censusIC","Airfreight","Total_Inventories","za_window","const","SBC",3,FALSE,"eigen","r <= 1",3.36862110365337,7.52,9.24,12.97,FALSE
"A_common_censusIC","Airfreight","Total_Inventories","za_window","trend","AIC",5,FALSE,"trace","r = 0",19.0949882873409,22.76,25.32,30.45,FALSE
"A_common_censusIC","Airfreight","Total_Inventories","za_window","trend","AIC",5,FALSE,"trace","r <= 1",1.35106879394084,10.49,12.25,16.26,FALSE
"A_common_censusIC","Airfreight","Total_Inventories","za_window","trend","AIC",5,FALSE,"eigen","r = 0",17.7439194934001,16.85,18.96,23.65,FALSE
"A_common_censusIC","Airfreight","Total_Inventories","za_window","trend","AIC",5,FALSE,"eigen","r <= 1",1.35106879394084,10.49,12.25,16.26,FALSE
"A_common_censusIC","Airfreight","Total_Inventories","za_window","trend","SBC",3,FALSE,"trace","r = 0",14.4576408417675,22.76,25.32,30.45,FALSE
"A_common_censusIC","Airfreight","Total_Inventories","za_window","trend","SBC",3,FALSE,"trace","r <= 1",2.60852353271206,10.49,12.25,16.26,FALSE
"A_common_censusIC","Airfreight","Total_Inventories","za_window","trend","SBC",3,FALSE,"eigen","r = 0",11.8491173090554,16.85,18.96,23.65,FALSE
"A_common_censusIC","Airfreight","Total_Inventories","za_window","trend","SBC",3,FALSE,"eigen","r <= 1",2.60852353271206,10.49,12.25,16.26,FALSE
"A_common_censusIC","Airfreight","Total_Inventories","za_series","none","AIC",5,FALSE,"trace","r = 0",11.2852121763937,15.66,17.95,23.52,FALSE
"A_common_censusIC","Airfreight","Total_Inventories","za_series","none","AIC",5,FALSE,"trace","r <= 1",0.586772229188977,6.5,8.18,11.65,FALSE
"A_common_censusIC","Airfreight","Total_Inventories","za_series","none","AIC",5,FALSE,"eigen","r = 0",10.6984399472047,12.91,14.9,19.19,FALSE
"A_common_censusIC","Airfreight","Total_Inventories","za_series","none","AIC",5,FALSE,"eigen","r <= 1",0.586772229188977,6.5,8.18,11.65,FALSE
"A_common_censusIC","Airfreight","Total_Inventories","za_series","none","SBC",2,FALSE,"trace","r = 0",16.4172080210553,15.66,17.95,23.52,FALSE
"A_common_censusIC","Airfreight","Total_Inventories","za_series","none","SBC",2,FALSE,"trace","r <= 1",1.555430082222,6.5,8.18,11.65,FALSE
"A_common_censusIC","Airfreight","Total_Inventories","za_series","none","SBC",2,FALSE,"eigen","r = 0",14.8617779388333,12.91,14.9,19.19,FALSE
"A_common_censusIC","Airfreight","Total_Inventories","za_series","none","SBC",2,FALSE,"eigen","r <= 1",1.555430082222,6.5,8.18,11.65,FALSE
"A_common_censusIC","Airfreight","Total_Inventories","za_series","const","AIC",5,FALSE,"trace","r = 0",16.8144753454646,17.85,19.96,24.6,FALSE
"A_common_censusIC","Airfreight","Total_Inventories","za_series","const","AIC",5,FALSE,"trace","r <= 1",5.37809901618987,7.52,9.24,12.97,FALSE
"A_common_censusIC","Airfreight","Total_Inventories","za_series","const","AIC",5,FALSE,"eigen","r = 0",11.4363763292747,13.75,15.67,20.2,FALSE
"A_common_censusIC","Airfreight","Total_Inventories","za_series","const","AIC",5,FALSE,"eigen","r <= 1",5.37809901618987,7.52,9.24,12.97,FALSE
"A_common_censusIC","Airfreight","Total_Inventories","za_series","const","SBC",2,FALSE,"trace","r = 0",29.6121051493217,17.85,19.96,24.6,TRUE
"A_common_censusIC","Airfreight","Total_Inventories","za_series","const","SBC",2,FALSE,"trace","r <= 1",7.80690594435424,7.52,9.24,12.97,FALSE
"A_common_censusIC","Airfreight","Total_Inventories","za_series","const","SBC",2,FALSE,"eigen","r = 0",21.8051992049675,13.75,15.67,20.2,TRUE
"A_common_censusIC","Airfreight","Total_Inventories","za_series","const","SBC",2,FALSE,"eigen","r <= 1",7.80690594435424,7.52,9.24,12.97,FALSE
"A_common_censusIC","Airfreight","Total_Inventories","za_series","trend","AIC",5,FALSE,"trace","r = 0",32.5154045336237,22.76,25.32,30.45,TRUE
"A_common_censusIC","Airfreight","Total_Inventories","za_series","trend","AIC",5,FALSE,"trace","r <= 1",8.32002353053552,10.49,12.25,16.26,FALSE
"A_common_censusIC","Airfreight","Total_Inventories","za_series","trend","AIC",5,FALSE,"eigen","r = 0",24.1953810030882,16.85,18.96,23.65,TRUE
"A_common_censusIC","Airfreight","Total_Inventories","za_series","trend","AIC",5,FALSE,"eigen","r <= 1",8.32002353053552,10.49,12.25,16.26,FALSE
"A_common_censusIC","Airfreight","Total_Inventories","za_series","trend","SBC",2,FALSE,"trace","r = 0",37.0778181149796,22.76,25.32,30.45,TRUE
"A_common_censusIC","Airfreight","Total_Inventories","za_series","trend","SBC",2,FALSE,"trace","r <= 1",10.5291974335617,10.49,12.25,16.26,FALSE
"A_common_censusIC","Airfreight","Total_Inventories","za_series","trend","SBC",2,FALSE,"eigen","r = 0",26.5486206814179,16.85,18.96,23.65,TRUE
"A_common_censusIC","Airfreight","Total_Inventories","za_series","trend","SBC",2,FALSE,"eigen","r <= 1",10.5291974335617,10.49,12.25,16.26,FALSE
"B_common_whseconstr","LTL","Warehouse_Construction","none","none","AIC",6,TRUE,"trace","r = 0",7.93811460600268,15.66,17.95,23.52,FALSE
"B_common_whseconstr","LTL","Warehouse_Construction","none","none","AIC",6,TRUE,"trace","r <= 1",1.8628786320075,6.5,8.18,11.65,FALSE
"B_common_whseconstr","LTL","Warehouse_Construction","none","none","AIC",6,TRUE,"eigen","r = 0",6.07523597399518,12.91,14.9,19.19,FALSE
"B_common_whseconstr","LTL","Warehouse_Construction","none","none","AIC",6,TRUE,"eigen","r <= 1",1.8628786320075,6.5,8.18,11.65,FALSE
"B_common_whseconstr","LTL","Warehouse_Construction","none","none","SBC",4,TRUE,"trace","r = 0",8.52542261753057,15.66,17.95,23.52,FALSE
"B_common_whseconstr","LTL","Warehouse_Construction","none","none","SBC",4,TRUE,"trace","r <= 1",0.91940484076182,6.5,8.18,11.65,FALSE
"B_common_whseconstr","LTL","Warehouse_Construction","none","none","SBC",4,TRUE,"eigen","r = 0",7.60601777676875,12.91,14.9,19.19,FALSE
"B_common_whseconstr","LTL","Warehouse_Construction","none","none","SBC",4,TRUE,"eigen","r <= 1",0.91940484076182,6.5,8.18,11.65,FALSE
"B_common_whseconstr","LTL","Warehouse_Construction","none","const","AIC",6,TRUE,"trace","r = 0",13.4471740518666,17.85,19.96,24.6,FALSE
"B_common_whseconstr","LTL","Warehouse_Construction","none","const","AIC",6,TRUE,"trace","r <= 1",5.77152290777994,7.52,9.24,12.97,FALSE
"B_common_whseconstr","LTL","Warehouse_Construction","none","const","AIC",6,TRUE,"eigen","r = 0",7.67565114408668,13.75,15.67,20.2,FALSE
"B_common_whseconstr","LTL","Warehouse_Construction","none","const","AIC",6,TRUE,"eigen","r <= 1",5.77152290777994,7.52,9.24,12.97,FALSE
"B_common_whseconstr","LTL","Warehouse_Construction","none","const","SBC",4,TRUE,"trace","r = 0",15.5665615986116,17.85,19.96,24.6,FALSE
"B_common_whseconstr","LTL","Warehouse_Construction","none","const","SBC",4,TRUE,"trace","r <= 1",5.58792284686706,7.52,9.24,12.97,FALSE
"B_common_whseconstr","LTL","Warehouse_Construction","none","const","SBC",4,TRUE,"eigen","r = 0",9.9786387517445,13.75,15.67,20.2,FALSE
"B_common_whseconstr","LTL","Warehouse_Construction","none","const","SBC",4,TRUE,"eigen","r <= 1",5.58792284686704,7.52,9.24,12.97,FALSE
"B_common_whseconstr","LTL","Warehouse_Construction","none","trend","AIC",6,TRUE,"trace","r = 0",24.8257199479245,22.76,25.32,30.45,FALSE
"B_common_whseconstr","LTL","Warehouse_Construction","none","trend","AIC",6,TRUE,"trace","r <= 1",5.39465511095885,10.49,12.25,16.26,FALSE
"B_common_whseconstr","LTL","Warehouse_Construction","none","trend","AIC",6,TRUE,"eigen","r = 0",19.4310648369657,16.85,18.96,23.65,TRUE
"B_common_whseconstr","LTL","Warehouse_Construction","none","trend","AIC",6,TRUE,"eigen","r <= 1",5.39465511095885,10.49,12.25,16.26,FALSE
"B_common_whseconstr","LTL","Warehouse_Construction","none","trend","SBC",4,TRUE,"trace","r = 0",25.2864017491641,22.76,25.32,30.45,FALSE
"B_common_whseconstr","LTL","Warehouse_Construction","none","trend","SBC",4,TRUE,"trace","r <= 1",4.64617713167524,10.49,12.25,16.26,FALSE
"B_common_whseconstr","LTL","Warehouse_Construction","none","trend","SBC",4,TRUE,"eigen","r = 0",20.6402246174889,16.85,18.96,23.65,TRUE
"B_common_whseconstr","LTL","Warehouse_Construction","none","trend","SBC",4,TRUE,"eigen","r <= 1",4.64617713167524,10.49,12.25,16.26,FALSE
"B_common_whseconstr","LTL","Warehouse_Construction","orig","none","AIC",6,FALSE,"trace","r = 0",6.29460508400514,15.66,17.95,23.52,FALSE
"B_common_whseconstr","LTL","Warehouse_Construction","orig","none","AIC",6,FALSE,"trace","r <= 1",2.73655739591209,6.5,8.18,11.65,FALSE
"B_common_whseconstr","LTL","Warehouse_Construction","orig","none","AIC",6,FALSE,"eigen","r = 0",3.55804768809304,12.91,14.9,19.19,FALSE
"B_common_whseconstr","LTL","Warehouse_Construction","orig","none","AIC",6,FALSE,"eigen","r <= 1",2.73655739591209,6.5,8.18,11.65,FALSE
"B_common_whseconstr","LTL","Warehouse_Construction","orig","none","SBC",4,FALSE,"trace","r = 0",8.07621819159436,15.66,17.95,23.52,FALSE
"B_common_whseconstr","LTL","Warehouse_Construction","orig","none","SBC",4,FALSE,"trace","r <= 1",2.0272811567975,6.5,8.18,11.65,FALSE
"B_common_whseconstr","LTL","Warehouse_Construction","orig","none","SBC",4,FALSE,"eigen","r = 0",6.04893703479687,12.91,14.9,19.19,FALSE
"B_common_whseconstr","LTL","Warehouse_Construction","orig","none","SBC",4,FALSE,"eigen","r <= 1",2.0272811567975,6.5,8.18,11.65,FALSE
"B_common_whseconstr","LTL","Warehouse_Construction","orig","const","AIC",6,FALSE,"trace","r = 0",11.2278707416773,17.85,19.96,24.6,FALSE
"B_common_whseconstr","LTL","Warehouse_Construction","orig","const","AIC",6,FALSE,"trace","r <= 1",3.33670543447344,7.52,9.24,12.97,FALSE
"B_common_whseconstr","LTL","Warehouse_Construction","orig","const","AIC",6,FALSE,"eigen","r = 0",7.89116530720382,13.75,15.67,20.2,FALSE
"B_common_whseconstr","LTL","Warehouse_Construction","orig","const","AIC",6,FALSE,"eigen","r <= 1",3.33670543447342,7.52,9.24,12.97,FALSE
"B_common_whseconstr","LTL","Warehouse_Construction","orig","const","SBC",4,FALSE,"trace","r = 0",13.3780430312331,17.85,19.96,24.6,FALSE
"B_common_whseconstr","LTL","Warehouse_Construction","orig","const","SBC",4,FALSE,"trace","r <= 1",5.7987132282187,7.52,9.24,12.97,FALSE
"B_common_whseconstr","LTL","Warehouse_Construction","orig","const","SBC",4,FALSE,"eigen","r = 0",7.57932980301442,13.75,15.67,20.2,FALSE
"B_common_whseconstr","LTL","Warehouse_Construction","orig","const","SBC",4,FALSE,"eigen","r <= 1",5.7987132282187,7.52,9.24,12.97,FALSE
"B_common_whseconstr","LTL","Warehouse_Construction","orig","trend","AIC",6,FALSE,"trace","r = 0",22.9430927406292,22.76,25.32,30.45,FALSE
"B_common_whseconstr","LTL","Warehouse_Construction","orig","trend","AIC",6,FALSE,"trace","r <= 1",3.2322835113682,10.49,12.25,16.26,FALSE
"B_common_whseconstr","LTL","Warehouse_Construction","orig","trend","AIC",6,FALSE,"eigen","r = 0",19.710809229261,16.85,18.96,23.65,TRUE
"B_common_whseconstr","LTL","Warehouse_Construction","orig","trend","AIC",6,FALSE,"eigen","r <= 1",3.2322835113682,10.49,12.25,16.26,FALSE
"B_common_whseconstr","LTL","Warehouse_Construction","orig","trend","SBC",4,FALSE,"trace","r = 0",24.8764681639845,22.76,25.32,30.45,FALSE
"B_common_whseconstr","LTL","Warehouse_Construction","orig","trend","SBC",4,FALSE,"trace","r <= 1",3.23164754073169,10.49,12.25,16.26,FALSE
"B_common_whseconstr","LTL","Warehouse_Construction","orig","trend","SBC",4,FALSE,"eigen","r = 0",21.6448206232528,16.85,18.96,23.65,TRUE
"B_common_whseconstr","LTL","Warehouse_Construction","orig","trend","SBC",4,FALSE,"eigen","r <= 1",3.23164754073169,10.49,12.25,16.26,FALSE
"B_common_whseconstr","LTL","Warehouse_Construction","za_step","none","AIC",7,FALSE,"trace","r = 0",43.0887118205767,15.66,17.95,23.52,TRUE
"B_common_whseconstr","LTL","Warehouse_Construction","za_step","none","AIC",7,FALSE,"trace","r <= 1",1.05487401597987,6.5,8.18,11.65,FALSE
"B_common_whseconstr","LTL","Warehouse_Construction","za_step","none","AIC",7,FALSE,"eigen","r = 0",42.0338378045968,12.91,14.9,19.19,TRUE
"B_common_whseconstr","LTL","Warehouse_Construction","za_step","none","AIC",7,FALSE,"eigen","r <= 1",1.05487401597987,6.5,8.18,11.65,FALSE
"B_common_whseconstr","LTL","Warehouse_Construction","za_step","none","SBC",4,FALSE,"trace","r = 0",54.8981313765772,15.66,17.95,23.52,TRUE
"B_common_whseconstr","LTL","Warehouse_Construction","za_step","none","SBC",4,FALSE,"trace","r <= 1",0.800135889247458,6.5,8.18,11.65,FALSE
"B_common_whseconstr","LTL","Warehouse_Construction","za_step","none","SBC",4,FALSE,"eigen","r = 0",54.0979954873298,12.91,14.9,19.19,TRUE
"B_common_whseconstr","LTL","Warehouse_Construction","za_step","none","SBC",4,FALSE,"eigen","r <= 1",0.800135889247458,6.5,8.18,11.65,FALSE
"B_common_whseconstr","LTL","Warehouse_Construction","za_step","const","AIC",7,FALSE,"trace","r = 0",49.1934659930057,17.85,19.96,24.6,TRUE
"B_common_whseconstr","LTL","Warehouse_Construction","za_step","const","AIC",7,FALSE,"trace","r <= 1",7.0778974312827,7.52,9.24,12.97,FALSE
"B_common_whseconstr","LTL","Warehouse_Construction","za_step","const","AIC",7,FALSE,"eigen","r = 0",42.115568561723,13.75,15.67,20.2,TRUE
"B_common_whseconstr","LTL","Warehouse_Construction","za_step","const","AIC",7,FALSE,"eigen","r <= 1",7.07789743128274,7.52,9.24,12.97,FALSE
"B_common_whseconstr","LTL","Warehouse_Construction","za_step","const","SBC",4,FALSE,"trace","r = 0",61.6219985325258,17.85,19.96,24.6,TRUE
"B_common_whseconstr","LTL","Warehouse_Construction","za_step","const","SBC",4,FALSE,"trace","r <= 1",7.17886247864133,7.52,9.24,12.97,FALSE
"B_common_whseconstr","LTL","Warehouse_Construction","za_step","const","SBC",4,FALSE,"eigen","r = 0",54.4431360538845,13.75,15.67,20.2,TRUE
"B_common_whseconstr","LTL","Warehouse_Construction","za_step","const","SBC",4,FALSE,"eigen","r <= 1",7.17886247864137,7.52,9.24,12.97,FALSE
"B_common_whseconstr","LTL","Warehouse_Construction","za_step","trend","AIC",7,FALSE,"trace","r = 0",67.9477293163663,22.76,25.32,30.45,TRUE
"B_common_whseconstr","LTL","Warehouse_Construction","za_step","trend","AIC",7,FALSE,"trace","r <= 1",21.7955976648482,10.49,12.25,16.26,TRUE
"B_common_whseconstr","LTL","Warehouse_Construction","za_step","trend","AIC",7,FALSE,"eigen","r = 0",46.1521316515181,16.85,18.96,23.65,TRUE
"B_common_whseconstr","LTL","Warehouse_Construction","za_step","trend","AIC",7,FALSE,"eigen","r <= 1",21.7955976648482,10.49,12.25,16.26,TRUE
"B_common_whseconstr","LTL","Warehouse_Construction","za_step","trend","SBC",4,FALSE,"trace","r = 0",69.3689229652876,22.76,25.32,30.45,TRUE
"B_common_whseconstr","LTL","Warehouse_Construction","za_step","trend","SBC",4,FALSE,"trace","r <= 1",15.2545192756382,10.49,12.25,16.26,TRUE
"B_common_whseconstr","LTL","Warehouse_Construction","za_step","trend","SBC",4,FALSE,"eigen","r = 0",54.1144036896493,16.85,18.96,23.65,TRUE
"B_common_whseconstr","LTL","Warehouse_Construction","za_step","trend","SBC",4,FALSE,"eigen","r <= 1",15.2545192756382,10.49,12.25,16.26,TRUE
"B_common_whseconstr","LTL","Warehouse_Construction","za_window","none","AIC",11,FALSE,"trace","r = 0",10.6731636421659,15.66,17.95,23.52,FALSE
"B_common_whseconstr","LTL","Warehouse_Construction","za_window","none","AIC",11,FALSE,"trace","r <= 1",0.00129041931711142,6.5,8.18,11.65,FALSE
"B_common_whseconstr","LTL","Warehouse_Construction","za_window","none","AIC",11,FALSE,"eigen","r = 0",10.6718732228488,12.91,14.9,19.19,FALSE
"B_common_whseconstr","LTL","Warehouse_Construction","za_window","none","AIC",11,FALSE,"eigen","r <= 1",0.00129041931711142,6.5,8.18,11.65,FALSE
"B_common_whseconstr","LTL","Warehouse_Construction","za_window","none","SBC",4,FALSE,"trace","r = 0",18.2167066459614,15.66,17.95,23.52,TRUE
"B_common_whseconstr","LTL","Warehouse_Construction","za_window","none","SBC",4,FALSE,"trace","r <= 1",1.00162277952322,6.5,8.18,11.65,FALSE
"B_common_whseconstr","LTL","Warehouse_Construction","za_window","none","SBC",4,FALSE,"eigen","r = 0",17.2150838664382,12.91,14.9,19.19,TRUE
"B_common_whseconstr","LTL","Warehouse_Construction","za_window","none","SBC",4,FALSE,"eigen","r <= 1",1.00162277952322,6.5,8.18,11.65,FALSE
"B_common_whseconstr","LTL","Warehouse_Construction","za_window","const","AIC",11,FALSE,"trace","r = 0",21.3192196303748,17.85,19.96,24.6,TRUE
"B_common_whseconstr","LTL","Warehouse_Construction","za_window","const","AIC",11,FALSE,"trace","r <= 1",6.22918267066907,7.52,9.24,12.97,FALSE
"B_common_whseconstr","LTL","Warehouse_Construction","za_window","const","AIC",11,FALSE,"eigen","r = 0",15.0900369597057,13.75,15.67,20.2,FALSE
"B_common_whseconstr","LTL","Warehouse_Construction","za_window","const","AIC",11,FALSE,"eigen","r <= 1",6.22918267066907,7.52,9.24,12.97,FALSE
"B_common_whseconstr","LTL","Warehouse_Construction","za_window","const","SBC",4,FALSE,"trace","r = 0",26.7518516886489,17.85,19.96,24.6,TRUE
"B_common_whseconstr","LTL","Warehouse_Construction","za_window","const","SBC",4,FALSE,"trace","r <= 1",5.21452086689497,7.52,9.24,12.97,FALSE
"B_common_whseconstr","LTL","Warehouse_Construction","za_window","const","SBC",4,FALSE,"eigen","r = 0",21.5373308217539,13.75,15.67,20.2,TRUE
"B_common_whseconstr","LTL","Warehouse_Construction","za_window","const","SBC",4,FALSE,"eigen","r <= 1",5.21452086689497,7.52,9.24,12.97,FALSE
"B_common_whseconstr","LTL","Warehouse_Construction","za_window","trend","AIC",11,FALSE,"trace","r = 0",20.9817354411973,22.76,25.32,30.45,FALSE
"B_common_whseconstr","LTL","Warehouse_Construction","za_window","trend","AIC",11,FALSE,"trace","r <= 1",5.79062548947964,10.49,12.25,16.26,FALSE
"B_common_whseconstr","LTL","Warehouse_Construction","za_window","trend","AIC",11,FALSE,"eigen","r = 0",15.1911099517177,16.85,18.96,23.65,FALSE
"B_common_whseconstr","LTL","Warehouse_Construction","za_window","trend","AIC",11,FALSE,"eigen","r <= 1",5.79062548947964,10.49,12.25,16.26,FALSE
"B_common_whseconstr","LTL","Warehouse_Construction","za_window","trend","SBC",4,FALSE,"trace","r = 0",31.6762283992356,22.76,25.32,30.45,TRUE
"B_common_whseconstr","LTL","Warehouse_Construction","za_window","trend","SBC",4,FALSE,"trace","r <= 1",13.2105402425857,10.49,12.25,16.26,TRUE
"B_common_whseconstr","LTL","Warehouse_Construction","za_window","trend","SBC",4,FALSE,"eigen","r = 0",18.4656881566499,16.85,18.96,23.65,FALSE
"B_common_whseconstr","LTL","Warehouse_Construction","za_window","trend","SBC",4,FALSE,"eigen","r <= 1",13.2105402425857,10.49,12.25,16.26,TRUE
"B_common_whseconstr","LTL","Warehouse_Construction","za_series","none","AIC",6,FALSE,"trace","r = 0",61.7902426236062,15.66,17.95,23.52,TRUE
"B_common_whseconstr","LTL","Warehouse_Construction","za_series","none","AIC",6,FALSE,"trace","r <= 1",1.40433040386611,6.5,8.18,11.65,FALSE
"B_common_whseconstr","LTL","Warehouse_Construction","za_series","none","AIC",6,FALSE,"eigen","r = 0",60.3859122197401,12.91,14.9,19.19,TRUE
"B_common_whseconstr","LTL","Warehouse_Construction","za_series","none","AIC",6,FALSE,"eigen","r <= 1",1.40433040386611,6.5,8.18,11.65,FALSE
"B_common_whseconstr","LTL","Warehouse_Construction","za_series","none","SBC",4,FALSE,"trace","r = 0",75.9197028760935,15.66,17.95,23.52,TRUE
"B_common_whseconstr","LTL","Warehouse_Construction","za_series","none","SBC",4,FALSE,"trace","r <= 1",1.49347384126395,6.5,8.18,11.65,FALSE
"B_common_whseconstr","LTL","Warehouse_Construction","za_series","none","SBC",4,FALSE,"eigen","r = 0",74.4262290348295,12.91,14.9,19.19,TRUE
"B_common_whseconstr","LTL","Warehouse_Construction","za_series","none","SBC",4,FALSE,"eigen","r <= 1",1.49347384126395,6.5,8.18,11.65,FALSE
"B_common_whseconstr","LTL","Warehouse_Construction","za_series","const","AIC",6,FALSE,"trace","r = 0",67.8594618822144,17.85,19.96,24.6,TRUE
"B_common_whseconstr","LTL","Warehouse_Construction","za_series","const","AIC",6,FALSE,"trace","r <= 1",7.43578354150273,7.52,9.24,12.97,FALSE
"B_common_whseconstr","LTL","Warehouse_Construction","za_series","const","AIC",6,FALSE,"eigen","r = 0",60.4236783407116,13.75,15.67,20.2,TRUE
"B_common_whseconstr","LTL","Warehouse_Construction","za_series","const","AIC",6,FALSE,"eigen","r <= 1",7.43578354150271,7.52,9.24,12.97,FALSE
"B_common_whseconstr","LTL","Warehouse_Construction","za_series","const","SBC",4,FALSE,"trace","r = 0",82.3191133672168,17.85,19.96,24.6,TRUE
"B_common_whseconstr","LTL","Warehouse_Construction","za_series","const","SBC",4,FALSE,"trace","r <= 1",7.05282918889081,7.52,9.24,12.97,FALSE
"B_common_whseconstr","LTL","Warehouse_Construction","za_series","const","SBC",4,FALSE,"eigen","r = 0",75.266284178326,13.75,15.67,20.2,TRUE
"B_common_whseconstr","LTL","Warehouse_Construction","za_series","const","SBC",4,FALSE,"eigen","r <= 1",7.05282918889075,7.52,9.24,12.97,FALSE
"B_common_whseconstr","LTL","Warehouse_Construction","za_series","trend","AIC",6,FALSE,"trace","r = 0",88.512771881742,22.76,25.32,30.45,TRUE
"B_common_whseconstr","LTL","Warehouse_Construction","za_series","trend","AIC",6,FALSE,"trace","r <= 1",18.0151266754589,10.49,12.25,16.26,TRUE
"B_common_whseconstr","LTL","Warehouse_Construction","za_series","trend","AIC",6,FALSE,"eigen","r = 0",70.4976452062831,16.85,18.96,23.65,TRUE
"B_common_whseconstr","LTL","Warehouse_Construction","za_series","trend","AIC",6,FALSE,"eigen","r <= 1",18.0151266754589,10.49,12.25,16.26,TRUE
"B_common_whseconstr","LTL","Warehouse_Construction","za_series","trend","SBC",4,FALSE,"trace","r = 0",97.850331634362,22.76,25.32,30.45,TRUE
"B_common_whseconstr","LTL","Warehouse_Construction","za_series","trend","SBC",4,FALSE,"trace","r <= 1",18.2716810004269,10.49,12.25,16.26,TRUE
"B_common_whseconstr","LTL","Warehouse_Construction","za_series","trend","SBC",4,FALSE,"eigen","r = 0",79.578650633935,16.85,18.96,23.65,TRUE
"B_common_whseconstr","LTL","Warehouse_Construction","za_series","trend","SBC",4,FALSE,"eigen","r <= 1",18.2716810004269,10.49,12.25,16.26,TRUE
"B_common_whseconstr","Truckload","Warehouse_Construction","none","none","AIC",10,TRUE,"trace","r = 0",9.3365822764922,15.66,17.95,23.52,FALSE
"B_common_whseconstr","Truckload","Warehouse_Construction","none","none","AIC",10,TRUE,"trace","r <= 1",0.0591198504036848,6.5,8.18,11.65,FALSE
"B_common_whseconstr","Truckload","Warehouse_Construction","none","none","AIC",10,TRUE,"eigen","r = 0",9.27746242608852,12.91,14.9,19.19,FALSE
"B_common_whseconstr","Truckload","Warehouse_Construction","none","none","AIC",10,TRUE,"eigen","r <= 1",0.0591198504036848,6.5,8.18,11.65,FALSE
"B_common_whseconstr","Truckload","Warehouse_Construction","none","none","SBC",4,TRUE,"trace","r = 0",22.8729316477375,15.66,17.95,23.52,TRUE
"B_common_whseconstr","Truckload","Warehouse_Construction","none","none","SBC",4,TRUE,"trace","r <= 1",0.810902800638569,6.5,8.18,11.65,FALSE
"B_common_whseconstr","Truckload","Warehouse_Construction","none","none","SBC",4,TRUE,"eigen","r = 0",22.062028847099,12.91,14.9,19.19,TRUE
"B_common_whseconstr","Truckload","Warehouse_Construction","none","none","SBC",4,TRUE,"eigen","r <= 1",0.810902800638569,6.5,8.18,11.65,FALSE
"B_common_whseconstr","Truckload","Warehouse_Construction","none","const","AIC",10,TRUE,"trace","r = 0",14.558980444531,17.85,19.96,24.6,FALSE
"B_common_whseconstr","Truckload","Warehouse_Construction","none","const","AIC",10,TRUE,"trace","r <= 1",3.79059056854635,7.52,9.24,12.97,FALSE
"B_common_whseconstr","Truckload","Warehouse_Construction","none","const","AIC",10,TRUE,"eigen","r = 0",10.7683898759847,13.75,15.67,20.2,FALSE
"B_common_whseconstr","Truckload","Warehouse_Construction","none","const","AIC",10,TRUE,"eigen","r <= 1",3.79059056854635,7.52,9.24,12.97,FALSE
"B_common_whseconstr","Truckload","Warehouse_Construction","none","const","SBC",4,TRUE,"trace","r = 0",27.3629963955992,17.85,19.96,24.6,TRUE
"B_common_whseconstr","Truckload","Warehouse_Construction","none","const","SBC",4,TRUE,"trace","r <= 1",3.08304497587575,7.52,9.24,12.97,FALSE
"B_common_whseconstr","Truckload","Warehouse_Construction","none","const","SBC",4,TRUE,"eigen","r = 0",24.2799514197234,13.75,15.67,20.2,TRUE
"B_common_whseconstr","Truckload","Warehouse_Construction","none","const","SBC",4,TRUE,"eigen","r <= 1",3.08304497587575,7.52,9.24,12.97,FALSE
"B_common_whseconstr","Truckload","Warehouse_Construction","none","trend","AIC",10,TRUE,"trace","r = 0",17.2173287756256,22.76,25.32,30.45,FALSE
"B_common_whseconstr","Truckload","Warehouse_Construction","none","trend","AIC",10,TRUE,"trace","r <= 1",4.01310998205363,10.49,12.25,16.26,FALSE
"B_common_whseconstr","Truckload","Warehouse_Construction","none","trend","AIC",10,TRUE,"eigen","r = 0",13.204218793572,16.85,18.96,23.65,FALSE
"B_common_whseconstr","Truckload","Warehouse_Construction","none","trend","AIC",10,TRUE,"eigen","r <= 1",4.01310998205363,10.49,12.25,16.26,FALSE
"B_common_whseconstr","Truckload","Warehouse_Construction","none","trend","SBC",4,TRUE,"trace","r = 0",31.4119675262047,22.76,25.32,30.45,TRUE
"B_common_whseconstr","Truckload","Warehouse_Construction","none","trend","SBC",4,TRUE,"trace","r <= 1",7.38883510161685,10.49,12.25,16.26,FALSE
"B_common_whseconstr","Truckload","Warehouse_Construction","none","trend","SBC",4,TRUE,"eigen","r = 0",24.0231324245878,16.85,18.96,23.65,TRUE
"B_common_whseconstr","Truckload","Warehouse_Construction","none","trend","SBC",4,TRUE,"eigen","r <= 1",7.38883510161685,10.49,12.25,16.26,FALSE
"B_common_whseconstr","Truckload","Warehouse_Construction","orig","none","AIC",10,FALSE,"trace","r = 0",9.93313954898714,15.66,17.95,23.52,FALSE
"B_common_whseconstr","Truckload","Warehouse_Construction","orig","none","AIC",10,FALSE,"trace","r <= 1",0.464516194548832,6.5,8.18,11.65,FALSE
"B_common_whseconstr","Truckload","Warehouse_Construction","orig","none","AIC",10,FALSE,"eigen","r = 0",9.46862335443831,12.91,14.9,19.19,FALSE
"B_common_whseconstr","Truckload","Warehouse_Construction","orig","none","AIC",10,FALSE,"eigen","r <= 1",0.464516194548832,6.5,8.18,11.65,FALSE
"B_common_whseconstr","Truckload","Warehouse_Construction","orig","none","SBC",4,FALSE,"trace","r = 0",25.0123090806764,15.66,17.95,23.52,TRUE
"B_common_whseconstr","Truckload","Warehouse_Construction","orig","none","SBC",4,FALSE,"trace","r <= 1",2.53071529441095,6.5,8.18,11.65,FALSE
"B_common_whseconstr","Truckload","Warehouse_Construction","orig","none","SBC",4,FALSE,"eigen","r = 0",22.4815937862655,12.91,14.9,19.19,TRUE
"B_common_whseconstr","Truckload","Warehouse_Construction","orig","none","SBC",4,FALSE,"eigen","r <= 1",2.53071529441095,6.5,8.18,11.65,FALSE
"B_common_whseconstr","Truckload","Warehouse_Construction","orig","const","AIC",10,FALSE,"trace","r = 0",13.2890638601753,17.85,19.96,24.6,FALSE
"B_common_whseconstr","Truckload","Warehouse_Construction","orig","const","AIC",10,FALSE,"trace","r <= 1",3.01764400245826,7.52,9.24,12.97,FALSE
"B_common_whseconstr","Truckload","Warehouse_Construction","orig","const","AIC",10,FALSE,"eigen","r = 0",10.2714198577171,13.75,15.67,20.2,FALSE
"B_common_whseconstr","Truckload","Warehouse_Construction","orig","const","AIC",10,FALSE,"eigen","r <= 1",3.01764400245826,7.52,9.24,12.97,FALSE
"B_common_whseconstr","Truckload","Warehouse_Construction","orig","const","SBC",4,FALSE,"trace","r = 0",27.0018642601091,17.85,19.96,24.6,TRUE
"B_common_whseconstr","Truckload","Warehouse_Construction","orig","const","SBC",4,FALSE,"trace","r <= 1",3.64704565529165,7.52,9.24,12.97,FALSE
"B_common_whseconstr","Truckload","Warehouse_Construction","orig","const","SBC",4,FALSE,"eigen","r = 0",23.3548186048175,13.75,15.67,20.2,TRUE
"B_common_whseconstr","Truckload","Warehouse_Construction","orig","const","SBC",4,FALSE,"eigen","r <= 1",3.64704565529165,7.52,9.24,12.97,FALSE
"B_common_whseconstr","Truckload","Warehouse_Construction","orig","trend","AIC",10,FALSE,"trace","r = 0",15.2957904879203,22.76,25.32,30.45,FALSE
"B_common_whseconstr","Truckload","Warehouse_Construction","orig","trend","AIC",10,FALSE,"trace","r <= 1",2.31893335201137,10.49,12.25,16.26,FALSE
"B_common_whseconstr","Truckload","Warehouse_Construction","orig","trend","AIC",10,FALSE,"eigen","r = 0",12.9768571359089,16.85,18.96,23.65,FALSE
"B_common_whseconstr","Truckload","Warehouse_Construction","orig","trend","AIC",10,FALSE,"eigen","r <= 1",2.31893335201137,10.49,12.25,16.26,FALSE
"B_common_whseconstr","Truckload","Warehouse_Construction","orig","trend","SBC",4,FALSE,"trace","r = 0",31.2730379794077,22.76,25.32,30.45,TRUE
"B_common_whseconstr","Truckload","Warehouse_Construction","orig","trend","SBC",4,FALSE,"trace","r <= 1",5.79865266834875,10.49,12.25,16.26,FALSE
"B_common_whseconstr","Truckload","Warehouse_Construction","orig","trend","SBC",4,FALSE,"eigen","r = 0",25.4743853110589,16.85,18.96,23.65,TRUE
"B_common_whseconstr","Truckload","Warehouse_Construction","orig","trend","SBC",4,FALSE,"eigen","r <= 1",5.79865266834875,10.49,12.25,16.26,FALSE
"B_common_whseconstr","Truckload","Warehouse_Construction","za_step","none","AIC",9,FALSE,"trace","r = 0",13.4326283260924,15.66,17.95,23.52,FALSE
"B_common_whseconstr","Truckload","Warehouse_Construction","za_step","none","AIC",9,FALSE,"trace","r <= 1",4.48368817598511,6.5,8.18,11.65,FALSE
"B_common_whseconstr","Truckload","Warehouse_Construction","za_step","none","AIC",9,FALSE,"eigen","r = 0",8.94894015010727,12.91,14.9,19.19,FALSE
"B_common_whseconstr","Truckload","Warehouse_Construction","za_step","none","AIC",9,FALSE,"eigen","r <= 1",4.48368817598511,6.5,8.18,11.65,FALSE
"B_common_whseconstr","Truckload","Warehouse_Construction","za_step","none","SBC",4,FALSE,"trace","r = 0",23.5408164033339,15.66,17.95,23.52,TRUE
"B_common_whseconstr","Truckload","Warehouse_Construction","za_step","none","SBC",4,FALSE,"trace","r <= 1",6.26072699331583,6.5,8.18,11.65,FALSE
"B_common_whseconstr","Truckload","Warehouse_Construction","za_step","none","SBC",4,FALSE,"eigen","r = 0",17.2800894100181,12.91,14.9,19.19,TRUE
"B_common_whseconstr","Truckload","Warehouse_Construction","za_step","none","SBC",4,FALSE,"eigen","r <= 1",6.26072699331583,6.5,8.18,11.65,FALSE
"B_common_whseconstr","Truckload","Warehouse_Construction","za_step","const","AIC",9,FALSE,"trace","r = 0",16.4000579479087,17.85,19.96,24.6,FALSE
"B_common_whseconstr","Truckload","Warehouse_Construction","za_step","const","AIC",9,FALSE,"trace","r <= 1",6.87943432911256,7.52,9.24,12.97,FALSE
"B_common_whseconstr","Truckload","Warehouse_Construction","za_step","const","AIC",9,FALSE,"eigen","r = 0",9.52062361879617,13.75,15.67,20.2,FALSE
"B_common_whseconstr","Truckload","Warehouse_Construction","za_step","const","AIC",9,FALSE,"eigen","r <= 1",6.87943432911254,7.52,9.24,12.97,FALSE
"B_common_whseconstr","Truckload","Warehouse_Construction","za_step","const","SBC",4,FALSE,"trace","r = 0",25.5645406820567,17.85,19.96,24.6,TRUE
"B_common_whseconstr","Truckload","Warehouse_Construction","za_step","const","SBC",4,FALSE,"trace","r <= 1",7.93324571945017,7.52,9.24,12.97,FALSE
"B_common_whseconstr","Truckload","Warehouse_Construction","za_step","const","SBC",4,FALSE,"eigen","r = 0",17.6312949626065,13.75,15.67,20.2,TRUE
"B_common_whseconstr","Truckload","Warehouse_Construction","za_step","const","SBC",4,FALSE,"eigen","r <= 1",7.93324571945017,7.52,9.24,12.97,FALSE
"B_common_whseconstr","Truckload","Warehouse_Construction","za_step","trend","AIC",9,FALSE,"trace","r = 0",56.3322911873295,22.76,25.32,30.45,TRUE
"B_common_whseconstr","Truckload","Warehouse_Construction","za_step","trend","AIC",9,FALSE,"trace","r <= 1",8.94240262260835,10.49,12.25,16.26,FALSE
"B_common_whseconstr","Truckload","Warehouse_Construction","za_step","trend","AIC",9,FALSE,"eigen","r = 0",47.3898885647211,16.85,18.96,23.65,TRUE
"B_common_whseconstr","Truckload","Warehouse_Construction","za_step","trend","AIC",9,FALSE,"eigen","r <= 1",8.94240262260835,10.49,12.25,16.26,FALSE
"B_common_whseconstr","Truckload","Warehouse_Construction","za_step","trend","SBC",4,FALSE,"trace","r = 0",67.1420919543541,22.76,25.32,30.45,TRUE
"B_common_whseconstr","Truckload","Warehouse_Construction","za_step","trend","SBC",4,FALSE,"trace","r <= 1",14.851797730595,10.49,12.25,16.26,TRUE
"B_common_whseconstr","Truckload","Warehouse_Construction","za_step","trend","SBC",4,FALSE,"eigen","r = 0",52.290294223759,16.85,18.96,23.65,TRUE
"B_common_whseconstr","Truckload","Warehouse_Construction","za_step","trend","SBC",4,FALSE,"eigen","r <= 1",14.851797730595,10.49,12.25,16.26,TRUE
"B_common_whseconstr","Truckload","Warehouse_Construction","za_window","none","AIC",10,FALSE,"trace","r = 0",6.69127344940187,15.66,17.95,23.52,FALSE
"B_common_whseconstr","Truckload","Warehouse_Construction","za_window","none","AIC",10,FALSE,"trace","r <= 1",1.04626591694326,6.5,8.18,11.65,FALSE
"B_common_whseconstr","Truckload","Warehouse_Construction","za_window","none","AIC",10,FALSE,"eigen","r = 0",5.64500753245861,12.91,14.9,19.19,FALSE
"B_common_whseconstr","Truckload","Warehouse_Construction","za_window","none","AIC",10,FALSE,"eigen","r <= 1",1.04626591694326,6.5,8.18,11.65,FALSE
"B_common_whseconstr","Truckload","Warehouse_Construction","za_window","none","SBC",4,FALSE,"trace","r = 0",20.9065494469154,15.66,17.95,23.52,TRUE
"B_common_whseconstr","Truckload","Warehouse_Construction","za_window","none","SBC",4,FALSE,"trace","r <= 1",3.04694404748449,6.5,8.18,11.65,FALSE
"B_common_whseconstr","Truckload","Warehouse_Construction","za_window","none","SBC",4,FALSE,"eigen","r = 0",17.8596053994309,12.91,14.9,19.19,TRUE
"B_common_whseconstr","Truckload","Warehouse_Construction","za_window","none","SBC",4,FALSE,"eigen","r <= 1",3.04694404748449,6.5,8.18,11.65,FALSE
"B_common_whseconstr","Truckload","Warehouse_Construction","za_window","const","AIC",10,FALSE,"trace","r = 0",23.4715603399616,17.85,19.96,24.6,TRUE
"B_common_whseconstr","Truckload","Warehouse_Construction","za_window","const","AIC",10,FALSE,"trace","r <= 1",5.63614402970056,7.52,9.24,12.97,FALSE
"B_common_whseconstr","Truckload","Warehouse_Construction","za_window","const","AIC",10,FALSE,"eigen","r = 0",17.8354163102611,13.75,15.67,20.2,TRUE
"B_common_whseconstr","Truckload","Warehouse_Construction","za_window","const","AIC",10,FALSE,"eigen","r <= 1",5.6361440297006,7.52,9.24,12.97,FALSE
"B_common_whseconstr","Truckload","Warehouse_Construction","za_window","const","SBC",4,FALSE,"trace","r = 0",29.2107910373658,17.85,19.96,24.6,TRUE
"B_common_whseconstr","Truckload","Warehouse_Construction","za_window","const","SBC",4,FALSE,"trace","r <= 1",11.3494536075387,7.52,9.24,12.97,TRUE
"B_common_whseconstr","Truckload","Warehouse_Construction","za_window","const","SBC",4,FALSE,"eigen","r = 0",17.861337429827,13.75,15.67,20.2,TRUE
"B_common_whseconstr","Truckload","Warehouse_Construction","za_window","const","SBC",4,FALSE,"eigen","r <= 1",11.3494536075388,7.52,9.24,12.97,TRUE
"B_common_whseconstr","Truckload","Warehouse_Construction","za_window","trend","AIC",10,FALSE,"trace","r = 0",13.8277751896521,22.76,25.32,30.45,FALSE
"B_common_whseconstr","Truckload","Warehouse_Construction","za_window","trend","AIC",10,FALSE,"trace","r <= 1",5.64404966486223,10.49,12.25,16.26,FALSE
"B_common_whseconstr","Truckload","Warehouse_Construction","za_window","trend","AIC",10,FALSE,"eigen","r = 0",8.18372552478985,16.85,18.96,23.65,FALSE
"B_common_whseconstr","Truckload","Warehouse_Construction","za_window","trend","AIC",10,FALSE,"eigen","r <= 1",5.64404966486223,10.49,12.25,16.26,FALSE
"B_common_whseconstr","Truckload","Warehouse_Construction","za_window","trend","SBC",4,FALSE,"trace","r = 0",31.5295047610613,22.76,25.32,30.45,TRUE
"B_common_whseconstr","Truckload","Warehouse_Construction","za_window","trend","SBC",4,FALSE,"trace","r <= 1",12.1898891380048,10.49,12.25,16.26,FALSE
"B_common_whseconstr","Truckload","Warehouse_Construction","za_window","trend","SBC",4,FALSE,"eigen","r = 0",19.3396156230565,16.85,18.96,23.65,TRUE
"B_common_whseconstr","Truckload","Warehouse_Construction","za_window","trend","SBC",4,FALSE,"eigen","r <= 1",12.1898891380048,10.49,12.25,16.26,FALSE
"B_common_whseconstr","Truckload","Warehouse_Construction","za_series","none","AIC",9,FALSE,"trace","r = 0",13.4898805505675,15.66,17.95,23.52,FALSE
"B_common_whseconstr","Truckload","Warehouse_Construction","za_series","none","AIC",9,FALSE,"trace","r <= 1",4.25714744122846,6.5,8.18,11.65,FALSE
"B_common_whseconstr","Truckload","Warehouse_Construction","za_series","none","AIC",9,FALSE,"eigen","r = 0",9.23273310933906,12.91,14.9,19.19,FALSE
"B_common_whseconstr","Truckload","Warehouse_Construction","za_series","none","AIC",9,FALSE,"eigen","r <= 1",4.25714744122846,6.5,8.18,11.65,FALSE
"B_common_whseconstr","Truckload","Warehouse_Construction","za_series","none","SBC",4,FALSE,"trace","r = 0",22.9391272998958,15.66,17.95,23.52,TRUE
"B_common_whseconstr","Truckload","Warehouse_Construction","za_series","none","SBC",4,FALSE,"trace","r <= 1",5.2920890912274,6.5,8.18,11.65,FALSE
"B_common_whseconstr","Truckload","Warehouse_Construction","za_series","none","SBC",4,FALSE,"eigen","r = 0",17.6470382086684,12.91,14.9,19.19,TRUE
"B_common_whseconstr","Truckload","Warehouse_Construction","za_series","none","SBC",4,FALSE,"eigen","r <= 1",5.2920890912274,6.5,8.18,11.65,FALSE
"B_common_whseconstr","Truckload","Warehouse_Construction","za_series","const","AIC",9,FALSE,"trace","r = 0",16.4419621101013,17.85,19.96,24.6,FALSE
"B_common_whseconstr","Truckload","Warehouse_Construction","za_series","const","AIC",9,FALSE,"trace","r <= 1",6.83658963680801,7.52,9.24,12.97,FALSE
"B_common_whseconstr","Truckload","Warehouse_Construction","za_series","const","AIC",9,FALSE,"eigen","r = 0",9.6053724732933,13.75,15.67,20.2,FALSE
"B_common_whseconstr","Truckload","Warehouse_Construction","za_series","const","AIC",9,FALSE,"eigen","r <= 1",6.83658963680805,7.52,9.24,12.97,FALSE
"B_common_whseconstr","Truckload","Warehouse_Construction","za_series","const","SBC",4,FALSE,"trace","r = 0",25.0185532486565,17.85,19.96,24.6,TRUE
"B_common_whseconstr","Truckload","Warehouse_Construction","za_series","const","SBC",4,FALSE,"trace","r <= 1",7.01567906832603,7.52,9.24,12.97,FALSE
"B_common_whseconstr","Truckload","Warehouse_Construction","za_series","const","SBC",4,FALSE,"eigen","r = 0",18.0028741803305,13.75,15.67,20.2,TRUE
"B_common_whseconstr","Truckload","Warehouse_Construction","za_series","const","SBC",4,FALSE,"eigen","r <= 1",7.01567906832603,7.52,9.24,12.97,FALSE
"B_common_whseconstr","Truckload","Warehouse_Construction","za_series","trend","AIC",9,FALSE,"trace","r = 0",87.1206901916846,22.76,25.32,30.45,TRUE
"B_common_whseconstr","Truckload","Warehouse_Construction","za_series","trend","AIC",9,FALSE,"trace","r <= 1",9.19398153742062,10.49,12.25,16.26,FALSE
"B_common_whseconstr","Truckload","Warehouse_Construction","za_series","trend","AIC",9,FALSE,"eigen","r = 0",77.926708654264,16.85,18.96,23.65,TRUE
"B_common_whseconstr","Truckload","Warehouse_Construction","za_series","trend","AIC",9,FALSE,"eigen","r <= 1",9.19398153742062,10.49,12.25,16.26,FALSE
"B_common_whseconstr","Truckload","Warehouse_Construction","za_series","trend","SBC",4,FALSE,"trace","r = 0",98.708449743304,22.76,25.32,30.45,TRUE
"B_common_whseconstr","Truckload","Warehouse_Construction","za_series","trend","SBC",4,FALSE,"trace","r <= 1",14.1278076539632,10.49,12.25,16.26,TRUE
"B_common_whseconstr","Truckload","Warehouse_Construction","za_series","trend","SBC",4,FALSE,"eigen","r = 0",84.5806420893409,16.85,18.96,23.65,TRUE
"B_common_whseconstr","Truckload","Warehouse_Construction","za_series","trend","SBC",4,FALSE,"eigen","r <= 1",14.1278076539632,10.49,12.25,16.26,TRUE
"B_common_whseconstr","Local","Warehouse_Construction","none","none","AIC",11,TRUE,"trace","r = 0",7.77333754556673,15.66,17.95,23.52,FALSE
"B_common_whseconstr","Local","Warehouse_Construction","none","none","AIC",11,TRUE,"trace","r <= 1",0.0124228232087466,6.5,8.18,11.65,FALSE
"B_common_whseconstr","Local","Warehouse_Construction","none","none","AIC",11,TRUE,"eigen","r = 0",7.76091472235798,12.91,14.9,19.19,FALSE
"B_common_whseconstr","Local","Warehouse_Construction","none","none","AIC",11,TRUE,"eigen","r <= 1",0.0124228232087466,6.5,8.18,11.65,FALSE
"B_common_whseconstr","Local","Warehouse_Construction","none","none","SBC",4,TRUE,"trace","r = 0",15.409446358071,15.66,17.95,23.52,FALSE
"B_common_whseconstr","Local","Warehouse_Construction","none","none","SBC",4,TRUE,"trace","r <= 1",0.308768862991643,6.5,8.18,11.65,FALSE
"B_common_whseconstr","Local","Warehouse_Construction","none","none","SBC",4,TRUE,"eigen","r = 0",15.1006774950794,12.91,14.9,19.19,TRUE
"B_common_whseconstr","Local","Warehouse_Construction","none","none","SBC",4,TRUE,"eigen","r <= 1",0.308768862991643,6.5,8.18,11.65,FALSE
"B_common_whseconstr","Local","Warehouse_Construction","none","const","AIC",11,TRUE,"trace","r = 0",11.4461301289476,17.85,19.96,24.6,FALSE
"B_common_whseconstr","Local","Warehouse_Construction","none","const","AIC",11,TRUE,"trace","r <= 1",3.38365281798673,7.52,9.24,12.97,FALSE
"B_common_whseconstr","Local","Warehouse_Construction","none","const","AIC",11,TRUE,"eigen","r = 0",8.06247731096091,13.75,15.67,20.2,FALSE
"B_common_whseconstr","Local","Warehouse_Construction","none","const","AIC",11,TRUE,"eigen","r <= 1",3.38365281798673,7.52,9.24,12.97,FALSE
"B_common_whseconstr","Local","Warehouse_Construction","none","const","SBC",4,TRUE,"trace","r = 0",19.4898873061745,17.85,19.96,24.6,FALSE
"B_common_whseconstr","Local","Warehouse_Construction","none","const","SBC",4,TRUE,"trace","r <= 1",2.63902883633076,7.52,9.24,12.97,FALSE
"B_common_whseconstr","Local","Warehouse_Construction","none","const","SBC",4,TRUE,"eigen","r = 0",16.8508584698437,13.75,15.67,20.2,TRUE
"B_common_whseconstr","Local","Warehouse_Construction","none","const","SBC",4,TRUE,"eigen","r <= 1",2.63902883633076,7.52,9.24,12.97,FALSE
"B_common_whseconstr","Local","Warehouse_Construction","none","trend","AIC",11,TRUE,"trace","r = 0",15.224296505699,22.76,25.32,30.45,FALSE
"B_common_whseconstr","Local","Warehouse_Construction","none","trend","AIC",11,TRUE,"trace","r <= 1",4.80276770312729,10.49,12.25,16.26,FALSE
"B_common_whseconstr","Local","Warehouse_Construction","none","trend","AIC",11,TRUE,"eigen","r = 0",10.4215288025718,16.85,18.96,23.65,FALSE
"B_common_whseconstr","Local","Warehouse_Construction","none","trend","AIC",11,TRUE,"eigen","r <= 1",4.80276770312729,10.49,12.25,16.26,FALSE
"B_common_whseconstr","Local","Warehouse_Construction","none","trend","SBC",4,TRUE,"trace","r = 0",23.7807146240417,22.76,25.32,30.45,FALSE
"B_common_whseconstr","Local","Warehouse_Construction","none","trend","SBC",4,TRUE,"trace","r <= 1",5.67510794851763,10.49,12.25,16.26,FALSE
"B_common_whseconstr","Local","Warehouse_Construction","none","trend","SBC",4,TRUE,"eigen","r = 0",18.105606675524,16.85,18.96,23.65,FALSE
"B_common_whseconstr","Local","Warehouse_Construction","none","trend","SBC",4,TRUE,"eigen","r <= 1",5.67510794851763,10.49,12.25,16.26,FALSE
"B_common_whseconstr","Local","Warehouse_Construction","orig","none","AIC",11,FALSE,"trace","r = 0",9.10965653664379,15.66,17.95,23.52,FALSE
"B_common_whseconstr","Local","Warehouse_Construction","orig","none","AIC",11,FALSE,"trace","r <= 1",0.346508487327278,6.5,8.18,11.65,FALSE
"B_common_whseconstr","Local","Warehouse_Construction","orig","none","AIC",11,FALSE,"eigen","r = 0",8.76314804931651,12.91,14.9,19.19,FALSE
"B_common_whseconstr","Local","Warehouse_Construction","orig","none","AIC",11,FALSE,"eigen","r <= 1",0.346508487327278,6.5,8.18,11.65,FALSE
"B_common_whseconstr","Local","Warehouse_Construction","orig","none","SBC",4,FALSE,"trace","r = 0",15.8925353575574,15.66,17.95,23.52,FALSE
"B_common_whseconstr","Local","Warehouse_Construction","orig","none","SBC",4,FALSE,"trace","r <= 1",1.39634572298411,6.5,8.18,11.65,FALSE
"B_common_whseconstr","Local","Warehouse_Construction","orig","none","SBC",4,FALSE,"eigen","r = 0",14.4961896345733,12.91,14.9,19.19,FALSE
"B_common_whseconstr","Local","Warehouse_Construction","orig","none","SBC",4,FALSE,"eigen","r <= 1",1.39634572298411,6.5,8.18,11.65,FALSE
"B_common_whseconstr","Local","Warehouse_Construction","orig","const","AIC",11,FALSE,"trace","r = 0",11.3916261999532,17.85,19.96,24.6,FALSE
"B_common_whseconstr","Local","Warehouse_Construction","orig","const","AIC",11,FALSE,"trace","r <= 1",2.62842002220291,7.52,9.24,12.97,FALSE
"B_common_whseconstr","Local","Warehouse_Construction","orig","const","AIC",11,FALSE,"eigen","r = 0",8.76320617775029,13.75,15.67,20.2,FALSE
"B_common_whseconstr","Local","Warehouse_Construction","orig","const","AIC",11,FALSE,"eigen","r <= 1",2.62842002220291,7.52,9.24,12.97,FALSE
"B_common_whseconstr","Local","Warehouse_Construction","orig","const","SBC",4,FALSE,"trace","r = 0",17.4663568149356,17.85,19.96,24.6,FALSE
"B_common_whseconstr","Local","Warehouse_Construction","orig","const","SBC",4,FALSE,"trace","r <= 1",2.64533421972768,7.52,9.24,12.97,FALSE
"B_common_whseconstr","Local","Warehouse_Construction","orig","const","SBC",4,FALSE,"eigen","r = 0",14.8210225952079,13.75,15.67,20.2,FALSE
"B_common_whseconstr","Local","Warehouse_Construction","orig","const","SBC",4,FALSE,"eigen","r <= 1",2.64533421972768,7.52,9.24,12.97,FALSE
"B_common_whseconstr","Local","Warehouse_Construction","orig","trend","AIC",11,FALSE,"trace","r = 0",13.819449742949,22.76,25.32,30.45,FALSE
"B_common_whseconstr","Local","Warehouse_Construction","orig","trend","AIC",11,FALSE,"trace","r <= 1",2.04686100543188,10.49,12.25,16.26,FALSE
"B_common_whseconstr","Local","Warehouse_Construction","orig","trend","AIC",11,FALSE,"eigen","r = 0",11.7725887375171,16.85,18.96,23.65,FALSE
"B_common_whseconstr","Local","Warehouse_Construction","orig","trend","AIC",11,FALSE,"eigen","r <= 1",2.04686100543188,10.49,12.25,16.26,FALSE
"B_common_whseconstr","Local","Warehouse_Construction","orig","trend","SBC",4,FALSE,"trace","r = 0",21.3975717117472,22.76,25.32,30.45,FALSE
"B_common_whseconstr","Local","Warehouse_Construction","orig","trend","SBC",4,FALSE,"trace","r <= 1",4.60796079196229,10.49,12.25,16.26,FALSE
"B_common_whseconstr","Local","Warehouse_Construction","orig","trend","SBC",4,FALSE,"eigen","r = 0",16.7896109197849,16.85,18.96,23.65,FALSE
"B_common_whseconstr","Local","Warehouse_Construction","orig","trend","SBC",4,FALSE,"eigen","r <= 1",4.60796079196229,10.49,12.25,16.26,FALSE
"B_common_whseconstr","Local","Warehouse_Construction","za_step","none","AIC",12,FALSE,"trace","r = 0",14.9555871084926,15.66,17.95,23.52,FALSE
"B_common_whseconstr","Local","Warehouse_Construction","za_step","none","AIC",12,FALSE,"trace","r <= 1",0.27886399914118,6.5,8.18,11.65,FALSE
"B_common_whseconstr","Local","Warehouse_Construction","za_step","none","AIC",12,FALSE,"eigen","r = 0",14.6767231093515,12.91,14.9,19.19,FALSE
"B_common_whseconstr","Local","Warehouse_Construction","za_step","none","AIC",12,FALSE,"eigen","r <= 1",0.27886399914118,6.5,8.18,11.65,FALSE
"B_common_whseconstr","Local","Warehouse_Construction","za_step","none","SBC",4,FALSE,"trace","r = 0",19.0516528540119,15.66,17.95,23.52,TRUE
"B_common_whseconstr","Local","Warehouse_Construction","za_step","none","SBC",4,FALSE,"trace","r <= 1",1.66156861914262,6.5,8.18,11.65,FALSE
"B_common_whseconstr","Local","Warehouse_Construction","za_step","none","SBC",4,FALSE,"eigen","r = 0",17.3900842348693,12.91,14.9,19.19,TRUE
"B_common_whseconstr","Local","Warehouse_Construction","za_step","none","SBC",4,FALSE,"eigen","r <= 1",1.66156861914262,6.5,8.18,11.65,FALSE
"B_common_whseconstr","Local","Warehouse_Construction","za_step","const","AIC",12,FALSE,"trace","r = 0",17.8357151489629,17.85,19.96,24.6,FALSE
"B_common_whseconstr","Local","Warehouse_Construction","za_step","const","AIC",12,FALSE,"trace","r <= 1",2.85818529532617,7.52,9.24,12.97,FALSE
"B_common_whseconstr","Local","Warehouse_Construction","za_step","const","AIC",12,FALSE,"eigen","r = 0",14.9775298536368,13.75,15.67,20.2,FALSE
"B_common_whseconstr","Local","Warehouse_Construction","za_step","const","AIC",12,FALSE,"eigen","r <= 1",2.85818529532621,7.52,9.24,12.97,FALSE
"B_common_whseconstr","Local","Warehouse_Construction","za_step","const","SBC",4,FALSE,"trace","r = 0",21.2136562676268,17.85,19.96,24.6,TRUE
"B_common_whseconstr","Local","Warehouse_Construction","za_step","const","SBC",4,FALSE,"trace","r <= 1",3.13313118337416,7.52,9.24,12.97,FALSE
"B_common_whseconstr","Local","Warehouse_Construction","za_step","const","SBC",4,FALSE,"eigen","r = 0",18.0805250842526,13.75,15.67,20.2,TRUE
"B_common_whseconstr","Local","Warehouse_Construction","za_step","const","SBC",4,FALSE,"eigen","r <= 1",3.13313118337416,7.52,9.24,12.97,FALSE
"B_common_whseconstr","Local","Warehouse_Construction","za_step","trend","AIC",12,FALSE,"trace","r = 0",60.8379174941304,22.76,25.32,30.45,TRUE
"B_common_whseconstr","Local","Warehouse_Construction","za_step","trend","AIC",12,FALSE,"trace","r <= 1",4.12873031487829,10.49,12.25,16.26,FALSE
"B_common_whseconstr","Local","Warehouse_Construction","za_step","trend","AIC",12,FALSE,"eigen","r = 0",56.7091871792521,16.85,18.96,23.65,TRUE
"B_common_whseconstr","Local","Warehouse_Construction","za_step","trend","AIC",12,FALSE,"eigen","r <= 1",4.12873031487829,10.49,12.25,16.26,FALSE
"B_common_whseconstr","Local","Warehouse_Construction","za_step","trend","SBC",4,FALSE,"trace","r = 0",61.0757292724822,22.76,25.32,30.45,TRUE
"B_common_whseconstr","Local","Warehouse_Construction","za_step","trend","SBC",4,FALSE,"trace","r <= 1",7.56337528626419,10.49,12.25,16.26,FALSE
"B_common_whseconstr","Local","Warehouse_Construction","za_step","trend","SBC",4,FALSE,"eigen","r = 0",53.512353986218,16.85,18.96,23.65,TRUE
"B_common_whseconstr","Local","Warehouse_Construction","za_step","trend","SBC",4,FALSE,"eigen","r <= 1",7.56337528626419,10.49,12.25,16.26,FALSE
"B_common_whseconstr","Local","Warehouse_Construction","za_window","none","AIC",11,FALSE,"trace","r = 0",6.97545671740921,15.66,17.95,23.52,FALSE
"B_common_whseconstr","Local","Warehouse_Construction","za_window","none","AIC",11,FALSE,"trace","r <= 1",2.31074794532519,6.5,8.18,11.65,FALSE
"B_common_whseconstr","Local","Warehouse_Construction","za_window","none","AIC",11,FALSE,"eigen","r = 0",4.66470877208402,12.91,14.9,19.19,FALSE
"B_common_whseconstr","Local","Warehouse_Construction","za_window","none","AIC",11,FALSE,"eigen","r <= 1",2.31074794532519,6.5,8.18,11.65,FALSE
"B_common_whseconstr","Local","Warehouse_Construction","za_window","none","SBC",4,FALSE,"trace","r = 0",11.1614230482276,15.66,17.95,23.52,FALSE
"B_common_whseconstr","Local","Warehouse_Construction","za_window","none","SBC",4,FALSE,"trace","r <= 1",4.38554677639889,6.5,8.18,11.65,FALSE
"B_common_whseconstr","Local","Warehouse_Construction","za_window","none","SBC",4,FALSE,"eigen","r = 0",6.77587627182874,12.91,14.9,19.19,FALSE
"B_common_whseconstr","Local","Warehouse_Construction","za_window","none","SBC",4,FALSE,"eigen","r <= 1",4.38554677639889,6.5,8.18,11.65,FALSE
"B_common_whseconstr","Local","Warehouse_Construction","za_window","const","AIC",11,FALSE,"trace","r = 0",21.4230912557944,17.85,19.96,24.6,TRUE
"B_common_whseconstr","Local","Warehouse_Construction","za_window","const","AIC",11,FALSE,"trace","r <= 1",4.07756543179116,7.52,9.24,12.97,FALSE
"B_common_whseconstr","Local","Warehouse_Construction","za_window","const","AIC",11,FALSE,"eigen","r = 0",17.3455258240032,13.75,15.67,20.2,TRUE
"B_common_whseconstr","Local","Warehouse_Construction","za_window","const","AIC",11,FALSE,"eigen","r <= 1",4.0775654317912,7.52,9.24,12.97,FALSE
"B_common_whseconstr","Local","Warehouse_Construction","za_window","const","SBC",4,FALSE,"trace","r = 0",18.2869885967957,17.85,19.96,24.6,FALSE
"B_common_whseconstr","Local","Warehouse_Construction","za_window","const","SBC",4,FALSE,"trace","r <= 1",5.50332205802537,7.52,9.24,12.97,FALSE
"B_common_whseconstr","Local","Warehouse_Construction","za_window","const","SBC",4,FALSE,"eigen","r = 0",12.7836665387703,13.75,15.67,20.2,FALSE
"B_common_whseconstr","Local","Warehouse_Construction","za_window","const","SBC",4,FALSE,"eigen","r <= 1",5.50332205802537,7.52,9.24,12.97,FALSE
"B_common_whseconstr","Local","Warehouse_Construction","za_window","trend","AIC",11,FALSE,"trace","r = 0",13.010794956852,22.76,25.32,30.45,FALSE
"B_common_whseconstr","Local","Warehouse_Construction","za_window","trend","AIC",11,FALSE,"trace","r <= 1",4.47090876190406,10.49,12.25,16.26,FALSE
"B_common_whseconstr","Local","Warehouse_Construction","za_window","trend","AIC",11,FALSE,"eigen","r = 0",8.53988619494794,16.85,18.96,23.65,FALSE
"B_common_whseconstr","Local","Warehouse_Construction","za_window","trend","AIC",11,FALSE,"eigen","r <= 1",4.47090876190406,10.49,12.25,16.26,FALSE
"B_common_whseconstr","Local","Warehouse_Construction","za_window","trend","SBC",4,FALSE,"trace","r = 0",23.568567239486,22.76,25.32,30.45,FALSE
"B_common_whseconstr","Local","Warehouse_Construction","za_window","trend","SBC",4,FALSE,"trace","r <= 1",6.24526950897274,10.49,12.25,16.26,FALSE
"B_common_whseconstr","Local","Warehouse_Construction","za_window","trend","SBC",4,FALSE,"eigen","r = 0",17.3232977305133,16.85,18.96,23.65,FALSE
"B_common_whseconstr","Local","Warehouse_Construction","za_window","trend","SBC",4,FALSE,"eigen","r <= 1",6.24526950897274,10.49,12.25,16.26,FALSE
"B_common_whseconstr","Local","Warehouse_Construction","za_series","none","AIC",12,FALSE,"trace","r = 0",24.9042520521463,15.66,17.95,23.52,TRUE
"B_common_whseconstr","Local","Warehouse_Construction","za_series","none","AIC",12,FALSE,"trace","r <= 1",10.8240415107409,6.5,8.18,11.65,TRUE
"B_common_whseconstr","Local","Warehouse_Construction","za_series","none","AIC",12,FALSE,"eigen","r = 0",14.0802105414054,12.91,14.9,19.19,FALSE
"B_common_whseconstr","Local","Warehouse_Construction","za_series","none","AIC",12,FALSE,"eigen","r <= 1",10.8240415107409,6.5,8.18,11.65,TRUE
"B_common_whseconstr","Local","Warehouse_Construction","za_series","none","SBC",4,FALSE,"trace","r = 0",30.3668873625361,15.66,17.95,23.52,TRUE
"B_common_whseconstr","Local","Warehouse_Construction","za_series","none","SBC",4,FALSE,"trace","r <= 1",11.8844411327118,6.5,8.18,11.65,TRUE
"B_common_whseconstr","Local","Warehouse_Construction","za_series","none","SBC",4,FALSE,"eigen","r = 0",18.4824462298243,12.91,14.9,19.19,TRUE
"B_common_whseconstr","Local","Warehouse_Construction","za_series","none","SBC",4,FALSE,"eigen","r <= 1",11.8844411327118,6.5,8.18,11.65,TRUE
"B_common_whseconstr","Local","Warehouse_Construction","za_series","const","AIC",12,FALSE,"trace","r = 0",26.198843013867,17.85,19.96,24.6,TRUE
"B_common_whseconstr","Local","Warehouse_Construction","za_series","const","AIC",12,FALSE,"trace","r <= 1",11.6952311897619,7.52,9.24,12.97,TRUE
"B_common_whseconstr","Local","Warehouse_Construction","za_series","const","AIC",12,FALSE,"eigen","r = 0",14.503611824105,13.75,15.67,20.2,FALSE
"B_common_whseconstr","Local","Warehouse_Construction","za_series","const","AIC",12,FALSE,"eigen","r <= 1",11.6952311897619,7.52,9.24,12.97,TRUE
"B_common_whseconstr","Local","Warehouse_Construction","za_series","const","SBC",4,FALSE,"trace","r = 0",31.7825408263829,17.85,19.96,24.6,TRUE
"B_common_whseconstr","Local","Warehouse_Construction","za_series","const","SBC",4,FALSE,"trace","r <= 1",12.6546207226076,7.52,9.24,12.97,TRUE
"B_common_whseconstr","Local","Warehouse_Construction","za_series","const","SBC",4,FALSE,"eigen","r = 0",19.1279201037754,13.75,15.67,20.2,TRUE
"B_common_whseconstr","Local","Warehouse_Construction","za_series","const","SBC",4,FALSE,"eigen","r <= 1",12.6546207226076,7.52,9.24,12.97,TRUE
"B_common_whseconstr","Local","Warehouse_Construction","za_series","trend","AIC",12,FALSE,"trace","r = 0",99.2735070514043,22.76,25.32,30.45,TRUE
"B_common_whseconstr","Local","Warehouse_Construction","za_series","trend","AIC",12,FALSE,"trace","r <= 1",13.237629693971,10.49,12.25,16.26,TRUE
"B_common_whseconstr","Local","Warehouse_Construction","za_series","trend","AIC",12,FALSE,"eigen","r = 0",86.0358773574334,16.85,18.96,23.65,TRUE
"B_common_whseconstr","Local","Warehouse_Construction","za_series","trend","AIC",12,FALSE,"eigen","r <= 1",13.237629693971,10.49,12.25,16.26,TRUE
"B_common_whseconstr","Local","Warehouse_Construction","za_series","trend","SBC",4,FALSE,"trace","r = 0",97.969372951502,22.76,25.32,30.45,TRUE
"B_common_whseconstr","Local","Warehouse_Construction","za_series","trend","SBC",4,FALSE,"trace","r <= 1",17.716184979627,10.49,12.25,16.26,TRUE
"B_common_whseconstr","Local","Warehouse_Construction","za_series","trend","SBC",4,FALSE,"eigen","r = 0",80.2531879718751,16.85,18.96,23.65,TRUE
"B_common_whseconstr","Local","Warehouse_Construction","za_series","trend","SBC",4,FALSE,"eigen","r <= 1",17.716184979627,10.49,12.25,16.26,TRUE
"B_common_whseconstr","Airfreight","Warehouse_Construction","none","none","AIC",7,TRUE,"trace","r = 0",36.9241379099723,15.66,17.95,23.52,TRUE
"B_common_whseconstr","Airfreight","Warehouse_Construction","none","none","AIC",7,TRUE,"trace","r <= 1",0.0557975514881094,6.5,8.18,11.65,FALSE
"B_common_whseconstr","Airfreight","Warehouse_Construction","none","none","AIC",7,TRUE,"eigen","r = 0",36.8683403584842,12.91,14.9,19.19,TRUE
"B_common_whseconstr","Airfreight","Warehouse_Construction","none","none","AIC",7,TRUE,"eigen","r <= 1",0.0557975514881094,6.5,8.18,11.65,FALSE
"B_common_whseconstr","Airfreight","Warehouse_Construction","none","none","SBC",5,TRUE,"trace","r = 0",29.25024874011,15.66,17.95,23.52,TRUE
"B_common_whseconstr","Airfreight","Warehouse_Construction","none","none","SBC",5,TRUE,"trace","r <= 1",0.0497702408478177,6.5,8.18,11.65,FALSE
"B_common_whseconstr","Airfreight","Warehouse_Construction","none","none","SBC",5,TRUE,"eigen","r = 0",29.2004784992622,12.91,14.9,19.19,TRUE
"B_common_whseconstr","Airfreight","Warehouse_Construction","none","none","SBC",5,TRUE,"eigen","r <= 1",0.0497702408478177,6.5,8.18,11.65,FALSE
"B_common_whseconstr","Airfreight","Warehouse_Construction","none","const","AIC",7,TRUE,"trace","r = 0",39.0645008369954,17.85,19.96,24.6,TRUE
"B_common_whseconstr","Airfreight","Warehouse_Construction","none","const","AIC",7,TRUE,"trace","r <= 1",1.7290840568898,7.52,9.24,12.97,FALSE
"B_common_whseconstr","Airfreight","Warehouse_Construction","none","const","AIC",7,TRUE,"eigen","r = 0",37.3354167801056,13.75,15.67,20.2,TRUE
"B_common_whseconstr","Airfreight","Warehouse_Construction","none","const","AIC",7,TRUE,"eigen","r <= 1",1.7290840568898,7.52,9.24,12.97,FALSE
"B_common_whseconstr","Airfreight","Warehouse_Construction","none","const","SBC",5,TRUE,"trace","r = 0",32.7742733276307,17.85,19.96,24.6,TRUE
"B_common_whseconstr","Airfreight","Warehouse_Construction","none","const","SBC",5,TRUE,"trace","r <= 1",2.92243367764134,7.52,9.24,12.97,FALSE
"B_common_whseconstr","Airfreight","Warehouse_Construction","none","const","SBC",5,TRUE,"eigen","r = 0",29.8518396499893,13.75,15.67,20.2,TRUE
"B_common_whseconstr","Airfreight","Warehouse_Construction","none","const","SBC",5,TRUE,"eigen","r <= 1",2.92243367764134,7.52,9.24,12.97,FALSE
"B_common_whseconstr","Airfreight","Warehouse_Construction","none","trend","AIC",7,TRUE,"trace","r = 0",46.7845025789369,22.76,25.32,30.45,TRUE
"B_common_whseconstr","Airfreight","Warehouse_Construction","none","trend","AIC",7,TRUE,"trace","r <= 1",8.50128189287652,10.49,12.25,16.26,FALSE
"B_common_whseconstr","Airfreight","Warehouse_Construction","none","trend","AIC",7,TRUE,"eigen","r = 0",38.2832206860604,16.85,18.96,23.65,TRUE
"B_common_whseconstr","Airfreight","Warehouse_Construction","none","trend","AIC",7,TRUE,"eigen","r <= 1",8.50128189287652,10.49,12.25,16.26,FALSE
"B_common_whseconstr","Airfreight","Warehouse_Construction","none","trend","SBC",5,TRUE,"trace","r = 0",35.6059162786276,22.76,25.32,30.45,TRUE
"B_common_whseconstr","Airfreight","Warehouse_Construction","none","trend","SBC",5,TRUE,"trace","r <= 1",5.00042382564824,10.49,12.25,16.26,FALSE
"B_common_whseconstr","Airfreight","Warehouse_Construction","none","trend","SBC",5,TRUE,"eigen","r = 0",30.6054924529794,16.85,18.96,23.65,TRUE
"B_common_whseconstr","Airfreight","Warehouse_Construction","none","trend","SBC",5,TRUE,"eigen","r <= 1",5.00042382564824,10.49,12.25,16.26,FALSE
"B_common_whseconstr","Airfreight","Warehouse_Construction","orig","none","AIC",7,FALSE,"trace","r = 0",37.3279591969326,15.66,17.95,23.52,TRUE
"B_common_whseconstr","Airfreight","Warehouse_Construction","orig","none","AIC",7,FALSE,"trace","r <= 1",0.684295576385672,6.5,8.18,11.65,FALSE
"B_common_whseconstr","Airfreight","Warehouse_Construction","orig","none","AIC",7,FALSE,"eigen","r = 0",36.6436636205469,12.91,14.9,19.19,TRUE
"B_common_whseconstr","Airfreight","Warehouse_Construction","orig","none","AIC",7,FALSE,"eigen","r <= 1",0.684295576385672,6.5,8.18,11.65,FALSE
"B_common_whseconstr","Airfreight","Warehouse_Construction","orig","none","SBC",5,FALSE,"trace","r = 0",30.8427116494942,15.66,17.95,23.52,TRUE
"B_common_whseconstr","Airfreight","Warehouse_Construction","orig","none","SBC",5,FALSE,"trace","r <= 1",0.785461369136797,6.5,8.18,11.65,FALSE
"B_common_whseconstr","Airfreight","Warehouse_Construction","orig","none","SBC",5,FALSE,"eigen","r = 0",30.0572502803574,12.91,14.9,19.19,TRUE
"B_common_whseconstr","Airfreight","Warehouse_Construction","orig","none","SBC",5,FALSE,"eigen","r <= 1",0.785461369136797,6.5,8.18,11.65,FALSE
"B_common_whseconstr","Airfreight","Warehouse_Construction","orig","const","AIC",7,FALSE,"trace","r = 0",38.6099821214817,17.85,19.96,24.6,TRUE
"B_common_whseconstr","Airfreight","Warehouse_Construction","orig","const","AIC",7,FALSE,"trace","r <= 1",1.32927841808873,7.52,9.24,12.97,FALSE
"B_common_whseconstr","Airfreight","Warehouse_Construction","orig","const","AIC",7,FALSE,"eigen","r = 0",37.2807037033929,13.75,15.67,20.2,TRUE
"B_common_whseconstr","Airfreight","Warehouse_Construction","orig","const","AIC",7,FALSE,"eigen","r <= 1",1.32927841808873,7.52,9.24,12.97,FALSE
"B_common_whseconstr","Airfreight","Warehouse_Construction","orig","const","SBC",5,FALSE,"trace","r = 0",32.7634651374975,17.85,19.96,24.6,TRUE
"B_common_whseconstr","Airfreight","Warehouse_Construction","orig","const","SBC",5,FALSE,"trace","r <= 1",1.98725905820101,7.52,9.24,12.97,FALSE
"B_common_whseconstr","Airfreight","Warehouse_Construction","orig","const","SBC",5,FALSE,"eigen","r = 0",30.7762060792965,13.75,15.67,20.2,TRUE
"B_common_whseconstr","Airfreight","Warehouse_Construction","orig","const","SBC",5,FALSE,"eigen","r <= 1",1.98725905820101,7.52,9.24,12.97,FALSE
"B_common_whseconstr","Airfreight","Warehouse_Construction","orig","trend","AIC",7,FALSE,"trace","r = 0",42.8568921690047,22.76,25.32,30.45,TRUE
"B_common_whseconstr","Airfreight","Warehouse_Construction","orig","trend","AIC",7,FALSE,"trace","r <= 1",4.73496530167255,10.49,12.25,16.26,FALSE
"B_common_whseconstr","Airfreight","Warehouse_Construction","orig","trend","AIC",7,FALSE,"eigen","r = 0",38.1219268673321,16.85,18.96,23.65,TRUE
"B_common_whseconstr","Airfreight","Warehouse_Construction","orig","trend","AIC",7,FALSE,"eigen","r <= 1",4.73496530167255,10.49,12.25,16.26,FALSE
"B_common_whseconstr","Airfreight","Warehouse_Construction","orig","trend","SBC",5,FALSE,"trace","r = 0",34.7281143280149,22.76,25.32,30.45,TRUE
"B_common_whseconstr","Airfreight","Warehouse_Construction","orig","trend","SBC",5,FALSE,"trace","r <= 1",2.60934561399112,10.49,12.25,16.26,FALSE
"B_common_whseconstr","Airfreight","Warehouse_Construction","orig","trend","SBC",5,FALSE,"eigen","r = 0",32.1187687140238,16.85,18.96,23.65,TRUE
"B_common_whseconstr","Airfreight","Warehouse_Construction","orig","trend","SBC",5,FALSE,"eigen","r <= 1",2.60934561399112,10.49,12.25,16.26,FALSE
"B_common_whseconstr","Airfreight","Warehouse_Construction","za_step","none","AIC",7,FALSE,"trace","r = 0",41.00392834226,15.66,17.95,23.52,TRUE
"B_common_whseconstr","Airfreight","Warehouse_Construction","za_step","none","AIC",7,FALSE,"trace","r <= 1",4.62460595329231,6.5,8.18,11.65,FALSE
"B_common_whseconstr","Airfreight","Warehouse_Construction","za_step","none","AIC",7,FALSE,"eigen","r = 0",36.3793223889677,12.91,14.9,19.19,TRUE
"B_common_whseconstr","Airfreight","Warehouse_Construction","za_step","none","AIC",7,FALSE,"eigen","r <= 1",4.62460595329231,6.5,8.18,11.65,FALSE
"B_common_whseconstr","Airfreight","Warehouse_Construction","za_step","none","SBC",5,FALSE,"trace","r = 0",34.6293858177124,15.66,17.95,23.52,TRUE
"B_common_whseconstr","Airfreight","Warehouse_Construction","za_step","none","SBC",5,FALSE,"trace","r <= 1",5.53513635890377,6.5,8.18,11.65,FALSE
"B_common_whseconstr","Airfreight","Warehouse_Construction","za_step","none","SBC",5,FALSE,"eigen","r = 0",29.0942494588086,12.91,14.9,19.19,TRUE
"B_common_whseconstr","Airfreight","Warehouse_Construction","za_step","none","SBC",5,FALSE,"eigen","r <= 1",5.53513635890377,6.5,8.18,11.65,FALSE
"B_common_whseconstr","Airfreight","Warehouse_Construction","za_step","const","AIC",7,FALSE,"trace","r = 0",43.1028929959626,17.85,19.96,24.6,TRUE
"B_common_whseconstr","Airfreight","Warehouse_Construction","za_step","const","AIC",7,FALSE,"trace","r <= 1",5.33727170372084,7.52,9.24,12.97,FALSE
"B_common_whseconstr","Airfreight","Warehouse_Construction","za_step","const","AIC",7,FALSE,"eigen","r = 0",37.7656212922418,13.75,15.67,20.2,TRUE
"B_common_whseconstr","Airfreight","Warehouse_Construction","za_step","const","AIC",7,FALSE,"eigen","r <= 1",5.33727170372084,7.52,9.24,12.97,FALSE
"B_common_whseconstr","Airfreight","Warehouse_Construction","za_step","const","SBC",5,FALSE,"trace","r = 0",37.5145240297012,17.85,19.96,24.6,TRUE
"B_common_whseconstr","Airfreight","Warehouse_Construction","za_step","const","SBC",5,FALSE,"trace","r <= 1",6.79232158096384,7.52,9.24,12.97,FALSE
"B_common_whseconstr","Airfreight","Warehouse_Construction","za_step","const","SBC",5,FALSE,"eigen","r = 0",30.7222024487374,13.75,15.67,20.2,TRUE
"B_common_whseconstr","Airfreight","Warehouse_Construction","za_step","const","SBC",5,FALSE,"eigen","r <= 1",6.79232158096384,7.52,9.24,12.97,FALSE
"B_common_whseconstr","Airfreight","Warehouse_Construction","za_step","trend","AIC",7,FALSE,"trace","r = 0",84.6735194605478,22.76,25.32,30.45,TRUE
"B_common_whseconstr","Airfreight","Warehouse_Construction","za_step","trend","AIC",7,FALSE,"trace","r <= 1",36.0628382213533,10.49,12.25,16.26,TRUE
"B_common_whseconstr","Airfreight","Warehouse_Construction","za_step","trend","AIC",7,FALSE,"eigen","r = 0",48.6106812391944,16.85,18.96,23.65,TRUE
"B_common_whseconstr","Airfreight","Warehouse_Construction","za_step","trend","AIC",7,FALSE,"eigen","r <= 1",36.0628382213533,10.49,12.25,16.26,TRUE
"B_common_whseconstr","Airfreight","Warehouse_Construction","za_step","trend","SBC",5,FALSE,"trace","r = 0",71.1723212778002,22.76,25.32,30.45,TRUE
"B_common_whseconstr","Airfreight","Warehouse_Construction","za_step","trend","SBC",5,FALSE,"trace","r <= 1",28.821545031326,10.49,12.25,16.26,TRUE
"B_common_whseconstr","Airfreight","Warehouse_Construction","za_step","trend","SBC",5,FALSE,"eigen","r = 0",42.3507762464742,16.85,18.96,23.65,TRUE
"B_common_whseconstr","Airfreight","Warehouse_Construction","za_step","trend","SBC",5,FALSE,"eigen","r <= 1",28.821545031326,10.49,12.25,16.26,TRUE
"B_common_whseconstr","Airfreight","Warehouse_Construction","za_window","none","AIC",7,FALSE,"trace","r = 0",39.35141455746,15.66,17.95,23.52,TRUE
"B_common_whseconstr","Airfreight","Warehouse_Construction","za_window","none","AIC",7,FALSE,"trace","r <= 1",3.47790689682685,6.5,8.18,11.65,FALSE
"B_common_whseconstr","Airfreight","Warehouse_Construction","za_window","none","AIC",7,FALSE,"eigen","r = 0",35.8735076606332,12.91,14.9,19.19,TRUE
"B_common_whseconstr","Airfreight","Warehouse_Construction","za_window","none","AIC",7,FALSE,"eigen","r <= 1",3.47790689682685,6.5,8.18,11.65,FALSE
"B_common_whseconstr","Airfreight","Warehouse_Construction","za_window","none","SBC",4,FALSE,"trace","r = 0",30.3822012842852,15.66,17.95,23.52,TRUE
"B_common_whseconstr","Airfreight","Warehouse_Construction","za_window","none","SBC",4,FALSE,"trace","r <= 1",5.17602912528198,6.5,8.18,11.65,FALSE
"B_common_whseconstr","Airfreight","Warehouse_Construction","za_window","none","SBC",4,FALSE,"eigen","r = 0",25.2061721590033,12.91,14.9,19.19,TRUE
"B_common_whseconstr","Airfreight","Warehouse_Construction","za_window","none","SBC",4,FALSE,"eigen","r <= 1",5.17602912528198,6.5,8.18,11.65,FALSE
"B_common_whseconstr","Airfreight","Warehouse_Construction","za_window","const","AIC",7,FALSE,"trace","r = 0",46.3974419145294,17.85,19.96,24.6,TRUE
"B_common_whseconstr","Airfreight","Warehouse_Construction","za_window","const","AIC",7,FALSE,"trace","r <= 1",10.4493296025978,7.52,9.24,12.97,TRUE
"B_common_whseconstr","Airfreight","Warehouse_Construction","za_window","const","AIC",7,FALSE,"eigen","r = 0",35.9481123119317,13.75,15.67,20.2,TRUE
"B_common_whseconstr","Airfreight","Warehouse_Construction","za_window","const","AIC",7,FALSE,"eigen","r <= 1",10.4493296025978,7.52,9.24,12.97,TRUE
"B_common_whseconstr","Airfreight","Warehouse_Construction","za_window","const","SBC",4,FALSE,"trace","r = 0",37.0527360172376,17.85,19.96,24.6,TRUE
"B_common_whseconstr","Airfreight","Warehouse_Construction","za_window","const","SBC",4,FALSE,"trace","r <= 1",11.8121664784108,7.52,9.24,12.97,TRUE
"B_common_whseconstr","Airfreight","Warehouse_Construction","za_window","const","SBC",4,FALSE,"eigen","r = 0",25.2405695388268,13.75,15.67,20.2,TRUE
"B_common_whseconstr","Airfreight","Warehouse_Construction","za_window","const","SBC",4,FALSE,"eigen","r <= 1",11.8121664784108,7.52,9.24,12.97,TRUE
"B_common_whseconstr","Airfreight","Warehouse_Construction","za_window","trend","AIC",7,FALSE,"trace","r = 0",53.0224078310974,22.76,25.32,30.45,TRUE
"B_common_whseconstr","Airfreight","Warehouse_Construction","za_window","trend","AIC",7,FALSE,"trace","r <= 1",15.4272032880896,10.49,12.25,16.26,TRUE
"B_common_whseconstr","Airfreight","Warehouse_Construction","za_window","trend","AIC",7,FALSE,"eigen","r = 0",37.5952045430078,16.85,18.96,23.65,TRUE
"B_common_whseconstr","Airfreight","Warehouse_Construction","za_window","trend","AIC",7,FALSE,"eigen","r <= 1",15.4272032880896,10.49,12.25,16.26,TRUE
"B_common_whseconstr","Airfreight","Warehouse_Construction","za_window","trend","SBC",4,FALSE,"trace","r = 0",41.1620043400559,22.76,25.32,30.45,TRUE
"B_common_whseconstr","Airfreight","Warehouse_Construction","za_window","trend","SBC",4,FALSE,"trace","r <= 1",15.1126878634031,10.49,12.25,16.26,TRUE
"B_common_whseconstr","Airfreight","Warehouse_Construction","za_window","trend","SBC",4,FALSE,"eigen","r = 0",26.0493164766528,16.85,18.96,23.65,TRUE
"B_common_whseconstr","Airfreight","Warehouse_Construction","za_window","trend","SBC",4,FALSE,"eigen","r <= 1",15.1126878634031,10.49,12.25,16.26,TRUE
"B_common_whseconstr","Airfreight","Warehouse_Construction","za_series","none","AIC",7,FALSE,"trace","r = 0",42.1724579372928,15.66,17.95,23.52,TRUE
"B_common_whseconstr","Airfreight","Warehouse_Construction","za_series","none","AIC",7,FALSE,"trace","r <= 1",2.66234306781964,6.5,8.18,11.65,FALSE
"B_common_whseconstr","Airfreight","Warehouse_Construction","za_series","none","AIC",7,FALSE,"eigen","r = 0",39.5101148694731,12.91,14.9,19.19,TRUE
"B_common_whseconstr","Airfreight","Warehouse_Construction","za_series","none","AIC",7,FALSE,"eigen","r <= 1",2.66234306781964,6.5,8.18,11.65,FALSE
"B_common_whseconstr","Airfreight","Warehouse_Construction","za_series","none","SBC",4,FALSE,"trace","r = 0",34.533672377107,15.66,17.95,23.52,TRUE
"B_common_whseconstr","Airfreight","Warehouse_Construction","za_series","none","SBC",4,FALSE,"trace","r <= 1",5.97037695467061,6.5,8.18,11.65,FALSE
"B_common_whseconstr","Airfreight","Warehouse_Construction","za_series","none","SBC",4,FALSE,"eigen","r = 0",28.5632954224364,12.91,14.9,19.19,TRUE
"B_common_whseconstr","Airfreight","Warehouse_Construction","za_series","none","SBC",4,FALSE,"eigen","r <= 1",5.97037695467061,6.5,8.18,11.65,FALSE
"B_common_whseconstr","Airfreight","Warehouse_Construction","za_series","const","AIC",7,FALSE,"trace","r = 0",44.1683539477649,17.85,19.96,24.6,TRUE
"B_common_whseconstr","Airfreight","Warehouse_Construction","za_series","const","AIC",7,FALSE,"trace","r <= 1",3.54707426473347,7.52,9.24,12.97,FALSE
"B_common_whseconstr","Airfreight","Warehouse_Construction","za_series","const","AIC",7,FALSE,"eigen","r = 0",40.6212796830314,13.75,15.67,20.2,TRUE
"B_common_whseconstr","Airfreight","Warehouse_Construction","za_series","const","AIC",7,FALSE,"eigen","r <= 1",3.54707426473347,7.52,9.24,12.97,FALSE
"B_common_whseconstr","Airfreight","Warehouse_Construction","za_series","const","SBC",4,FALSE,"trace","r = 0",37.22514253387,17.85,19.96,24.6,TRUE
"B_common_whseconstr","Airfreight","Warehouse_Construction","za_series","const","SBC",4,FALSE,"trace","r <= 1",7.96152638790039,7.52,9.24,12.97,FALSE
"B_common_whseconstr","Airfreight","Warehouse_Construction","za_series","const","SBC",4,FALSE,"eigen","r = 0",29.2636161459696,13.75,15.67,20.2,TRUE
"B_common_whseconstr","Airfreight","Warehouse_Construction","za_series","const","SBC",4,FALSE,"eigen","r <= 1",7.96152638790039,7.52,9.24,12.97,FALSE
"B_common_whseconstr","Airfreight","Warehouse_Construction","za_series","trend","AIC",7,FALSE,"trace","r = 0",103.711798279245,22.76,25.32,30.45,TRUE
"B_common_whseconstr","Airfreight","Warehouse_Construction","za_series","trend","AIC",7,FALSE,"trace","r <= 1",36.0110848880397,10.49,12.25,16.26,TRUE
"B_common_whseconstr","Airfreight","Warehouse_Construction","za_series","trend","AIC",7,FALSE,"eigen","r = 0",67.7007133912053,16.85,18.96,23.65,TRUE
"B_common_whseconstr","Airfreight","Warehouse_Construction","za_series","trend","AIC",7,FALSE,"eigen","r <= 1",36.0110848880397,10.49,12.25,16.26,TRUE
"B_common_whseconstr","Airfreight","Warehouse_Construction","za_series","trend","SBC",4,FALSE,"trace","r = 0",91.6847932852068,22.76,25.32,30.45,TRUE
"B_common_whseconstr","Airfreight","Warehouse_Construction","za_series","trend","SBC",4,FALSE,"trace","r <= 1",28.0950830809548,10.49,12.25,16.26,TRUE
"B_common_whseconstr","Airfreight","Warehouse_Construction","za_series","trend","SBC",4,FALSE,"eigen","r = 0",63.589710204252,16.85,18.96,23.65,TRUE
"B_common_whseconstr","Airfreight","Warehouse_Construction","za_series","trend","SBC",4,FALSE,"eigen","r <= 1",28.0950830809548,10.49,12.25,16.26,TRUE
"C_full_whseconstr","LTL","Warehouse_Construction","none","none","AIC",6,TRUE,"trace","r = 0",7.1725276123816,15.66,17.95,23.52,FALSE
"C_full_whseconstr","LTL","Warehouse_Construction","none","none","AIC",6,TRUE,"trace","r <= 1",0.394898550915896,6.5,8.18,11.65,FALSE
"C_full_whseconstr","LTL","Warehouse_Construction","none","none","AIC",6,TRUE,"eigen","r = 0",6.7776290614657,12.91,14.9,19.19,FALSE
"C_full_whseconstr","LTL","Warehouse_Construction","none","none","AIC",6,TRUE,"eigen","r <= 1",0.394898550915896,6.5,8.18,11.65,FALSE
"C_full_whseconstr","LTL","Warehouse_Construction","none","none","SBC",4,TRUE,"trace","r = 0",10.1516977594928,15.66,17.95,23.52,FALSE
"C_full_whseconstr","LTL","Warehouse_Construction","none","none","SBC",4,TRUE,"trace","r <= 1",0.281894159254679,6.5,8.18,11.65,FALSE
"C_full_whseconstr","LTL","Warehouse_Construction","none","none","SBC",4,TRUE,"eigen","r = 0",9.86980360023816,12.91,14.9,19.19,FALSE
"C_full_whseconstr","LTL","Warehouse_Construction","none","none","SBC",4,TRUE,"eigen","r <= 1",0.281894159254679,6.5,8.18,11.65,FALSE
"C_full_whseconstr","LTL","Warehouse_Construction","none","const","AIC",6,TRUE,"trace","r = 0",12.8964918871631,17.85,19.96,24.6,FALSE
"C_full_whseconstr","LTL","Warehouse_Construction","none","const","AIC",6,TRUE,"trace","r <= 1",3.87605338156394,7.52,9.24,12.97,FALSE
"C_full_whseconstr","LTL","Warehouse_Construction","none","const","AIC",6,TRUE,"eigen","r = 0",9.02043850559914,13.75,15.67,20.2,FALSE
"C_full_whseconstr","LTL","Warehouse_Construction","none","const","AIC",6,TRUE,"eigen","r <= 1",3.87605338156394,7.52,9.24,12.97,FALSE
"C_full_whseconstr","LTL","Warehouse_Construction","none","const","SBC",4,TRUE,"trace","r = 0",18.4461292466951,17.85,19.96,24.6,FALSE
"C_full_whseconstr","LTL","Warehouse_Construction","none","const","SBC",4,TRUE,"trace","r <= 1",4.30426019752592,7.52,9.24,12.97,FALSE
"C_full_whseconstr","LTL","Warehouse_Construction","none","const","SBC",4,TRUE,"eigen","r = 0",14.1418690491692,13.75,15.67,20.2,FALSE
"C_full_whseconstr","LTL","Warehouse_Construction","none","const","SBC",4,TRUE,"eigen","r <= 1",4.30426019752592,7.52,9.24,12.97,FALSE
"C_full_whseconstr","LTL","Warehouse_Construction","none","trend","AIC",6,TRUE,"trace","r = 0",28.2223917868158,22.76,25.32,30.45,TRUE
"C_full_whseconstr","LTL","Warehouse_Construction","none","trend","AIC",6,TRUE,"trace","r <= 1",6.64327014180415,10.49,12.25,16.26,FALSE
"C_full_whseconstr","LTL","Warehouse_Construction","none","trend","AIC",6,TRUE,"eigen","r = 0",21.5791216450117,16.85,18.96,23.65,TRUE
"C_full_whseconstr","LTL","Warehouse_Construction","none","trend","AIC",6,TRUE,"eigen","r <= 1",6.64327014180415,10.49,12.25,16.26,FALSE
"C_full_whseconstr","LTL","Warehouse_Construction","none","trend","SBC",4,TRUE,"trace","r = 0",34.4921146425454,22.76,25.32,30.45,TRUE
"C_full_whseconstr","LTL","Warehouse_Construction","none","trend","SBC",4,TRUE,"trace","r <= 1",5.9624774398981,10.49,12.25,16.26,FALSE
"C_full_whseconstr","LTL","Warehouse_Construction","none","trend","SBC",4,TRUE,"eigen","r = 0",28.5296372026473,16.85,18.96,23.65,TRUE
"C_full_whseconstr","LTL","Warehouse_Construction","none","trend","SBC",4,TRUE,"eigen","r <= 1",5.9624774398981,10.49,12.25,16.26,FALSE
"C_full_whseconstr","LTL","Warehouse_Construction","orig","none","AIC",6,FALSE,"trace","r = 0",6.87316958543435,15.66,17.95,23.52,FALSE
"C_full_whseconstr","LTL","Warehouse_Construction","orig","none","AIC",6,FALSE,"trace","r <= 1",1.75890449268119,6.5,8.18,11.65,FALSE
"C_full_whseconstr","LTL","Warehouse_Construction","orig","none","AIC",6,FALSE,"eigen","r = 0",5.11426509275316,12.91,14.9,19.19,FALSE
"C_full_whseconstr","LTL","Warehouse_Construction","orig","none","AIC",6,FALSE,"eigen","r <= 1",1.75890449268119,6.5,8.18,11.65,FALSE
"C_full_whseconstr","LTL","Warehouse_Construction","orig","none","SBC",4,FALSE,"trace","r = 0",9.81818839402331,15.66,17.95,23.52,FALSE
"C_full_whseconstr","LTL","Warehouse_Construction","orig","none","SBC",4,FALSE,"trace","r <= 1",2.27963565231311,6.5,8.18,11.65,FALSE
"C_full_whseconstr","LTL","Warehouse_Construction","orig","none","SBC",4,FALSE,"eigen","r = 0",7.5385527417102,12.91,14.9,19.19,FALSE
"C_full_whseconstr","LTL","Warehouse_Construction","orig","none","SBC",4,FALSE,"eigen","r <= 1",2.27963565231311,6.5,8.18,11.65,FALSE
"C_full_whseconstr","LTL","Warehouse_Construction","orig","const","AIC",6,FALSE,"trace","r = 0",13.5269326822855,17.85,19.96,24.6,FALSE
"C_full_whseconstr","LTL","Warehouse_Construction","orig","const","AIC",6,FALSE,"trace","r <= 1",4.16276852345987,7.52,9.24,12.97,FALSE
"C_full_whseconstr","LTL","Warehouse_Construction","orig","const","AIC",6,FALSE,"eigen","r = 0",9.36416415882567,13.75,15.67,20.2,FALSE
"C_full_whseconstr","LTL","Warehouse_Construction","orig","const","AIC",6,FALSE,"eigen","r <= 1",4.16276852345987,7.52,9.24,12.97,FALSE
"C_full_whseconstr","LTL","Warehouse_Construction","orig","const","SBC",4,FALSE,"trace","r = 0",18.2797199238118,17.85,19.96,24.6,FALSE
"C_full_whseconstr","LTL","Warehouse_Construction","orig","const","SBC",4,FALSE,"trace","r <= 1",6.20747777363916,7.52,9.24,12.97,FALSE
"C_full_whseconstr","LTL","Warehouse_Construction","orig","const","SBC",4,FALSE,"eigen","r = 0",12.0722421501727,13.75,15.67,20.2,FALSE
"C_full_whseconstr","LTL","Warehouse_Construction","orig","const","SBC",4,FALSE,"eigen","r <= 1",6.20747777363916,7.52,9.24,12.97,FALSE
"C_full_whseconstr","LTL","Warehouse_Construction","orig","trend","AIC",6,FALSE,"trace","r = 0",27.3948123735935,22.76,25.32,30.45,TRUE
"C_full_whseconstr","LTL","Warehouse_Construction","orig","trend","AIC",6,FALSE,"trace","r <= 1",5.00127917462542,10.49,12.25,16.26,FALSE
"C_full_whseconstr","LTL","Warehouse_Construction","orig","trend","AIC",6,FALSE,"eigen","r = 0",22.3935331989681,16.85,18.96,23.65,TRUE
"C_full_whseconstr","LTL","Warehouse_Construction","orig","trend","AIC",6,FALSE,"eigen","r <= 1",5.00127917462542,10.49,12.25,16.26,FALSE
"C_full_whseconstr","LTL","Warehouse_Construction","orig","trend","SBC",4,FALSE,"trace","r = 0",34.1242198242773,22.76,25.32,30.45,TRUE
"C_full_whseconstr","LTL","Warehouse_Construction","orig","trend","SBC",4,FALSE,"trace","r <= 1",4.62265796783643,10.49,12.25,16.26,FALSE
"C_full_whseconstr","LTL","Warehouse_Construction","orig","trend","SBC",4,FALSE,"eigen","r = 0",29.5015618564409,16.85,18.96,23.65,TRUE
"C_full_whseconstr","LTL","Warehouse_Construction","orig","trend","SBC",4,FALSE,"eigen","r <= 1",4.62265796783643,10.49,12.25,16.26,FALSE
"C_full_whseconstr","LTL","Warehouse_Construction","za_step","none","AIC",6,FALSE,"trace","r = 0",46.5869423241363,15.66,17.95,23.52,TRUE
"C_full_whseconstr","LTL","Warehouse_Construction","za_step","none","AIC",6,FALSE,"trace","r <= 1",0.359594509363783,6.5,8.18,11.65,FALSE
"C_full_whseconstr","LTL","Warehouse_Construction","za_step","none","AIC",6,FALSE,"eigen","r = 0",46.2273478147726,12.91,14.9,19.19,TRUE
"C_full_whseconstr","LTL","Warehouse_Construction","za_step","none","AIC",6,FALSE,"eigen","r <= 1",0.359594509363783,6.5,8.18,11.65,FALSE
"C_full_whseconstr","LTL","Warehouse_Construction","za_step","none","SBC",4,FALSE,"trace","r = 0",59.6679219074149,15.66,17.95,23.52,TRUE
"C_full_whseconstr","LTL","Warehouse_Construction","za_step","none","SBC",4,FALSE,"trace","r <= 1",0.613689612992393,6.5,8.18,11.65,FALSE
"C_full_whseconstr","LTL","Warehouse_Construction","za_step","none","SBC",4,FALSE,"eigen","r = 0",59.0542322944225,12.91,14.9,19.19,TRUE
"C_full_whseconstr","LTL","Warehouse_Construction","za_step","none","SBC",4,FALSE,"eigen","r <= 1",0.613689612992393,6.5,8.18,11.65,FALSE
"C_full_whseconstr","LTL","Warehouse_Construction","za_step","const","AIC",6,FALSE,"trace","r = 0",54.2760228226102,17.85,19.96,24.6,TRUE
"C_full_whseconstr","LTL","Warehouse_Construction","za_step","const","AIC",6,FALSE,"trace","r <= 1",7.75227103269766,7.52,9.24,12.97,FALSE
"C_full_whseconstr","LTL","Warehouse_Construction","za_step","const","AIC",6,FALSE,"eigen","r = 0",46.5237517899125,13.75,15.67,20.2,TRUE
"C_full_whseconstr","LTL","Warehouse_Construction","za_step","const","AIC",6,FALSE,"eigen","r <= 1",7.75227103269766,7.52,9.24,12.97,FALSE
"C_full_whseconstr","LTL","Warehouse_Construction","za_step","const","SBC",4,FALSE,"trace","r = 0",69.2026311088852,17.85,19.96,24.6,TRUE
"C_full_whseconstr","LTL","Warehouse_Construction","za_step","const","SBC",4,FALSE,"trace","r <= 1",8.39107799331412,7.52,9.24,12.97,FALSE
"C_full_whseconstr","LTL","Warehouse_Construction","za_step","const","SBC",4,FALSE,"eigen","r = 0",60.8115531155711,13.75,15.67,20.2,TRUE
"C_full_whseconstr","LTL","Warehouse_Construction","za_step","const","SBC",4,FALSE,"eigen","r <= 1",8.39107799331412,7.52,9.24,12.97,FALSE
"C_full_whseconstr","LTL","Warehouse_Construction","za_step","trend","AIC",6,FALSE,"trace","r = 0",66.9088572685906,22.76,25.32,30.45,TRUE
"C_full_whseconstr","LTL","Warehouse_Construction","za_step","trend","AIC",6,FALSE,"trace","r <= 1",20.0287864093399,10.49,12.25,16.26,TRUE
"C_full_whseconstr","LTL","Warehouse_Construction","za_step","trend","AIC",6,FALSE,"eigen","r = 0",46.8800708592506,16.85,18.96,23.65,TRUE
"C_full_whseconstr","LTL","Warehouse_Construction","za_step","trend","AIC",6,FALSE,"eigen","r <= 1",20.0287864093399,10.49,12.25,16.26,TRUE
"C_full_whseconstr","LTL","Warehouse_Construction","za_step","trend","SBC",4,FALSE,"trace","r = 0",76.9778357844114,22.76,25.32,30.45,TRUE
"C_full_whseconstr","LTL","Warehouse_Construction","za_step","trend","SBC",4,FALSE,"trace","r <= 1",17.7698374143005,10.49,12.25,16.26,TRUE
"C_full_whseconstr","LTL","Warehouse_Construction","za_step","trend","SBC",4,FALSE,"eigen","r = 0",59.2079983701109,16.85,18.96,23.65,TRUE
"C_full_whseconstr","LTL","Warehouse_Construction","za_step","trend","SBC",4,FALSE,"eigen","r <= 1",17.7698374143005,10.49,12.25,16.26,TRUE
"C_full_whseconstr","LTL","Warehouse_Construction","za_window","none","AIC",6,FALSE,"trace","r = 0",12.7261297174315,15.66,17.95,23.52,FALSE
"C_full_whseconstr","LTL","Warehouse_Construction","za_window","none","AIC",6,FALSE,"trace","r <= 1",0.376392093514767,6.5,8.18,11.65,FALSE
"C_full_whseconstr","LTL","Warehouse_Construction","za_window","none","AIC",6,FALSE,"eigen","r = 0",12.3497376239167,12.91,14.9,19.19,FALSE
"C_full_whseconstr","LTL","Warehouse_Construction","za_window","none","AIC",6,FALSE,"eigen","r <= 1",0.376392093514767,6.5,8.18,11.65,FALSE
"C_full_whseconstr","LTL","Warehouse_Construction","za_window","none","SBC",4,FALSE,"trace","r = 0",19.0045912378451,15.66,17.95,23.52,TRUE
"C_full_whseconstr","LTL","Warehouse_Construction","za_window","none","SBC",4,FALSE,"trace","r <= 1",0.914929943783752,6.5,8.18,11.65,FALSE
"C_full_whseconstr","LTL","Warehouse_Construction","za_window","none","SBC",4,FALSE,"eigen","r = 0",18.0896612940614,12.91,14.9,19.19,TRUE
"C_full_whseconstr","LTL","Warehouse_Construction","za_window","none","SBC",4,FALSE,"eigen","r <= 1",0.914929943783752,6.5,8.18,11.65,FALSE
"C_full_whseconstr","LTL","Warehouse_Construction","za_window","const","AIC",6,FALSE,"trace","r = 0",20.6857763142018,17.85,19.96,24.6,TRUE
"C_full_whseconstr","LTL","Warehouse_Construction","za_window","const","AIC",6,FALSE,"trace","r <= 1",3.34174566797836,7.52,9.24,12.97,FALSE
"C_full_whseconstr","LTL","Warehouse_Construction","za_window","const","AIC",6,FALSE,"eigen","r = 0",17.3440306462235,13.75,15.67,20.2,TRUE
"C_full_whseconstr","LTL","Warehouse_Construction","za_window","const","AIC",6,FALSE,"eigen","r <= 1",3.34174566797836,7.52,9.24,12.97,FALSE
"C_full_whseconstr","LTL","Warehouse_Construction","za_window","const","SBC",4,FALSE,"trace","r = 0",31.4964430273809,17.85,19.96,24.6,TRUE
"C_full_whseconstr","LTL","Warehouse_Construction","za_window","const","SBC",4,FALSE,"trace","r <= 1",5.43243681704299,7.52,9.24,12.97,FALSE
"C_full_whseconstr","LTL","Warehouse_Construction","za_window","const","SBC",4,FALSE,"eigen","r = 0",26.0640062103379,13.75,15.67,20.2,TRUE
"C_full_whseconstr","LTL","Warehouse_Construction","za_window","const","SBC",4,FALSE,"eigen","r <= 1",5.43243681704299,7.52,9.24,12.97,FALSE
"C_full_whseconstr","LTL","Warehouse_Construction","za_window","trend","AIC",6,FALSE,"trace","r = 0",34.3804057986666,22.76,25.32,30.45,TRUE
"C_full_whseconstr","LTL","Warehouse_Construction","za_window","trend","AIC",6,FALSE,"trace","r <= 1",10.5597908347372,10.49,12.25,16.26,FALSE
"C_full_whseconstr","LTL","Warehouse_Construction","za_window","trend","AIC",6,FALSE,"eigen","r = 0",23.8206149639294,16.85,18.96,23.65,TRUE
"C_full_whseconstr","LTL","Warehouse_Construction","za_window","trend","AIC",6,FALSE,"eigen","r <= 1",10.5597908347372,10.49,12.25,16.26,FALSE
"C_full_whseconstr","LTL","Warehouse_Construction","za_window","trend","SBC",4,FALSE,"trace","r = 0",40.5809990662814,22.76,25.32,30.45,TRUE
"C_full_whseconstr","LTL","Warehouse_Construction","za_window","trend","SBC",4,FALSE,"trace","r <= 1",10.194584884085,10.49,12.25,16.26,FALSE
"C_full_whseconstr","LTL","Warehouse_Construction","za_window","trend","SBC",4,FALSE,"eigen","r = 0",30.3864141821964,16.85,18.96,23.65,TRUE
"C_full_whseconstr","LTL","Warehouse_Construction","za_window","trend","SBC",4,FALSE,"eigen","r <= 1",10.194584884085,10.49,12.25,16.26,FALSE
"C_full_whseconstr","LTL","Warehouse_Construction","za_series","none","AIC",6,FALSE,"trace","r = 0",60.8324323326032,15.66,17.95,23.52,TRUE
"C_full_whseconstr","LTL","Warehouse_Construction","za_series","none","AIC",6,FALSE,"trace","r <= 1",0.649589445861694,6.5,8.18,11.65,FALSE
"C_full_whseconstr","LTL","Warehouse_Construction","za_series","none","AIC",6,FALSE,"eigen","r = 0",60.1828428867415,12.91,14.9,19.19,TRUE
"C_full_whseconstr","LTL","Warehouse_Construction","za_series","none","AIC",6,FALSE,"eigen","r <= 1",0.649589445861694,6.5,8.18,11.65,FALSE
"C_full_whseconstr","LTL","Warehouse_Construction","za_series","none","SBC",4,FALSE,"trace","r = 0",74.7051011533149,15.66,17.95,23.52,TRUE
"C_full_whseconstr","LTL","Warehouse_Construction","za_series","none","SBC",4,FALSE,"trace","r <= 1",1.05012646533463,6.5,8.18,11.65,FALSE
"C_full_whseconstr","LTL","Warehouse_Construction","za_series","none","SBC",4,FALSE,"eigen","r = 0",73.6549746879803,12.91,14.9,19.19,TRUE
"C_full_whseconstr","LTL","Warehouse_Construction","za_series","none","SBC",4,FALSE,"eigen","r <= 1",1.05012646533463,6.5,8.18,11.65,FALSE
"C_full_whseconstr","LTL","Warehouse_Construction","za_series","const","AIC",6,FALSE,"trace","r = 0",68.2534105284381,17.85,19.96,24.6,TRUE
"C_full_whseconstr","LTL","Warehouse_Construction","za_series","const","AIC",6,FALSE,"trace","r <= 1",7.43474784087377,7.52,9.24,12.97,FALSE
"C_full_whseconstr","LTL","Warehouse_Construction","za_series","const","AIC",6,FALSE,"eigen","r = 0",60.8186626875644,13.75,15.67,20.2,TRUE
"C_full_whseconstr","LTL","Warehouse_Construction","za_series","const","AIC",6,FALSE,"eigen","r <= 1",7.43474784087377,7.52,9.24,12.97,FALSE
"C_full_whseconstr","LTL","Warehouse_Construction","za_series","const","SBC",4,FALSE,"trace","r = 0",83.963666490557,17.85,19.96,24.6,TRUE
"C_full_whseconstr","LTL","Warehouse_Construction","za_series","const","SBC",4,FALSE,"trace","r <= 1",7.81960098986985,7.52,9.24,12.97,FALSE
"C_full_whseconstr","LTL","Warehouse_Construction","za_series","const","SBC",4,FALSE,"eigen","r = 0",76.1440655006871,13.75,15.67,20.2,TRUE
"C_full_whseconstr","LTL","Warehouse_Construction","za_series","const","SBC",4,FALSE,"eigen","r <= 1",7.81960098986985,7.52,9.24,12.97,FALSE
"C_full_whseconstr","LTL","Warehouse_Construction","za_series","trend","AIC",6,FALSE,"trace","r = 0",88.2974422954046,22.76,25.32,30.45,TRUE
"C_full_whseconstr","LTL","Warehouse_Construction","za_series","trend","AIC",6,FALSE,"trace","r <= 1",21.2897352175351,10.49,12.25,16.26,TRUE
"C_full_whseconstr","LTL","Warehouse_Construction","za_series","trend","AIC",6,FALSE,"eigen","r = 0",67.0077070778695,16.85,18.96,23.65,TRUE
"C_full_whseconstr","LTL","Warehouse_Construction","za_series","trend","AIC",6,FALSE,"eigen","r <= 1",21.2897352175351,10.49,12.25,16.26,TRUE
"C_full_whseconstr","LTL","Warehouse_Construction","za_series","trend","SBC",4,FALSE,"trace","r = 0",98.0994269995921,22.76,25.32,30.45,TRUE
"C_full_whseconstr","LTL","Warehouse_Construction","za_series","trend","SBC",4,FALSE,"trace","r <= 1",22.2889554712643,10.49,12.25,16.26,TRUE
"C_full_whseconstr","LTL","Warehouse_Construction","za_series","trend","SBC",4,FALSE,"eigen","r = 0",75.8104715283278,16.85,18.96,23.65,TRUE
"C_full_whseconstr","LTL","Warehouse_Construction","za_series","trend","SBC",4,FALSE,"eigen","r <= 1",22.2889554712643,10.49,12.25,16.26,TRUE
"C_full_whseconstr","Truckload","Warehouse_Construction","none","none","AIC",10,TRUE,"trace","r = 0",13.0675748105703,15.66,17.95,23.52,FALSE
"C_full_whseconstr","Truckload","Warehouse_Construction","none","none","AIC",10,TRUE,"trace","r <= 1",0.0621641378861204,6.5,8.18,11.65,FALSE
"C_full_whseconstr","Truckload","Warehouse_Construction","none","none","AIC",10,TRUE,"eigen","r = 0",13.0054106726842,12.91,14.9,19.19,FALSE
"C_full_whseconstr","Truckload","Warehouse_Construction","none","none","AIC",10,TRUE,"eigen","r <= 1",0.0621641378861204,6.5,8.18,11.65,FALSE
"C_full_whseconstr","Truckload","Warehouse_Construction","none","none","SBC",4,TRUE,"trace","r = 0",29.6810514685571,15.66,17.95,23.52,TRUE
"C_full_whseconstr","Truckload","Warehouse_Construction","none","none","SBC",4,TRUE,"trace","r <= 1",0.472724892431432,6.5,8.18,11.65,FALSE
"C_full_whseconstr","Truckload","Warehouse_Construction","none","none","SBC",4,TRUE,"eigen","r = 0",29.2083265761257,12.91,14.9,19.19,TRUE
"C_full_whseconstr","Truckload","Warehouse_Construction","none","none","SBC",4,TRUE,"eigen","r <= 1",0.472724892431432,6.5,8.18,11.65,FALSE
"C_full_whseconstr","Truckload","Warehouse_Construction","none","const","AIC",10,TRUE,"trace","r = 0",20.1432384632848,17.85,19.96,24.6,TRUE
"C_full_whseconstr","Truckload","Warehouse_Construction","none","const","AIC",10,TRUE,"trace","r <= 1",4.26676904198601,7.52,9.24,12.97,FALSE
"C_full_whseconstr","Truckload","Warehouse_Construction","none","const","AIC",10,TRUE,"eigen","r = 0",15.8764694212988,13.75,15.67,20.2,TRUE
"C_full_whseconstr","Truckload","Warehouse_Construction","none","const","AIC",10,TRUE,"eigen","r <= 1",4.26676904198601,7.52,9.24,12.97,FALSE
"C_full_whseconstr","Truckload","Warehouse_Construction","none","const","SBC",4,TRUE,"trace","r = 0",34.2446533319872,17.85,19.96,24.6,TRUE
"C_full_whseconstr","Truckload","Warehouse_Construction","none","const","SBC",4,TRUE,"trace","r <= 1",2.52290050258903,7.52,9.24,12.97,FALSE
"C_full_whseconstr","Truckload","Warehouse_Construction","none","const","SBC",4,TRUE,"eigen","r = 0",31.7217528293981,13.75,15.67,20.2,TRUE
"C_full_whseconstr","Truckload","Warehouse_Construction","none","const","SBC",4,TRUE,"eigen","r <= 1",2.52290050258903,7.52,9.24,12.97,FALSE
"C_full_whseconstr","Truckload","Warehouse_Construction","none","trend","AIC",10,TRUE,"trace","r = 0",17.3497462463459,22.76,25.32,30.45,FALSE
"C_full_whseconstr","Truckload","Warehouse_Construction","none","trend","AIC",10,TRUE,"trace","r <= 1",4.18505023929312,10.49,12.25,16.26,FALSE
"C_full_whseconstr","Truckload","Warehouse_Construction","none","trend","AIC",10,TRUE,"eigen","r = 0",13.1646960070528,16.85,18.96,23.65,FALSE
"C_full_whseconstr","Truckload","Warehouse_Construction","none","trend","AIC",10,TRUE,"eigen","r <= 1",4.18505023929312,10.49,12.25,16.26,FALSE
"C_full_whseconstr","Truckload","Warehouse_Construction","none","trend","SBC",4,TRUE,"trace","r = 0",39.0847482952824,22.76,25.32,30.45,TRUE
"C_full_whseconstr","Truckload","Warehouse_Construction","none","trend","SBC",4,TRUE,"trace","r <= 1",8.2030351058128,10.49,12.25,16.26,FALSE
"C_full_whseconstr","Truckload","Warehouse_Construction","none","trend","SBC",4,TRUE,"eigen","r = 0",30.8817131894696,16.85,18.96,23.65,TRUE
"C_full_whseconstr","Truckload","Warehouse_Construction","none","trend","SBC",4,TRUE,"eigen","r <= 1",8.2030351058128,10.49,12.25,16.26,FALSE
"C_full_whseconstr","Truckload","Warehouse_Construction","orig","none","AIC",10,FALSE,"trace","r = 0",14.9663135330068,15.66,17.95,23.52,FALSE
"C_full_whseconstr","Truckload","Warehouse_Construction","orig","none","AIC",10,FALSE,"trace","r <= 1",1.40130017044192,6.5,8.18,11.65,FALSE
"C_full_whseconstr","Truckload","Warehouse_Construction","orig","none","AIC",10,FALSE,"eigen","r = 0",13.5650133625649,12.91,14.9,19.19,FALSE
"C_full_whseconstr","Truckload","Warehouse_Construction","orig","none","AIC",10,FALSE,"eigen","r <= 1",1.40130017044192,6.5,8.18,11.65,FALSE
"C_full_whseconstr","Truckload","Warehouse_Construction","orig","none","SBC",4,FALSE,"trace","r = 0",34.0444983989733,15.66,17.95,23.52,TRUE
"C_full_whseconstr","Truckload","Warehouse_Construction","orig","none","SBC",4,FALSE,"trace","r <= 1",4.63186994397205,6.5,8.18,11.65,FALSE
"C_full_whseconstr","Truckload","Warehouse_Construction","orig","none","SBC",4,FALSE,"eigen","r = 0",29.4126284550012,12.91,14.9,19.19,TRUE
"C_full_whseconstr","Truckload","Warehouse_Construction","orig","none","SBC",4,FALSE,"eigen","r <= 1",4.63186994397205,6.5,8.18,11.65,FALSE
"C_full_whseconstr","Truckload","Warehouse_Construction","orig","const","AIC",10,FALSE,"trace","r = 0",20.4052157450203,17.85,19.96,24.6,TRUE
"C_full_whseconstr","Truckload","Warehouse_Construction","orig","const","AIC",10,FALSE,"trace","r <= 1",4.61758121390078,7.52,9.24,12.97,FALSE
"C_full_whseconstr","Truckload","Warehouse_Construction","orig","const","AIC",10,FALSE,"eigen","r = 0",15.7876345311196,13.75,15.67,20.2,TRUE
"C_full_whseconstr","Truckload","Warehouse_Construction","orig","const","AIC",10,FALSE,"eigen","r <= 1",4.61758121390078,7.52,9.24,12.97,FALSE
"C_full_whseconstr","Truckload","Warehouse_Construction","orig","const","SBC",4,FALSE,"trace","r = 0",37.5218508657554,17.85,19.96,24.6,TRUE
"C_full_whseconstr","Truckload","Warehouse_Construction","orig","const","SBC",4,FALSE,"trace","r <= 1",6.5812190649111,7.52,9.24,12.97,FALSE
"C_full_whseconstr","Truckload","Warehouse_Construction","orig","const","SBC",4,FALSE,"eigen","r = 0",30.9406318008443,13.75,15.67,20.2,TRUE
"C_full_whseconstr","Truckload","Warehouse_Construction","orig","const","SBC",4,FALSE,"eigen","r <= 1",6.5812190649111,7.52,9.24,12.97,FALSE
"C_full_whseconstr","Truckload","Warehouse_Construction","orig","trend","AIC",10,FALSE,"trace","r = 0",17.2888490178949,22.76,25.32,30.45,FALSE
"C_full_whseconstr","Truckload","Warehouse_Construction","orig","trend","AIC",10,FALSE,"trace","r <= 1",2.896315622442,10.49,12.25,16.26,FALSE
"C_full_whseconstr","Truckload","Warehouse_Construction","orig","trend","AIC",10,FALSE,"eigen","r = 0",14.3925333954529,16.85,18.96,23.65,FALSE
"C_full_whseconstr","Truckload","Warehouse_Construction","orig","trend","AIC",10,FALSE,"eigen","r <= 1",2.896315622442,10.49,12.25,16.26,FALSE
"C_full_whseconstr","Truckload","Warehouse_Construction","orig","trend","SBC",4,FALSE,"trace","r = 0",39.2730261075379,22.76,25.32,30.45,TRUE
"C_full_whseconstr","Truckload","Warehouse_Construction","orig","trend","SBC",4,FALSE,"trace","r <= 1",7.23572163003675,10.49,12.25,16.26,FALSE
"C_full_whseconstr","Truckload","Warehouse_Construction","orig","trend","SBC",4,FALSE,"eigen","r = 0",32.0373044775011,16.85,18.96,23.65,TRUE
"C_full_whseconstr","Truckload","Warehouse_Construction","orig","trend","SBC",4,FALSE,"eigen","r <= 1",7.23572163003675,10.49,12.25,16.26,FALSE
"C_full_whseconstr","Truckload","Warehouse_Construction","za_step","none","AIC",9,FALSE,"trace","r = 0",19.5071375601448,15.66,17.95,23.52,TRUE
"C_full_whseconstr","Truckload","Warehouse_Construction","za_step","none","AIC",9,FALSE,"trace","r <= 1",6.20071427207263,6.5,8.18,11.65,FALSE
"C_full_whseconstr","Truckload","Warehouse_Construction","za_step","none","AIC",9,FALSE,"eigen","r = 0",13.3064232880722,12.91,14.9,19.19,FALSE
"C_full_whseconstr","Truckload","Warehouse_Construction","za_step","none","AIC",9,FALSE,"eigen","r <= 1",6.20071427207263,6.5,8.18,11.65,FALSE
"C_full_whseconstr","Truckload","Warehouse_Construction","za_step","none","SBC",4,FALSE,"trace","r = 0",31.8873064314995,15.66,17.95,23.52,TRUE
"C_full_whseconstr","Truckload","Warehouse_Construction","za_step","none","SBC",4,FALSE,"trace","r <= 1",5.20798269210772,6.5,8.18,11.65,FALSE
"C_full_whseconstr","Truckload","Warehouse_Construction","za_step","none","SBC",4,FALSE,"eigen","r = 0",26.6793237393918,12.91,14.9,19.19,TRUE
"C_full_whseconstr","Truckload","Warehouse_Construction","za_step","none","SBC",4,FALSE,"eigen","r <= 1",5.20798269210772,6.5,8.18,11.65,FALSE
"C_full_whseconstr","Truckload","Warehouse_Construction","za_step","const","AIC",9,FALSE,"trace","r = 0",24.7812584807668,17.85,19.96,24.6,TRUE
"C_full_whseconstr","Truckload","Warehouse_Construction","za_step","const","AIC",9,FALSE,"trace","r <= 1",11.4112178966233,7.52,9.24,12.97,TRUE
"C_full_whseconstr","Truckload","Warehouse_Construction","za_step","const","AIC",9,FALSE,"eigen","r = 0",13.3700405841436,13.75,15.67,20.2,FALSE
"C_full_whseconstr","Truckload","Warehouse_Construction","za_step","const","AIC",9,FALSE,"eigen","r <= 1",11.4112178966233,7.52,9.24,12.97,TRUE
"C_full_whseconstr","Truckload","Warehouse_Construction","za_step","const","SBC",4,FALSE,"trace","r = 0",35.5180782380671,17.85,19.96,24.6,TRUE
"C_full_whseconstr","Truckload","Warehouse_Construction","za_step","const","SBC",4,FALSE,"trace","r <= 1",7.82522627812364,7.52,9.24,12.97,FALSE
"C_full_whseconstr","Truckload","Warehouse_Construction","za_step","const","SBC",4,FALSE,"eigen","r = 0",27.6928519599435,13.75,15.67,20.2,TRUE
"C_full_whseconstr","Truckload","Warehouse_Construction","za_step","const","SBC",4,FALSE,"eigen","r <= 1",7.82522627812364,7.52,9.24,12.97,FALSE
"C_full_whseconstr","Truckload","Warehouse_Construction","za_step","trend","AIC",9,FALSE,"trace","r = 0",57.3323223278966,22.76,25.32,30.45,TRUE
"C_full_whseconstr","Truckload","Warehouse_Construction","za_step","trend","AIC",9,FALSE,"trace","r <= 1",13.1697015558528,10.49,12.25,16.26,TRUE
"C_full_whseconstr","Truckload","Warehouse_Construction","za_step","trend","AIC",9,FALSE,"eigen","r = 0",44.1626207720438,16.85,18.96,23.65,TRUE
"C_full_whseconstr","Truckload","Warehouse_Construction","za_step","trend","AIC",9,FALSE,"eigen","r <= 1",13.1697015558528,10.49,12.25,16.26,TRUE
"C_full_whseconstr","Truckload","Warehouse_Construction","za_step","trend","SBC",4,FALSE,"trace","r = 0",75.4251790486524,22.76,25.32,30.45,TRUE
"C_full_whseconstr","Truckload","Warehouse_Construction","za_step","trend","SBC",4,FALSE,"trace","r <= 1",22.137188459882,10.49,12.25,16.26,TRUE
"C_full_whseconstr","Truckload","Warehouse_Construction","za_step","trend","SBC",4,FALSE,"eigen","r = 0",53.2879905887704,16.85,18.96,23.65,TRUE
"C_full_whseconstr","Truckload","Warehouse_Construction","za_step","trend","SBC",4,FALSE,"eigen","r <= 1",22.137188459882,10.49,12.25,16.26,TRUE
"C_full_whseconstr","Truckload","Warehouse_Construction","za_window","none","AIC",10,FALSE,"trace","r = 0",16.850131448347,15.66,17.95,23.52,FALSE
"C_full_whseconstr","Truckload","Warehouse_Construction","za_window","none","AIC",10,FALSE,"trace","r <= 1",4.52992300669558,6.5,8.18,11.65,FALSE
"C_full_whseconstr","Truckload","Warehouse_Construction","za_window","none","AIC",10,FALSE,"eigen","r = 0",12.3202084416514,12.91,14.9,19.19,FALSE
"C_full_whseconstr","Truckload","Warehouse_Construction","za_window","none","AIC",10,FALSE,"eigen","r <= 1",4.52992300669558,6.5,8.18,11.65,FALSE
"C_full_whseconstr","Truckload","Warehouse_Construction","za_window","none","SBC",4,FALSE,"trace","r = 0",35.4477827093859,15.66,17.95,23.52,TRUE
"C_full_whseconstr","Truckload","Warehouse_Construction","za_window","none","SBC",4,FALSE,"trace","r <= 1",8.91195242420289,6.5,8.18,11.65,TRUE
"C_full_whseconstr","Truckload","Warehouse_Construction","za_window","none","SBC",4,FALSE,"eigen","r = 0",26.535830285183,12.91,14.9,19.19,TRUE
"C_full_whseconstr","Truckload","Warehouse_Construction","za_window","none","SBC",4,FALSE,"eigen","r <= 1",8.91195242420289,6.5,8.18,11.65,TRUE
"C_full_whseconstr","Truckload","Warehouse_Construction","za_window","const","AIC",10,FALSE,"trace","r = 0",33.3542658126298,17.85,19.96,24.6,TRUE
"C_full_whseconstr","Truckload","Warehouse_Construction","za_window","const","AIC",10,FALSE,"trace","r <= 1",11.8532455855172,7.52,9.24,12.97,TRUE
"C_full_whseconstr","Truckload","Warehouse_Construction","za_window","const","AIC",10,FALSE,"eigen","r = 0",21.5010202271126,13.75,15.67,20.2,TRUE
"C_full_whseconstr","Truckload","Warehouse_Construction","za_window","const","AIC",10,FALSE,"eigen","r <= 1",11.8532455855173,7.52,9.24,12.97,TRUE
"C_full_whseconstr","Truckload","Warehouse_Construction","za_window","const","SBC",4,FALSE,"trace","r = 0",44.2275133209495,17.85,19.96,24.6,TRUE
"C_full_whseconstr","Truckload","Warehouse_Construction","za_window","const","SBC",4,FALSE,"trace","r <= 1",16.5207940762351,7.52,9.24,12.97,TRUE
"C_full_whseconstr","Truckload","Warehouse_Construction","za_window","const","SBC",4,FALSE,"eigen","r = 0",27.7067192447145,13.75,15.67,20.2,TRUE
"C_full_whseconstr","Truckload","Warehouse_Construction","za_window","const","SBC",4,FALSE,"eigen","r <= 1",16.520794076235,7.52,9.24,12.97,TRUE
"C_full_whseconstr","Truckload","Warehouse_Construction","za_window","trend","AIC",10,FALSE,"trace","r = 0",20.7075038835902,22.76,25.32,30.45,FALSE
"C_full_whseconstr","Truckload","Warehouse_Construction","za_window","trend","AIC",10,FALSE,"trace","r <= 1",8.36261330780231,10.49,12.25,16.26,FALSE
"C_full_whseconstr","Truckload","Warehouse_Construction","za_window","trend","AIC",10,FALSE,"eigen","r = 0",12.3448905757879,16.85,18.96,23.65,FALSE
"C_full_whseconstr","Truckload","Warehouse_Construction","za_window","trend","AIC",10,FALSE,"eigen","r <= 1",8.36261330780231,10.49,12.25,16.26,FALSE
"C_full_whseconstr","Truckload","Warehouse_Construction","za_window","trend","SBC",4,FALSE,"trace","r = 0",43.0701777670056,22.76,25.32,30.45,TRUE
"C_full_whseconstr","Truckload","Warehouse_Construction","za_window","trend","SBC",4,FALSE,"trace","r <= 1",16.1924886995415,10.49,12.25,16.26,TRUE
"C_full_whseconstr","Truckload","Warehouse_Construction","za_window","trend","SBC",4,FALSE,"eigen","r = 0",26.8776890674642,16.85,18.96,23.65,TRUE
"C_full_whseconstr","Truckload","Warehouse_Construction","za_window","trend","SBC",4,FALSE,"eigen","r <= 1",16.1924886995415,10.49,12.25,16.26,TRUE
"C_full_whseconstr","Truckload","Warehouse_Construction","za_series","none","AIC",9,FALSE,"trace","r = 0",19.4335138544503,15.66,17.95,23.52,TRUE
"C_full_whseconstr","Truckload","Warehouse_Construction","za_series","none","AIC",9,FALSE,"trace","r <= 1",5.90548171935005,6.5,8.18,11.65,FALSE
"C_full_whseconstr","Truckload","Warehouse_Construction","za_series","none","AIC",9,FALSE,"eigen","r = 0",13.5280321351002,12.91,14.9,19.19,FALSE
"C_full_whseconstr","Truckload","Warehouse_Construction","za_series","none","AIC",9,FALSE,"eigen","r <= 1",5.90548171935005,6.5,8.18,11.65,FALSE
"C_full_whseconstr","Truckload","Warehouse_Construction","za_series","none","SBC",4,FALSE,"trace","r = 0",31.4306772424133,15.66,17.95,23.52,TRUE
"C_full_whseconstr","Truckload","Warehouse_Construction","za_series","none","SBC",4,FALSE,"trace","r <= 1",4.48529837177647,6.5,8.18,11.65,FALSE
"C_full_whseconstr","Truckload","Warehouse_Construction","za_series","none","SBC",4,FALSE,"eigen","r = 0",26.9453788706368,12.91,14.9,19.19,TRUE
"C_full_whseconstr","Truckload","Warehouse_Construction","za_series","none","SBC",4,FALSE,"eigen","r <= 1",4.48529837177647,6.5,8.18,11.65,FALSE
"C_full_whseconstr","Truckload","Warehouse_Construction","za_series","const","AIC",9,FALSE,"trace","r = 0",24.6832218308613,17.85,19.96,24.6,TRUE
"C_full_whseconstr","Truckload","Warehouse_Construction","za_series","const","AIC",9,FALSE,"trace","r <= 1",11.154341592031,7.52,9.24,12.97,TRUE
"C_full_whseconstr","Truckload","Warehouse_Construction","za_series","const","AIC",9,FALSE,"eigen","r = 0",13.5288802388303,13.75,15.67,20.2,FALSE
"C_full_whseconstr","Truckload","Warehouse_Construction","za_series","const","AIC",9,FALSE,"eigen","r <= 1",11.154341592031,7.52,9.24,12.97,TRUE
"C_full_whseconstr","Truckload","Warehouse_Construction","za_series","const","SBC",4,FALSE,"trace","r = 0",35.1468263278103,17.85,19.96,24.6,TRUE
"C_full_whseconstr","Truckload","Warehouse_Construction","za_series","const","SBC",4,FALSE,"trace","r <= 1",7.21540794107535,7.52,9.24,12.97,FALSE
"C_full_whseconstr","Truckload","Warehouse_Construction","za_series","const","SBC",4,FALSE,"eigen","r = 0",27.9314183867349,13.75,15.67,20.2,TRUE
"C_full_whseconstr","Truckload","Warehouse_Construction","za_series","const","SBC",4,FALSE,"eigen","r <= 1",7.21540794107535,7.52,9.24,12.97,FALSE
"C_full_whseconstr","Truckload","Warehouse_Construction","za_series","trend","AIC",9,FALSE,"trace","r = 0",75.9176150590735,22.76,25.32,30.45,TRUE
"C_full_whseconstr","Truckload","Warehouse_Construction","za_series","trend","AIC",9,FALSE,"trace","r <= 1",13.5280229263808,10.49,12.25,16.26,TRUE
"C_full_whseconstr","Truckload","Warehouse_Construction","za_series","trend","AIC",9,FALSE,"eigen","r = 0",62.3895921326926,16.85,18.96,23.65,TRUE
"C_full_whseconstr","Truckload","Warehouse_Construction","za_series","trend","AIC",9,FALSE,"eigen","r <= 1",13.5280229263808,10.49,12.25,16.26,TRUE
"C_full_whseconstr","Truckload","Warehouse_Construction","za_series","trend","SBC",4,FALSE,"trace","r = 0",93.9374700330127,22.76,25.32,30.45,TRUE
"C_full_whseconstr","Truckload","Warehouse_Construction","za_series","trend","SBC",4,FALSE,"trace","r <= 1",21.2118171756876,10.49,12.25,16.26,TRUE
"C_full_whseconstr","Truckload","Warehouse_Construction","za_series","trend","SBC",4,FALSE,"eigen","r = 0",72.7256528573252,16.85,18.96,23.65,TRUE
"C_full_whseconstr","Truckload","Warehouse_Construction","za_series","trend","SBC",4,FALSE,"eigen","r <= 1",21.2118171756876,10.49,12.25,16.26,TRUE
"C_full_whseconstr","Local","Warehouse_Construction","none","none","AIC",10,TRUE,"trace","r = 0",8.05026318555501,15.66,17.95,23.52,FALSE
"C_full_whseconstr","Local","Warehouse_Construction","none","none","AIC",10,TRUE,"trace","r <= 1",0.0224581362949947,6.5,8.18,11.65,FALSE
"C_full_whseconstr","Local","Warehouse_Construction","none","none","AIC",10,TRUE,"eigen","r = 0",8.02780504926002,12.91,14.9,19.19,FALSE
"C_full_whseconstr","Local","Warehouse_Construction","none","none","AIC",10,TRUE,"eigen","r <= 1",0.0224581362949947,6.5,8.18,11.65,FALSE
"C_full_whseconstr","Local","Warehouse_Construction","none","none","SBC",4,TRUE,"trace","r = 0",20.5031579846048,15.66,17.95,23.52,TRUE
"C_full_whseconstr","Local","Warehouse_Construction","none","none","SBC",4,TRUE,"trace","r <= 1",0.226294814885839,6.5,8.18,11.65,FALSE
"C_full_whseconstr","Local","Warehouse_Construction","none","none","SBC",4,TRUE,"eigen","r = 0",20.276863169719,12.91,14.9,19.19,TRUE
"C_full_whseconstr","Local","Warehouse_Construction","none","none","SBC",4,TRUE,"eigen","r <= 1",0.226294814885839,6.5,8.18,11.65,FALSE
"C_full_whseconstr","Local","Warehouse_Construction","none","const","AIC",10,TRUE,"trace","r = 0",11.6217846425586,17.85,19.96,24.6,FALSE
"C_full_whseconstr","Local","Warehouse_Construction","none","const","AIC",10,TRUE,"trace","r <= 1",3.37899231840763,7.52,9.24,12.97,FALSE
"C_full_whseconstr","Local","Warehouse_Construction","none","const","AIC",10,TRUE,"eigen","r = 0",8.24279232415097,13.75,15.67,20.2,FALSE
"C_full_whseconstr","Local","Warehouse_Construction","none","const","AIC",10,TRUE,"eigen","r <= 1",3.37899231840763,7.52,9.24,12.97,FALSE
"C_full_whseconstr","Local","Warehouse_Construction","none","const","SBC",4,TRUE,"trace","r = 0",24.8090388572397,17.85,19.96,24.6,TRUE
"C_full_whseconstr","Local","Warehouse_Construction","none","const","SBC",4,TRUE,"trace","r <= 1",3.69338225577334,7.52,9.24,12.97,FALSE
"C_full_whseconstr","Local","Warehouse_Construction","none","const","SBC",4,TRUE,"eigen","r = 0",21.1156566014664,13.75,15.67,20.2,TRUE
"C_full_whseconstr","Local","Warehouse_Construction","none","const","SBC",4,TRUE,"eigen","r <= 1",3.69338225577334,7.52,9.24,12.97,FALSE
"C_full_whseconstr","Local","Warehouse_Construction","none","trend","AIC",10,TRUE,"trace","r = 0",12.9843011812647,22.76,25.32,30.45,FALSE
"C_full_whseconstr","Local","Warehouse_Construction","none","trend","AIC",10,TRUE,"trace","r <= 1",4.81038167556896,10.49,12.25,16.26,FALSE
"C_full_whseconstr","Local","Warehouse_Construction","none","trend","AIC",10,TRUE,"eigen","r = 0",8.17391950569573,16.85,18.96,23.65,FALSE
"C_full_whseconstr","Local","Warehouse_Construction","none","trend","AIC",10,TRUE,"eigen","r <= 1",4.81038167556896,10.49,12.25,16.26,FALSE
"C_full_whseconstr","Local","Warehouse_Construction","none","trend","SBC",4,TRUE,"trace","r = 0",25.5502956225296,22.76,25.32,30.45,TRUE
"C_full_whseconstr","Local","Warehouse_Construction","none","trend","SBC",4,TRUE,"trace","r <= 1",4.68430404060421,10.49,12.25,16.26,FALSE
"C_full_whseconstr","Local","Warehouse_Construction","none","trend","SBC",4,TRUE,"eigen","r = 0",20.8659915819254,16.85,18.96,23.65,TRUE
"C_full_whseconstr","Local","Warehouse_Construction","none","trend","SBC",4,TRUE,"eigen","r <= 1",4.68430404060421,10.49,12.25,16.26,FALSE
"C_full_whseconstr","Local","Warehouse_Construction","orig","none","AIC",10,FALSE,"trace","r = 0",11.0563417629927,15.66,17.95,23.52,FALSE
"C_full_whseconstr","Local","Warehouse_Construction","orig","none","AIC",10,FALSE,"trace","r <= 1",1.25191817339285,6.5,8.18,11.65,FALSE
"C_full_whseconstr","Local","Warehouse_Construction","orig","none","AIC",10,FALSE,"eigen","r = 0",9.80442358959985,12.91,14.9,19.19,FALSE
"C_full_whseconstr","Local","Warehouse_Construction","orig","none","AIC",10,FALSE,"eigen","r <= 1",1.25191817339285,6.5,8.18,11.65,FALSE
"C_full_whseconstr","Local","Warehouse_Construction","orig","none","SBC",4,FALSE,"trace","r = 0",24.4331313173433,15.66,17.95,23.52,TRUE
"C_full_whseconstr","Local","Warehouse_Construction","orig","none","SBC",4,FALSE,"trace","r <= 1",3.12882782860803,6.5,8.18,11.65,FALSE
"C_full_whseconstr","Local","Warehouse_Construction","orig","none","SBC",4,FALSE,"eigen","r = 0",21.3043034887353,12.91,14.9,19.19,TRUE
"C_full_whseconstr","Local","Warehouse_Construction","orig","none","SBC",4,FALSE,"eigen","r <= 1",3.12882782860803,6.5,8.18,11.65,FALSE
"C_full_whseconstr","Local","Warehouse_Construction","orig","const","AIC",10,FALSE,"trace","r = 0",14.1873723009758,17.85,19.96,24.6,FALSE
"C_full_whseconstr","Local","Warehouse_Construction","orig","const","AIC",10,FALSE,"trace","r <= 1",4.37332944883943,7.52,9.24,12.97,FALSE
"C_full_whseconstr","Local","Warehouse_Construction","orig","const","AIC",10,FALSE,"eigen","r = 0",9.81404285213638,13.75,15.67,20.2,FALSE
"C_full_whseconstr","Local","Warehouse_Construction","orig","const","AIC",10,FALSE,"eigen","r <= 1",4.37332944883943,7.52,9.24,12.97,FALSE
"C_full_whseconstr","Local","Warehouse_Construction","orig","const","SBC",4,FALSE,"trace","r = 0",27.74731247969,17.85,19.96,24.6,TRUE
"C_full_whseconstr","Local","Warehouse_Construction","orig","const","SBC",4,FALSE,"trace","r <= 1",6.09923242475293,7.52,9.24,12.97,FALSE
"C_full_whseconstr","Local","Warehouse_Construction","orig","const","SBC",4,FALSE,"eigen","r = 0",21.6480800549371,13.75,15.67,20.2,TRUE
"C_full_whseconstr","Local","Warehouse_Construction","orig","const","SBC",4,FALSE,"eigen","r <= 1",6.09923242475293,7.52,9.24,12.97,FALSE
"C_full_whseconstr","Local","Warehouse_Construction","orig","trend","AIC",10,FALSE,"trace","r = 0",12.3768611773801,22.76,25.32,30.45,FALSE
"C_full_whseconstr","Local","Warehouse_Construction","orig","trend","AIC",10,FALSE,"trace","r <= 1",2.46927438285785,10.49,12.25,16.26,FALSE
"C_full_whseconstr","Local","Warehouse_Construction","orig","trend","AIC",10,FALSE,"eigen","r = 0",9.90758679452221,16.85,18.96,23.65,FALSE
"C_full_whseconstr","Local","Warehouse_Construction","orig","trend","AIC",10,FALSE,"eigen","r <= 1",2.46927438285785,10.49,12.25,16.26,FALSE
"C_full_whseconstr","Local","Warehouse_Construction","orig","trend","SBC",4,FALSE,"trace","r = 0",25.5757981041454,22.76,25.32,30.45,TRUE
"C_full_whseconstr","Local","Warehouse_Construction","orig","trend","SBC",4,FALSE,"trace","r <= 1",4.26346682912232,10.49,12.25,16.26,FALSE
"C_full_whseconstr","Local","Warehouse_Construction","orig","trend","SBC",4,FALSE,"eigen","r = 0",21.3123312750231,16.85,18.96,23.65,TRUE
"C_full_whseconstr","Local","Warehouse_Construction","orig","trend","SBC",4,FALSE,"eigen","r <= 1",4.26346682912232,10.49,12.25,16.26,FALSE
"C_full_whseconstr","Local","Warehouse_Construction","za_step","none","AIC",10,FALSE,"trace","r = 0",13.58849611691,15.66,17.95,23.52,FALSE
"C_full_whseconstr","Local","Warehouse_Construction","za_step","none","AIC",10,FALSE,"trace","r <= 1",1.41917597345563,6.5,8.18,11.65,FALSE
"C_full_whseconstr","Local","Warehouse_Construction","za_step","none","AIC",10,FALSE,"eigen","r = 0",12.1693201434544,12.91,14.9,19.19,FALSE
"C_full_whseconstr","Local","Warehouse_Construction","za_step","none","AIC",10,FALSE,"eigen","r <= 1",1.41917597345563,6.5,8.18,11.65,FALSE
"C_full_whseconstr","Local","Warehouse_Construction","za_step","none","SBC",4,FALSE,"trace","r = 0",28.9799749704071,15.66,17.95,23.52,TRUE
"C_full_whseconstr","Local","Warehouse_Construction","za_step","none","SBC",4,FALSE,"trace","r <= 1",2.1382430646876,6.5,8.18,11.65,FALSE
"C_full_whseconstr","Local","Warehouse_Construction","za_step","none","SBC",4,FALSE,"eigen","r = 0",26.8417319057195,12.91,14.9,19.19,TRUE
"C_full_whseconstr","Local","Warehouse_Construction","za_step","none","SBC",4,FALSE,"eigen","r <= 1",2.1382430646876,6.5,8.18,11.65,FALSE
"C_full_whseconstr","Local","Warehouse_Construction","za_step","const","AIC",10,FALSE,"trace","r = 0",17.0002432195413,17.85,19.96,24.6,FALSE
"C_full_whseconstr","Local","Warehouse_Construction","za_step","const","AIC",10,FALSE,"trace","r <= 1",3.90880414821702,7.52,9.24,12.97,FALSE
"C_full_whseconstr","Local","Warehouse_Construction","za_step","const","AIC",10,FALSE,"eigen","r = 0",13.0914390713243,13.75,15.67,20.2,FALSE
"C_full_whseconstr","Local","Warehouse_Construction","za_step","const","AIC",10,FALSE,"eigen","r <= 1",3.90880414821702,7.52,9.24,12.97,FALSE
"C_full_whseconstr","Local","Warehouse_Construction","za_step","const","SBC",4,FALSE,"trace","r = 0",32.9965239493995,17.85,19.96,24.6,TRUE
"C_full_whseconstr","Local","Warehouse_Construction","za_step","const","SBC",4,FALSE,"trace","r <= 1",5.07312961954981,7.52,9.24,12.97,FALSE
"C_full_whseconstr","Local","Warehouse_Construction","za_step","const","SBC",4,FALSE,"eigen","r = 0",27.9233943298497,13.75,15.67,20.2,TRUE
"C_full_whseconstr","Local","Warehouse_Construction","za_step","const","SBC",4,FALSE,"eigen","r <= 1",5.07312961954981,7.52,9.24,12.97,FALSE
"C_full_whseconstr","Local","Warehouse_Construction","za_step","trend","AIC",10,FALSE,"trace","r = 0",48.82626121332,22.76,25.32,30.45,TRUE
"C_full_whseconstr","Local","Warehouse_Construction","za_step","trend","AIC",10,FALSE,"trace","r <= 1",6.92337193352131,10.49,12.25,16.26,FALSE
"C_full_whseconstr","Local","Warehouse_Construction","za_step","trend","AIC",10,FALSE,"eigen","r = 0",41.9028892797987,16.85,18.96,23.65,TRUE
"C_full_whseconstr","Local","Warehouse_Construction","za_step","trend","AIC",10,FALSE,"eigen","r <= 1",6.92337193352131,10.49,12.25,16.26,FALSE
"C_full_whseconstr","Local","Warehouse_Construction","za_step","trend","SBC",4,FALSE,"trace","r = 0",62.770699048884,22.76,25.32,30.45,TRUE
"C_full_whseconstr","Local","Warehouse_Construction","za_step","trend","SBC",4,FALSE,"trace","r <= 1",11.895210778136,10.49,12.25,16.26,FALSE
"C_full_whseconstr","Local","Warehouse_Construction","za_step","trend","SBC",4,FALSE,"eigen","r = 0",50.875488270748,16.85,18.96,23.65,TRUE
"C_full_whseconstr","Local","Warehouse_Construction","za_step","trend","SBC",4,FALSE,"eigen","r <= 1",11.895210778136,10.49,12.25,16.26,FALSE
"C_full_whseconstr","Local","Warehouse_Construction","za_window","none","AIC",11,FALSE,"trace","r = 0",11.0730494844887,15.66,17.95,23.52,FALSE
"C_full_whseconstr","Local","Warehouse_Construction","za_window","none","AIC",11,FALSE,"trace","r <= 1",4.15268247824522,6.5,8.18,11.65,FALSE
"C_full_whseconstr","Local","Warehouse_Construction","za_window","none","AIC",11,FALSE,"eigen","r = 0",6.92036700624352,12.91,14.9,19.19,FALSE
"C_full_whseconstr","Local","Warehouse_Construction","za_window","none","AIC",11,FALSE,"eigen","r <= 1",4.15268247824522,6.5,8.18,11.65,FALSE
"C_full_whseconstr","Local","Warehouse_Construction","za_window","none","SBC",4,FALSE,"trace","r = 0",22.6117706769338,15.66,17.95,23.52,TRUE
"C_full_whseconstr","Local","Warehouse_Construction","za_window","none","SBC",4,FALSE,"trace","r <= 1",6.10179520884168,6.5,8.18,11.65,FALSE
"C_full_whseconstr","Local","Warehouse_Construction","za_window","none","SBC",4,FALSE,"eigen","r = 0",16.5099754680921,12.91,14.9,19.19,TRUE
"C_full_whseconstr","Local","Warehouse_Construction","za_window","none","SBC",4,FALSE,"eigen","r <= 1",6.10179520884168,6.5,8.18,11.65,FALSE
"C_full_whseconstr","Local","Warehouse_Construction","za_window","const","AIC",11,FALSE,"trace","r = 0",23.5740755172483,17.85,19.96,24.6,TRUE
"C_full_whseconstr","Local","Warehouse_Construction","za_window","const","AIC",11,FALSE,"trace","r <= 1",6.22082677564568,7.52,9.24,12.97,FALSE
"C_full_whseconstr","Local","Warehouse_Construction","za_window","const","AIC",11,FALSE,"eigen","r = 0",17.3532487416026,13.75,15.67,20.2,TRUE
"C_full_whseconstr","Local","Warehouse_Construction","za_window","const","AIC",11,FALSE,"eigen","r <= 1",6.22082677564568,7.52,9.24,12.97,FALSE
"C_full_whseconstr","Local","Warehouse_Construction","za_window","const","SBC",4,FALSE,"trace","r = 0",30.9745242463809,17.85,19.96,24.6,TRUE
"C_full_whseconstr","Local","Warehouse_Construction","za_window","const","SBC",4,FALSE,"trace","r <= 1",10.3628118884298,7.52,9.24,12.97,TRUE
"C_full_whseconstr","Local","Warehouse_Construction","za_window","const","SBC",4,FALSE,"eigen","r = 0",20.6117123579511,13.75,15.67,20.2,TRUE
"C_full_whseconstr","Local","Warehouse_Construction","za_window","const","SBC",4,FALSE,"eigen","r <= 1",10.3628118884298,7.52,9.24,12.97,TRUE
"C_full_whseconstr","Local","Warehouse_Construction","za_window","trend","AIC",11,FALSE,"trace","r = 0",13.4186850973269,22.76,25.32,30.45,FALSE
"C_full_whseconstr","Local","Warehouse_Construction","za_window","trend","AIC",11,FALSE,"trace","r <= 1",4.4829635461748,10.49,12.25,16.26,FALSE
"C_full_whseconstr","Local","Warehouse_Construction","za_window","trend","AIC",11,FALSE,"eigen","r = 0",8.93572155115206,16.85,18.96,23.65,FALSE
"C_full_whseconstr","Local","Warehouse_Construction","za_window","trend","AIC",11,FALSE,"eigen","r <= 1",4.4829635461748,10.49,12.25,16.26,FALSE
"C_full_whseconstr","Local","Warehouse_Construction","za_window","trend","SBC",4,FALSE,"trace","r = 0",28.3105871336325,22.76,25.32,30.45,TRUE
"C_full_whseconstr","Local","Warehouse_Construction","za_window","trend","SBC",4,FALSE,"trace","r <= 1",11.5550901994278,10.49,12.25,16.26,FALSE
"C_full_whseconstr","Local","Warehouse_Construction","za_window","trend","SBC",4,FALSE,"eigen","r = 0",16.7554969342047,16.85,18.96,23.65,FALSE
"C_full_whseconstr","Local","Warehouse_Construction","za_window","trend","SBC",4,FALSE,"eigen","r <= 1",11.5550901994278,10.49,12.25,16.26,FALSE
"C_full_whseconstr","Local","Warehouse_Construction","za_series","none","AIC",6,FALSE,"trace","r = 0",48.4874426773249,15.66,17.95,23.52,TRUE
"C_full_whseconstr","Local","Warehouse_Construction","za_series","none","AIC",6,FALSE,"trace","r <= 1",9.02192564436101,6.5,8.18,11.65,TRUE
"C_full_whseconstr","Local","Warehouse_Construction","za_series","none","AIC",6,FALSE,"eigen","r = 0",39.4655170329639,12.91,14.9,19.19,TRUE
"C_full_whseconstr","Local","Warehouse_Construction","za_series","none","AIC",6,FALSE,"eigen","r <= 1",9.02192564436101,6.5,8.18,11.65,TRUE
"C_full_whseconstr","Local","Warehouse_Construction","za_series","none","SBC",4,FALSE,"trace","r = 0",60.8618550722083,15.66,17.95,23.52,TRUE
"C_full_whseconstr","Local","Warehouse_Construction","za_series","none","SBC",4,FALSE,"trace","r <= 1",5.45891442851341,6.5,8.18,11.65,FALSE
"C_full_whseconstr","Local","Warehouse_Construction","za_series","none","SBC",4,FALSE,"eigen","r = 0",55.4029406436949,12.91,14.9,19.19,TRUE
"C_full_whseconstr","Local","Warehouse_Construction","za_series","none","SBC",4,FALSE,"eigen","r <= 1",5.45891442851341,6.5,8.18,11.65,FALSE
"C_full_whseconstr","Local","Warehouse_Construction","za_series","const","AIC",6,FALSE,"trace","r = 0",50.2607847665346,17.85,19.96,24.6,TRUE
"C_full_whseconstr","Local","Warehouse_Construction","za_series","const","AIC",6,FALSE,"trace","r <= 1",9.76034105339842,7.52,9.24,12.97,TRUE
"C_full_whseconstr","Local","Warehouse_Construction","za_series","const","AIC",6,FALSE,"eigen","r = 0",40.5004437131361,13.75,15.67,20.2,TRUE
"C_full_whseconstr","Local","Warehouse_Construction","za_series","const","AIC",6,FALSE,"eigen","r <= 1",9.76034105339842,7.52,9.24,12.97,TRUE
"C_full_whseconstr","Local","Warehouse_Construction","za_series","const","SBC",4,FALSE,"trace","r = 0",63.0858230968815,17.85,19.96,24.6,TRUE
"C_full_whseconstr","Local","Warehouse_Construction","za_series","const","SBC",4,FALSE,"trace","r <= 1",6.0958069205109,7.52,9.24,12.97,FALSE
"C_full_whseconstr","Local","Warehouse_Construction","za_series","const","SBC",4,FALSE,"eigen","r = 0",56.9900161763706,13.75,15.67,20.2,TRUE
"C_full_whseconstr","Local","Warehouse_Construction","za_series","const","SBC",4,FALSE,"eigen","r <= 1",6.0958069205109,7.52,9.24,12.97,FALSE
"C_full_whseconstr","Local","Warehouse_Construction","za_series","trend","AIC",6,FALSE,"trace","r = 0",85.272845609789,22.76,25.32,30.45,TRUE
"C_full_whseconstr","Local","Warehouse_Construction","za_series","trend","AIC",6,FALSE,"trace","r <= 1",27.3662543520396,10.49,12.25,16.26,TRUE
"C_full_whseconstr","Local","Warehouse_Construction","za_series","trend","AIC",6,FALSE,"eigen","r = 0",57.9065912577494,16.85,18.96,23.65,TRUE
"C_full_whseconstr","Local","Warehouse_Construction","za_series","trend","AIC",6,FALSE,"eigen","r <= 1",27.3662543520396,10.49,12.25,16.26,TRUE
"C_full_whseconstr","Local","Warehouse_Construction","za_series","trend","SBC",4,FALSE,"trace","r = 0",91.1800077775107,22.76,25.32,30.45,TRUE
"C_full_whseconstr","Local","Warehouse_Construction","za_series","trend","SBC",4,FALSE,"trace","r <= 1",18.667411741401,10.49,12.25,16.26,TRUE
"C_full_whseconstr","Local","Warehouse_Construction","za_series","trend","SBC",4,FALSE,"eigen","r = 0",72.5125960361097,16.85,18.96,23.65,TRUE
"C_full_whseconstr","Local","Warehouse_Construction","za_series","trend","SBC",4,FALSE,"eigen","r <= 1",18.667411741401,10.49,12.25,16.26,TRUE
"C_full_whseconstr","Airfreight","Warehouse_Construction","none","none","AIC",7,TRUE,"trace","r = 0",4.86690537746123,15.66,17.95,23.52,FALSE
"C_full_whseconstr","Airfreight","Warehouse_Construction","none","none","AIC",7,TRUE,"trace","r <= 1",0.00162978829983235,6.5,8.18,11.65,FALSE
"C_full_whseconstr","Airfreight","Warehouse_Construction","none","none","AIC",7,TRUE,"eigen","r = 0",4.8652755891614,12.91,14.9,19.19,FALSE
"C_full_whseconstr","Airfreight","Warehouse_Construction","none","none","AIC",7,TRUE,"eigen","r <= 1",0.00162978829983235,6.5,8.18,11.65,FALSE
"C_full_whseconstr","Airfreight","Warehouse_Construction","none","none","SBC",4,TRUE,"trace","r = 0",5.39527671806688,15.66,17.95,23.52,FALSE
"C_full_whseconstr","Airfreight","Warehouse_Construction","none","none","SBC",4,TRUE,"trace","r <= 1",0.320392010753789,6.5,8.18,11.65,FALSE
"C_full_whseconstr","Airfreight","Warehouse_Construction","none","none","SBC",4,TRUE,"eigen","r = 0",5.07488470731309,12.91,14.9,19.19,FALSE
"C_full_whseconstr","Airfreight","Warehouse_Construction","none","none","SBC",4,TRUE,"eigen","r <= 1",0.320392010753789,6.5,8.18,11.65,FALSE
"C_full_whseconstr","Airfreight","Warehouse_Construction","none","const","AIC",7,TRUE,"trace","r = 0",7.87301918782311,17.85,19.96,24.6,FALSE
"C_full_whseconstr","Airfreight","Warehouse_Construction","none","const","AIC",7,TRUE,"trace","r <= 1",2.12558714020116,7.52,9.24,12.97,FALSE
"C_full_whseconstr","Airfreight","Warehouse_Construction","none","const","AIC",7,TRUE,"eigen","r = 0",5.74743204762195,13.75,15.67,20.2,FALSE
"C_full_whseconstr","Airfreight","Warehouse_Construction","none","const","AIC",7,TRUE,"eigen","r <= 1",2.12558714020116,7.52,9.24,12.97,FALSE
"C_full_whseconstr","Airfreight","Warehouse_Construction","none","const","SBC",4,TRUE,"trace","r = 0",9.87197924403957,17.85,19.96,24.6,FALSE
"C_full_whseconstr","Airfreight","Warehouse_Construction","none","const","SBC",4,TRUE,"trace","r <= 1",4.0474204967196,7.52,9.24,12.97,FALSE
"C_full_whseconstr","Airfreight","Warehouse_Construction","none","const","SBC",4,TRUE,"eigen","r = 0",5.82455874731997,13.75,15.67,20.2,FALSE
"C_full_whseconstr","Airfreight","Warehouse_Construction","none","const","SBC",4,TRUE,"eigen","r <= 1",4.0474204967196,7.52,9.24,12.97,FALSE
"C_full_whseconstr","Airfreight","Warehouse_Construction","none","trend","AIC",7,TRUE,"trace","r = 0",16.809457930679,22.76,25.32,30.45,FALSE
"C_full_whseconstr","Airfreight","Warehouse_Construction","none","trend","AIC",7,TRUE,"trace","r <= 1",4.37646864290591,10.49,12.25,16.26,FALSE
"C_full_whseconstr","Airfreight","Warehouse_Construction","none","trend","AIC",7,TRUE,"eigen","r = 0",12.4329892877731,16.85,18.96,23.65,FALSE
"C_full_whseconstr","Airfreight","Warehouse_Construction","none","trend","AIC",7,TRUE,"eigen","r <= 1",4.37646864290591,10.49,12.25,16.26,FALSE
"C_full_whseconstr","Airfreight","Warehouse_Construction","none","trend","SBC",4,TRUE,"trace","r = 0",12.3975324205141,22.76,25.32,30.45,FALSE
"C_full_whseconstr","Airfreight","Warehouse_Construction","none","trend","SBC",4,TRUE,"trace","r <= 1",3.17945245318313,10.49,12.25,16.26,FALSE
"C_full_whseconstr","Airfreight","Warehouse_Construction","none","trend","SBC",4,TRUE,"eigen","r = 0",9.21807996733097,16.85,18.96,23.65,FALSE
"C_full_whseconstr","Airfreight","Warehouse_Construction","none","trend","SBC",4,TRUE,"eigen","r <= 1",3.17945245318313,10.49,12.25,16.26,FALSE
"C_full_whseconstr","Airfreight","Warehouse_Construction","orig","none","AIC",7,FALSE,"trace","r = 0",6.59046339120951,15.66,17.95,23.52,FALSE
"C_full_whseconstr","Airfreight","Warehouse_Construction","orig","none","AIC",7,FALSE,"trace","r <= 1",0.448114591149244,6.5,8.18,11.65,FALSE
"C_full_whseconstr","Airfreight","Warehouse_Construction","orig","none","AIC",7,FALSE,"eigen","r = 0",6.14234880006026,12.91,14.9,19.19,FALSE
"C_full_whseconstr","Airfreight","Warehouse_Construction","orig","none","AIC",7,FALSE,"eigen","r <= 1",0.448114591149244,6.5,8.18,11.65,FALSE
"C_full_whseconstr","Airfreight","Warehouse_Construction","orig","none","SBC",4,FALSE,"trace","r = 0",7.49164041199881,15.66,17.95,23.52,FALSE
"C_full_whseconstr","Airfreight","Warehouse_Construction","orig","none","SBC",4,FALSE,"trace","r <= 1",1.70621653172193,6.5,8.18,11.65,FALSE
"C_full_whseconstr","Airfreight","Warehouse_Construction","orig","none","SBC",4,FALSE,"eigen","r = 0",5.78542388027688,12.91,14.9,19.19,FALSE
"C_full_whseconstr","Airfreight","Warehouse_Construction","orig","none","SBC",4,FALSE,"eigen","r <= 1",1.70621653172193,6.5,8.18,11.65,FALSE
"C_full_whseconstr","Airfreight","Warehouse_Construction","orig","const","AIC",7,FALSE,"trace","r = 0",9.52232336313126,17.85,19.96,24.6,FALSE
"C_full_whseconstr","Airfreight","Warehouse_Construction","orig","const","AIC",7,FALSE,"trace","r <= 1",1.18309306450966,7.52,9.24,12.97,FALSE
"C_full_whseconstr","Airfreight","Warehouse_Construction","orig","const","AIC",7,FALSE,"eigen","r = 0",8.3392302986216,13.75,15.67,20.2,FALSE
"C_full_whseconstr","Airfreight","Warehouse_Construction","orig","const","AIC",7,FALSE,"eigen","r <= 1",1.18309306450966,7.52,9.24,12.97,FALSE
"C_full_whseconstr","Airfreight","Warehouse_Construction","orig","const","SBC",4,FALSE,"trace","r = 0",11.0566034637152,17.85,19.96,24.6,FALSE
"C_full_whseconstr","Airfreight","Warehouse_Construction","orig","const","SBC",4,FALSE,"trace","r <= 1",2.64505730564297,7.52,9.24,12.97,FALSE
"C_full_whseconstr","Airfreight","Warehouse_Construction","orig","const","SBC",4,FALSE,"eigen","r = 0",8.41154615807222,13.75,15.67,20.2,FALSE
"C_full_whseconstr","Airfreight","Warehouse_Construction","orig","const","SBC",4,FALSE,"eigen","r <= 1",2.64505730564297,7.52,9.24,12.97,FALSE
"C_full_whseconstr","Airfreight","Warehouse_Construction","orig","trend","AIC",7,FALSE,"trace","r = 0",11.5511132397344,22.76,25.32,30.45,FALSE
"C_full_whseconstr","Airfreight","Warehouse_Construction","orig","trend","AIC",7,FALSE,"trace","r <= 1",1.44788982680042,10.49,12.25,16.26,FALSE
"C_full_whseconstr","Airfreight","Warehouse_Construction","orig","trend","AIC",7,FALSE,"eigen","r = 0",10.103223412934,16.85,18.96,23.65,FALSE
"C_full_whseconstr","Airfreight","Warehouse_Construction","orig","trend","AIC",7,FALSE,"eigen","r <= 1",1.44788982680042,10.49,12.25,16.26,FALSE
"C_full_whseconstr","Airfreight","Warehouse_Construction","orig","trend","SBC",4,FALSE,"trace","r = 0",10.7415586811305,22.76,25.32,30.45,FALSE
"C_full_whseconstr","Airfreight","Warehouse_Construction","orig","trend","SBC",4,FALSE,"trace","r <= 1",1.70766862907525,10.49,12.25,16.26,FALSE
"C_full_whseconstr","Airfreight","Warehouse_Construction","orig","trend","SBC",4,FALSE,"eigen","r = 0",9.03389005205524,16.85,18.96,23.65,FALSE
"C_full_whseconstr","Airfreight","Warehouse_Construction","orig","trend","SBC",4,FALSE,"eigen","r <= 1",1.70766862907525,10.49,12.25,16.26,FALSE
"C_full_whseconstr","Airfreight","Warehouse_Construction","za_step","none","AIC",7,FALSE,"trace","r = 0",10.9820961694232,15.66,17.95,23.52,FALSE
"C_full_whseconstr","Airfreight","Warehouse_Construction","za_step","none","AIC",7,FALSE,"trace","r <= 1",4.45072777434486,6.5,8.18,11.65,FALSE
"C_full_whseconstr","Airfreight","Warehouse_Construction","za_step","none","AIC",7,FALSE,"eigen","r = 0",6.5313683950783,12.91,14.9,19.19,FALSE
"C_full_whseconstr","Airfreight","Warehouse_Construction","za_step","none","AIC",7,FALSE,"eigen","r <= 1",4.45072777434486,6.5,8.18,11.65,FALSE
"C_full_whseconstr","Airfreight","Warehouse_Construction","za_step","none","SBC",4,FALSE,"trace","r = 0",14.8829245046855,15.66,17.95,23.52,FALSE
"C_full_whseconstr","Airfreight","Warehouse_Construction","za_step","none","SBC",4,FALSE,"trace","r <= 1",4.62595376015514,6.5,8.18,11.65,FALSE
"C_full_whseconstr","Airfreight","Warehouse_Construction","za_step","none","SBC",4,FALSE,"eigen","r = 0",10.2569707445304,12.91,14.9,19.19,FALSE
"C_full_whseconstr","Airfreight","Warehouse_Construction","za_step","none","SBC",4,FALSE,"eigen","r <= 1",4.62595376015514,6.5,8.18,11.65,FALSE
"C_full_whseconstr","Airfreight","Warehouse_Construction","za_step","const","AIC",7,FALSE,"trace","r = 0",14.3186007394732,17.85,19.96,24.6,FALSE
"C_full_whseconstr","Airfreight","Warehouse_Construction","za_step","const","AIC",7,FALSE,"trace","r <= 1",4.49202645628136,7.52,9.24,12.97,FALSE
"C_full_whseconstr","Airfreight","Warehouse_Construction","za_step","const","AIC",7,FALSE,"eigen","r = 0",9.82657428319183,13.75,15.67,20.2,FALSE
"C_full_whseconstr","Airfreight","Warehouse_Construction","za_step","const","AIC",7,FALSE,"eigen","r <= 1",4.49202645628136,7.52,9.24,12.97,FALSE
"C_full_whseconstr","Airfreight","Warehouse_Construction","za_step","const","SBC",4,FALSE,"trace","r = 0",19.1988094327835,17.85,19.96,24.6,FALSE
"C_full_whseconstr","Airfreight","Warehouse_Construction","za_step","const","SBC",4,FALSE,"trace","r <= 1",5.53234731692288,7.52,9.24,12.97,FALSE
"C_full_whseconstr","Airfreight","Warehouse_Construction","za_step","const","SBC",4,FALSE,"eigen","r = 0",13.6664621158607,13.75,15.67,20.2,FALSE
"C_full_whseconstr","Airfreight","Warehouse_Construction","za_step","const","SBC",4,FALSE,"eigen","r <= 1",5.53234731692283,7.52,9.24,12.97,FALSE
"C_full_whseconstr","Airfreight","Warehouse_Construction","za_step","trend","AIC",7,FALSE,"trace","r = 0",53.1522066220995,22.76,25.32,30.45,TRUE
"C_full_whseconstr","Airfreight","Warehouse_Construction","za_step","trend","AIC",7,FALSE,"trace","r <= 1",4.51874275870739,10.49,12.25,16.26,FALSE
"C_full_whseconstr","Airfreight","Warehouse_Construction","za_step","trend","AIC",7,FALSE,"eigen","r = 0",48.6334638633921,16.85,18.96,23.65,TRUE
"C_full_whseconstr","Airfreight","Warehouse_Construction","za_step","trend","AIC",7,FALSE,"eigen","r <= 1",4.51874275870739,10.49,12.25,16.26,FALSE
"C_full_whseconstr","Airfreight","Warehouse_Construction","za_step","trend","SBC",4,FALSE,"trace","r = 0",46.2958226028204,22.76,25.32,30.45,TRUE
"C_full_whseconstr","Airfreight","Warehouse_Construction","za_step","trend","SBC",4,FALSE,"trace","r <= 1",5.60886216132646,10.49,12.25,16.26,FALSE
"C_full_whseconstr","Airfreight","Warehouse_Construction","za_step","trend","SBC",4,FALSE,"eigen","r = 0",40.6869604414939,16.85,18.96,23.65,TRUE
"C_full_whseconstr","Airfreight","Warehouse_Construction","za_step","trend","SBC",4,FALSE,"eigen","r <= 1",5.60886216132646,10.49,12.25,16.26,FALSE
"C_full_whseconstr","Airfreight","Warehouse_Construction","za_window","none","AIC",6,FALSE,"trace","r = 0",10.4935088804041,15.66,17.95,23.52,FALSE
"C_full_whseconstr","Airfreight","Warehouse_Construction","za_window","none","AIC",6,FALSE,"trace","r <= 1",1.37963582746827,6.5,8.18,11.65,FALSE
"C_full_whseconstr","Airfreight","Warehouse_Construction","za_window","none","AIC",6,FALSE,"eigen","r = 0",9.1138730529358,12.91,14.9,19.19,FALSE
"C_full_whseconstr","Airfreight","Warehouse_Construction","za_window","none","AIC",6,FALSE,"eigen","r <= 1",1.37963582746827,6.5,8.18,11.65,FALSE
"C_full_whseconstr","Airfreight","Warehouse_Construction","za_window","none","SBC",4,FALSE,"trace","r = 0",11.4610951871314,15.66,17.95,23.52,FALSE
"C_full_whseconstr","Airfreight","Warehouse_Construction","za_window","none","SBC",4,FALSE,"trace","r <= 1",3.11697303631754,6.5,8.18,11.65,FALSE
"C_full_whseconstr","Airfreight","Warehouse_Construction","za_window","none","SBC",4,FALSE,"eigen","r = 0",8.34412215081385,12.91,14.9,19.19,FALSE
"C_full_whseconstr","Airfreight","Warehouse_Construction","za_window","none","SBC",4,FALSE,"eigen","r <= 1",3.11697303631754,6.5,8.18,11.65,FALSE
"C_full_whseconstr","Airfreight","Warehouse_Construction","za_window","const","AIC",6,FALSE,"trace","r = 0",20.8606176106546,17.85,19.96,24.6,TRUE
"C_full_whseconstr","Airfreight","Warehouse_Construction","za_window","const","AIC",6,FALSE,"trace","r <= 1",2.44185266253853,7.52,9.24,12.97,FALSE
"C_full_whseconstr","Airfreight","Warehouse_Construction","za_window","const","AIC",6,FALSE,"eigen","r = 0",18.4187649481161,13.75,15.67,20.2,TRUE
"C_full_whseconstr","Airfreight","Warehouse_Construction","za_window","const","AIC",6,FALSE,"eigen","r <= 1",2.44185266253853,7.52,9.24,12.97,FALSE
"C_full_whseconstr","Airfreight","Warehouse_Construction","za_window","const","SBC",4,FALSE,"trace","r = 0",19.5944305339354,17.85,19.96,24.6,FALSE
"C_full_whseconstr","Airfreight","Warehouse_Construction","za_window","const","SBC",4,FALSE,"trace","r <= 1",3.40488462198009,7.52,9.24,12.97,FALSE
"C_full_whseconstr","Airfreight","Warehouse_Construction","za_window","const","SBC",4,FALSE,"eigen","r = 0",16.1895459119553,13.75,15.67,20.2,TRUE
"C_full_whseconstr","Airfreight","Warehouse_Construction","za_window","const","SBC",4,FALSE,"eigen","r <= 1",3.40488462198007,7.52,9.24,12.97,FALSE
"C_full_whseconstr","Airfreight","Warehouse_Construction","za_window","trend","AIC",6,FALSE,"trace","r = 0",18.019067839891,22.76,25.32,30.45,FALSE
"C_full_whseconstr","Airfreight","Warehouse_Construction","za_window","trend","AIC",6,FALSE,"trace","r <= 1",2.25147034777574,10.49,12.25,16.26,FALSE
"C_full_whseconstr","Airfreight","Warehouse_Construction","za_window","trend","AIC",6,FALSE,"eigen","r = 0",15.7675974921152,16.85,18.96,23.65,FALSE
"C_full_whseconstr","Airfreight","Warehouse_Construction","za_window","trend","AIC",6,FALSE,"eigen","r <= 1",2.25147034777574,10.49,12.25,16.26,FALSE
"C_full_whseconstr","Airfreight","Warehouse_Construction","za_window","trend","SBC",4,FALSE,"trace","r = 0",19.05202555127,22.76,25.32,30.45,FALSE
"C_full_whseconstr","Airfreight","Warehouse_Construction","za_window","trend","SBC",4,FALSE,"trace","r <= 1",3.15459612666652,10.49,12.25,16.26,FALSE
"C_full_whseconstr","Airfreight","Warehouse_Construction","za_window","trend","SBC",4,FALSE,"eigen","r = 0",15.8974294246035,16.85,18.96,23.65,FALSE
"C_full_whseconstr","Airfreight","Warehouse_Construction","za_window","trend","SBC",4,FALSE,"eigen","r <= 1",3.15459612666652,10.49,12.25,16.26,FALSE
"C_full_whseconstr","Airfreight","Warehouse_Construction","za_series","none","AIC",7,FALSE,"trace","r = 0",19.7702859809211,15.66,17.95,23.52,TRUE
"C_full_whseconstr","Airfreight","Warehouse_Construction","za_series","none","AIC",7,FALSE,"trace","r <= 1",3.00236857356091,6.5,8.18,11.65,FALSE
"C_full_whseconstr","Airfreight","Warehouse_Construction","za_series","none","AIC",7,FALSE,"eigen","r = 0",16.7679174073601,12.91,14.9,19.19,TRUE
"C_full_whseconstr","Airfreight","Warehouse_Construction","za_series","none","AIC",7,FALSE,"eigen","r <= 1",3.00236857356091,6.5,8.18,11.65,FALSE
"C_full_whseconstr","Airfreight","Warehouse_Construction","za_series","none","SBC",4,FALSE,"trace","r = 0",23.8624669337348,15.66,17.95,23.52,TRUE
"C_full_whseconstr","Airfreight","Warehouse_Construction","za_series","none","SBC",4,FALSE,"trace","r <= 1",8.45937939468098,6.5,8.18,11.65,TRUE
"C_full_whseconstr","Airfreight","Warehouse_Construction","za_series","none","SBC",4,FALSE,"eigen","r = 0",15.4030875390539,12.91,14.9,19.19,TRUE
"C_full_whseconstr","Airfreight","Warehouse_Construction","za_series","none","SBC",4,FALSE,"eigen","r <= 1",8.45937939468098,6.5,8.18,11.65,TRUE
"C_full_whseconstr","Airfreight","Warehouse_Construction","za_series","const","AIC",7,FALSE,"trace","r = 0",22.1345992174695,17.85,19.96,24.6,TRUE
"C_full_whseconstr","Airfreight","Warehouse_Construction","za_series","const","AIC",7,FALSE,"trace","r <= 1",3.04350449188796,7.52,9.24,12.97,FALSE
"C_full_whseconstr","Airfreight","Warehouse_Construction","za_series","const","AIC",7,FALSE,"eigen","r = 0",19.0910947255815,13.75,15.67,20.2,TRUE
"C_full_whseconstr","Airfreight","Warehouse_Construction","za_series","const","AIC",7,FALSE,"eigen","r <= 1",3.04350449188796,7.52,9.24,12.97,FALSE
"C_full_whseconstr","Airfreight","Warehouse_Construction","za_series","const","SBC",4,FALSE,"trace","r = 0",26.7483136034821,17.85,19.96,24.6,TRUE
"C_full_whseconstr","Airfreight","Warehouse_Construction","za_series","const","SBC",4,FALSE,"trace","r <= 1",9.62415606074594,7.52,9.24,12.97,TRUE
"C_full_whseconstr","Airfreight","Warehouse_Construction","za_series","const","SBC",4,FALSE,"eigen","r = 0",17.1241575427361,13.75,15.67,20.2,TRUE
"C_full_whseconstr","Airfreight","Warehouse_Construction","za_series","const","SBC",4,FALSE,"eigen","r <= 1",9.62415606074594,7.52,9.24,12.97,TRUE
"C_full_whseconstr","Airfreight","Warehouse_Construction","za_series","trend","AIC",7,FALSE,"trace","r = 0",73.2194318208594,22.76,25.32,30.45,TRUE
"C_full_whseconstr","Airfreight","Warehouse_Construction","za_series","trend","AIC",7,FALSE,"trace","r <= 1",11.4791902071903,10.49,12.25,16.26,FALSE
"C_full_whseconstr","Airfreight","Warehouse_Construction","za_series","trend","AIC",7,FALSE,"eigen","r = 0",61.7402416136691,16.85,18.96,23.65,TRUE
"C_full_whseconstr","Airfreight","Warehouse_Construction","za_series","trend","AIC",7,FALSE,"eigen","r <= 1",11.4791902071903,10.49,12.25,16.26,FALSE
"C_full_whseconstr","Airfreight","Warehouse_Construction","za_series","trend","SBC",4,FALSE,"trace","r = 0",73.4957195603631,22.76,25.32,30.45,TRUE
"C_full_whseconstr","Airfreight","Warehouse_Construction","za_series","trend","SBC",4,FALSE,"trace","r <= 1",14.8857477453086,10.49,12.25,16.26,TRUE
"C_full_whseconstr","Airfreight","Warehouse_Construction","za_series","trend","SBC",4,FALSE,"eigen","r = 0",58.6099718150545,16.85,18.96,23.65,TRUE
"C_full_whseconstr","Airfreight","Warehouse_Construction","za_series","trend","SBC",4,FALSE,"eigen","r <= 1",14.8857477453086,10.49,12.25,16.26,TRUE
"D_deflated_censusIC","LTL","Total_Inventories","none","none","AIC",2,TRUE,"trace","r = 0",15.0141177991142,15.66,17.95,23.52,FALSE
"D_deflated_censusIC","LTL","Total_Inventories","none","none","AIC",2,TRUE,"trace","r <= 1",0.357147782998327,6.5,8.18,11.65,FALSE
"D_deflated_censusIC","LTL","Total_Inventories","none","none","AIC",2,TRUE,"eigen","r = 0",14.6569700161159,12.91,14.9,19.19,FALSE
"D_deflated_censusIC","LTL","Total_Inventories","none","none","AIC",2,TRUE,"eigen","r <= 1",0.357147782998327,6.5,8.18,11.65,FALSE
"D_deflated_censusIC","LTL","Total_Inventories","none","none","SBC",2,TRUE,"trace","r = 0",15.0141177991142,15.66,17.95,23.52,FALSE
"D_deflated_censusIC","LTL","Total_Inventories","none","none","SBC",2,TRUE,"trace","r <= 1",0.357147782998327,6.5,8.18,11.65,FALSE
"D_deflated_censusIC","LTL","Total_Inventories","none","none","SBC",2,TRUE,"eigen","r = 0",14.6569700161159,12.91,14.9,19.19,FALSE
"D_deflated_censusIC","LTL","Total_Inventories","none","none","SBC",2,TRUE,"eigen","r <= 1",0.357147782998327,6.5,8.18,11.65,FALSE
"D_deflated_censusIC","LTL","Total_Inventories","none","const","AIC",2,TRUE,"trace","r = 0",17.4283299194291,17.85,19.96,24.6,FALSE
"D_deflated_censusIC","LTL","Total_Inventories","none","const","AIC",2,TRUE,"trace","r <= 1",1.3862972446261,7.52,9.24,12.97,FALSE
"D_deflated_censusIC","LTL","Total_Inventories","none","const","AIC",2,TRUE,"eigen","r = 0",16.042032674803,13.75,15.67,20.2,TRUE
"D_deflated_censusIC","LTL","Total_Inventories","none","const","AIC",2,TRUE,"eigen","r <= 1",1.3862972446261,7.52,9.24,12.97,FALSE
"D_deflated_censusIC","LTL","Total_Inventories","none","const","SBC",2,TRUE,"trace","r = 0",17.4283299194291,17.85,19.96,24.6,FALSE
"D_deflated_censusIC","LTL","Total_Inventories","none","const","SBC",2,TRUE,"trace","r <= 1",1.3862972446261,7.52,9.24,12.97,FALSE
"D_deflated_censusIC","LTL","Total_Inventories","none","const","SBC",2,TRUE,"eigen","r = 0",16.042032674803,13.75,15.67,20.2,TRUE
"D_deflated_censusIC","LTL","Total_Inventories","none","const","SBC",2,TRUE,"eigen","r <= 1",1.3862972446261,7.52,9.24,12.97,FALSE
"D_deflated_censusIC","LTL","Total_Inventories","none","trend","AIC",2,TRUE,"trace","r = 0",36.2916354781905,22.76,25.32,30.45,TRUE
"D_deflated_censusIC","LTL","Total_Inventories","none","trend","AIC",2,TRUE,"trace","r <= 1",6.79506143042905,10.49,12.25,16.26,FALSE
"D_deflated_censusIC","LTL","Total_Inventories","none","trend","AIC",2,TRUE,"eigen","r = 0",29.4965740477615,16.85,18.96,23.65,TRUE
"D_deflated_censusIC","LTL","Total_Inventories","none","trend","AIC",2,TRUE,"eigen","r <= 1",6.79506143042905,10.49,12.25,16.26,FALSE
"D_deflated_censusIC","LTL","Total_Inventories","none","trend","SBC",2,TRUE,"trace","r = 0",36.2916354781905,22.76,25.32,30.45,TRUE
"D_deflated_censusIC","LTL","Total_Inventories","none","trend","SBC",2,TRUE,"trace","r <= 1",6.79506143042905,10.49,12.25,16.26,FALSE
"D_deflated_censusIC","LTL","Total_Inventories","none","trend","SBC",2,TRUE,"eigen","r = 0",29.4965740477615,16.85,18.96,23.65,TRUE
"D_deflated_censusIC","LTL","Total_Inventories","none","trend","SBC",2,TRUE,"eigen","r <= 1",6.79506143042905,10.49,12.25,16.26,FALSE
"D_deflated_censusIC","LTL","Total_Inventories","orig","none","AIC",2,FALSE,"trace","r = 0",19.3632268009837,15.66,17.95,23.52,TRUE
"D_deflated_censusIC","LTL","Total_Inventories","orig","none","AIC",2,FALSE,"trace","r <= 1",0.31415570226805,6.5,8.18,11.65,FALSE
"D_deflated_censusIC","LTL","Total_Inventories","orig","none","AIC",2,FALSE,"eigen","r = 0",19.0490710987156,12.91,14.9,19.19,TRUE
"D_deflated_censusIC","LTL","Total_Inventories","orig","none","AIC",2,FALSE,"eigen","r <= 1",0.31415570226805,6.5,8.18,11.65,FALSE
"D_deflated_censusIC","LTL","Total_Inventories","orig","none","SBC",2,FALSE,"trace","r = 0",19.3632268009837,15.66,17.95,23.52,TRUE
"D_deflated_censusIC","LTL","Total_Inventories","orig","none","SBC",2,FALSE,"trace","r <= 1",0.31415570226805,6.5,8.18,11.65,FALSE
"D_deflated_censusIC","LTL","Total_Inventories","orig","none","SBC",2,FALSE,"eigen","r = 0",19.0490710987156,12.91,14.9,19.19,TRUE
"D_deflated_censusIC","LTL","Total_Inventories","orig","none","SBC",2,FALSE,"eigen","r <= 1",0.31415570226805,6.5,8.18,11.65,FALSE
"D_deflated_censusIC","LTL","Total_Inventories","orig","const","AIC",2,FALSE,"trace","r = 0",23.4460932580248,17.85,19.96,24.6,TRUE
"D_deflated_censusIC","LTL","Total_Inventories","orig","const","AIC",2,FALSE,"trace","r <= 1",4.01237990622079,7.52,9.24,12.97,FALSE
"D_deflated_censusIC","LTL","Total_Inventories","orig","const","AIC",2,FALSE,"eigen","r = 0",19.433713351804,13.75,15.67,20.2,TRUE
"D_deflated_censusIC","LTL","Total_Inventories","orig","const","AIC",2,FALSE,"eigen","r <= 1",4.01237990622079,7.52,9.24,12.97,FALSE
"D_deflated_censusIC","LTL","Total_Inventories","orig","const","SBC",2,FALSE,"trace","r = 0",23.4460932580248,17.85,19.96,24.6,TRUE
"D_deflated_censusIC","LTL","Total_Inventories","orig","const","SBC",2,FALSE,"trace","r <= 1",4.01237990622079,7.52,9.24,12.97,FALSE
"D_deflated_censusIC","LTL","Total_Inventories","orig","const","SBC",2,FALSE,"eigen","r = 0",19.433713351804,13.75,15.67,20.2,TRUE
"D_deflated_censusIC","LTL","Total_Inventories","orig","const","SBC",2,FALSE,"eigen","r <= 1",4.01237990622079,7.52,9.24,12.97,FALSE
"D_deflated_censusIC","LTL","Total_Inventories","orig","trend","AIC",2,FALSE,"trace","r = 0",44.5536701923188,22.76,25.32,30.45,TRUE
"D_deflated_censusIC","LTL","Total_Inventories","orig","trend","AIC",2,FALSE,"trace","r <= 1",8.88110029856973,10.49,12.25,16.26,FALSE
"D_deflated_censusIC","LTL","Total_Inventories","orig","trend","AIC",2,FALSE,"eigen","r = 0",35.6725698937491,16.85,18.96,23.65,TRUE
"D_deflated_censusIC","LTL","Total_Inventories","orig","trend","AIC",2,FALSE,"eigen","r <= 1",8.88110029856973,10.49,12.25,16.26,FALSE
"D_deflated_censusIC","LTL","Total_Inventories","orig","trend","SBC",2,FALSE,"trace","r = 0",44.5536701923188,22.76,25.32,30.45,TRUE
"D_deflated_censusIC","LTL","Total_Inventories","orig","trend","SBC",2,FALSE,"trace","r <= 1",8.88110029856973,10.49,12.25,16.26,FALSE
"D_deflated_censusIC","LTL","Total_Inventories","orig","trend","SBC",2,FALSE,"eigen","r = 0",35.6725698937491,16.85,18.96,23.65,TRUE
"D_deflated_censusIC","LTL","Total_Inventories","orig","trend","SBC",2,FALSE,"eigen","r <= 1",8.88110029856973,10.49,12.25,16.26,FALSE
"D_deflated_censusIC","LTL","Total_Inventories","za_step","none","AIC",2,FALSE,"trace","r = 0",17.5805868836785,15.66,17.95,23.52,FALSE
"D_deflated_censusIC","LTL","Total_Inventories","za_step","none","AIC",2,FALSE,"trace","r <= 1",2.6341100908084,6.5,8.18,11.65,FALSE
"D_deflated_censusIC","LTL","Total_Inventories","za_step","none","AIC",2,FALSE,"eigen","r = 0",14.9464767928701,12.91,14.9,19.19,TRUE
"D_deflated_censusIC","LTL","Total_Inventories","za_step","none","AIC",2,FALSE,"eigen","r <= 1",2.6341100908084,6.5,8.18,11.65,FALSE
"D_deflated_censusIC","LTL","Total_Inventories","za_step","none","SBC",2,FALSE,"trace","r = 0",17.5805868836785,15.66,17.95,23.52,FALSE
"D_deflated_censusIC","LTL","Total_Inventories","za_step","none","SBC",2,FALSE,"trace","r <= 1",2.6341100908084,6.5,8.18,11.65,FALSE
"D_deflated_censusIC","LTL","Total_Inventories","za_step","none","SBC",2,FALSE,"eigen","r = 0",14.9464767928701,12.91,14.9,19.19,TRUE
"D_deflated_censusIC","LTL","Total_Inventories","za_step","none","SBC",2,FALSE,"eigen","r <= 1",2.6341100908084,6.5,8.18,11.65,FALSE
"D_deflated_censusIC","LTL","Total_Inventories","za_step","const","AIC",2,FALSE,"trace","r = 0",20.03756963849,17.85,19.96,24.6,TRUE
"D_deflated_censusIC","LTL","Total_Inventories","za_step","const","AIC",2,FALSE,"trace","r <= 1",3.82801277929244,7.52,9.24,12.97,FALSE
"D_deflated_censusIC","LTL","Total_Inventories","za_step","const","AIC",2,FALSE,"eigen","r = 0",16.2095568591976,13.75,15.67,20.2,TRUE
"D_deflated_censusIC","LTL","Total_Inventories","za_step","const","AIC",2,FALSE,"eigen","r <= 1",3.82801277929249,7.52,9.24,12.97,FALSE
"D_deflated_censusIC","LTL","Total_Inventories","za_step","const","SBC",2,FALSE,"trace","r = 0",20.03756963849,17.85,19.96,24.6,TRUE
"D_deflated_censusIC","LTL","Total_Inventories","za_step","const","SBC",2,FALSE,"trace","r <= 1",3.82801277929244,7.52,9.24,12.97,FALSE
"D_deflated_censusIC","LTL","Total_Inventories","za_step","const","SBC",2,FALSE,"eigen","r = 0",16.2095568591976,13.75,15.67,20.2,TRUE
"D_deflated_censusIC","LTL","Total_Inventories","za_step","const","SBC",2,FALSE,"eigen","r <= 1",3.82801277929249,7.52,9.24,12.97,FALSE
"D_deflated_censusIC","LTL","Total_Inventories","za_step","trend","AIC",2,FALSE,"trace","r = 0",37.770991682318,22.76,25.32,30.45,TRUE
"D_deflated_censusIC","LTL","Total_Inventories","za_step","trend","AIC",2,FALSE,"trace","r <= 1",7.98911284688287,10.49,12.25,16.26,FALSE
"D_deflated_censusIC","LTL","Total_Inventories","za_step","trend","AIC",2,FALSE,"eigen","r = 0",29.7818788354352,16.85,18.96,23.65,TRUE
"D_deflated_censusIC","LTL","Total_Inventories","za_step","trend","AIC",2,FALSE,"eigen","r <= 1",7.98911284688287,10.49,12.25,16.26,FALSE
"D_deflated_censusIC","LTL","Total_Inventories","za_step","trend","SBC",2,FALSE,"trace","r = 0",37.770991682318,22.76,25.32,30.45,TRUE
"D_deflated_censusIC","LTL","Total_Inventories","za_step","trend","SBC",2,FALSE,"trace","r <= 1",7.98911284688287,10.49,12.25,16.26,FALSE
"D_deflated_censusIC","LTL","Total_Inventories","za_step","trend","SBC",2,FALSE,"eigen","r = 0",29.7818788354352,16.85,18.96,23.65,TRUE
"D_deflated_censusIC","LTL","Total_Inventories","za_step","trend","SBC",2,FALSE,"eigen","r <= 1",7.98911284688287,10.49,12.25,16.26,FALSE
"D_deflated_censusIC","LTL","Total_Inventories","za_window","none","AIC",2,FALSE,"trace","r = 0",15.9015536675904,15.66,17.95,23.52,FALSE
"D_deflated_censusIC","LTL","Total_Inventories","za_window","none","AIC",2,FALSE,"trace","r <= 1",1.68137345209588,6.5,8.18,11.65,FALSE
"D_deflated_censusIC","LTL","Total_Inventories","za_window","none","AIC",2,FALSE,"eigen","r = 0",14.2201802154945,12.91,14.9,19.19,FALSE
"D_deflated_censusIC","LTL","Total_Inventories","za_window","none","AIC",2,FALSE,"eigen","r <= 1",1.68137345209588,6.5,8.18,11.65,FALSE
"D_deflated_censusIC","LTL","Total_Inventories","za_window","none","SBC",2,FALSE,"trace","r = 0",15.9015536675904,15.66,17.95,23.52,FALSE
"D_deflated_censusIC","LTL","Total_Inventories","za_window","none","SBC",2,FALSE,"trace","r <= 1",1.68137345209588,6.5,8.18,11.65,FALSE
"D_deflated_censusIC","LTL","Total_Inventories","za_window","none","SBC",2,FALSE,"eigen","r = 0",14.2201802154945,12.91,14.9,19.19,FALSE
"D_deflated_censusIC","LTL","Total_Inventories","za_window","none","SBC",2,FALSE,"eigen","r <= 1",1.68137345209588,6.5,8.18,11.65,FALSE
"D_deflated_censusIC","LTL","Total_Inventories","za_window","const","AIC",2,FALSE,"trace","r = 0",18.9868861978232,17.85,19.96,24.6,FALSE
"D_deflated_censusIC","LTL","Total_Inventories","za_window","const","AIC",2,FALSE,"trace","r <= 1",3.24776667704609,7.52,9.24,12.97,FALSE
"D_deflated_censusIC","LTL","Total_Inventories","za_window","const","AIC",2,FALSE,"eigen","r = 0",15.7391195207771,13.75,15.67,20.2,TRUE
"D_deflated_censusIC","LTL","Total_Inventories","za_window","const","AIC",2,FALSE,"eigen","r <= 1",3.24776667704609,7.52,9.24,12.97,FALSE
"D_deflated_censusIC","LTL","Total_Inventories","za_window","const","SBC",2,FALSE,"trace","r = 0",18.9868861978232,17.85,19.96,24.6,FALSE
"D_deflated_censusIC","LTL","Total_Inventories","za_window","const","SBC",2,FALSE,"trace","r <= 1",3.24776667704609,7.52,9.24,12.97,FALSE
"D_deflated_censusIC","LTL","Total_Inventories","za_window","const","SBC",2,FALSE,"eigen","r = 0",15.7391195207771,13.75,15.67,20.2,TRUE
"D_deflated_censusIC","LTL","Total_Inventories","za_window","const","SBC",2,FALSE,"eigen","r <= 1",3.24776667704609,7.52,9.24,12.97,FALSE
"D_deflated_censusIC","LTL","Total_Inventories","za_window","trend","AIC",2,FALSE,"trace","r = 0",37.6682988469625,22.76,25.32,30.45,TRUE
"D_deflated_censusIC","LTL","Total_Inventories","za_window","trend","AIC",2,FALSE,"trace","r <= 1",7.65096577089802,10.49,12.25,16.26,FALSE
"D_deflated_censusIC","LTL","Total_Inventories","za_window","trend","AIC",2,FALSE,"eigen","r = 0",30.0173330760644,16.85,18.96,23.65,TRUE
"D_deflated_censusIC","LTL","Total_Inventories","za_window","trend","AIC",2,FALSE,"eigen","r <= 1",7.65096577089802,10.49,12.25,16.26,FALSE
"D_deflated_censusIC","LTL","Total_Inventories","za_window","trend","SBC",2,FALSE,"trace","r = 0",37.6682988469625,22.76,25.32,30.45,TRUE
"D_deflated_censusIC","LTL","Total_Inventories","za_window","trend","SBC",2,FALSE,"trace","r <= 1",7.65096577089802,10.49,12.25,16.26,FALSE
"D_deflated_censusIC","LTL","Total_Inventories","za_window","trend","SBC",2,FALSE,"eigen","r = 0",30.0173330760644,16.85,18.96,23.65,TRUE
"D_deflated_censusIC","LTL","Total_Inventories","za_window","trend","SBC",2,FALSE,"eigen","r <= 1",7.65096577089802,10.49,12.25,16.26,FALSE
"D_deflated_censusIC","LTL","Total_Inventories","za_series","none","AIC",2,FALSE,"trace","r = 0",39.2307068176169,15.66,17.95,23.52,TRUE
"D_deflated_censusIC","LTL","Total_Inventories","za_series","none","AIC",2,FALSE,"trace","r <= 1",13.42130752961,6.5,8.18,11.65,TRUE
"D_deflated_censusIC","LTL","Total_Inventories","za_series","none","AIC",2,FALSE,"eigen","r = 0",25.8093992880069,12.91,14.9,19.19,TRUE
"D_deflated_censusIC","LTL","Total_Inventories","za_series","none","AIC",2,FALSE,"eigen","r <= 1",13.42130752961,6.5,8.18,11.65,TRUE
"D_deflated_censusIC","LTL","Total_Inventories","za_series","none","SBC",2,FALSE,"trace","r = 0",39.2307068176169,15.66,17.95,23.52,TRUE
"D_deflated_censusIC","LTL","Total_Inventories","za_series","none","SBC",2,FALSE,"trace","r <= 1",13.42130752961,6.5,8.18,11.65,TRUE
"D_deflated_censusIC","LTL","Total_Inventories","za_series","none","SBC",2,FALSE,"eigen","r = 0",25.8093992880069,12.91,14.9,19.19,TRUE
"D_deflated_censusIC","LTL","Total_Inventories","za_series","none","SBC",2,FALSE,"eigen","r <= 1",13.42130752961,6.5,8.18,11.65,TRUE
"D_deflated_censusIC","LTL","Total_Inventories","za_series","const","AIC",2,FALSE,"trace","r = 0",39.7153696175724,17.85,19.96,24.6,TRUE
"D_deflated_censusIC","LTL","Total_Inventories","za_series","const","AIC",2,FALSE,"trace","r <= 1",13.4799263826682,7.52,9.24,12.97,TRUE
"D_deflated_censusIC","LTL","Total_Inventories","za_series","const","AIC",2,FALSE,"eigen","r = 0",26.2354432349041,13.75,15.67,20.2,TRUE
"D_deflated_censusIC","LTL","Total_Inventories","za_series","const","AIC",2,FALSE,"eigen","r <= 1",13.4799263826682,7.52,9.24,12.97,TRUE
"D_deflated_censusIC","LTL","Total_Inventories","za_series","const","SBC",2,FALSE,"trace","r = 0",39.7153696175724,17.85,19.96,24.6,TRUE
"D_deflated_censusIC","LTL","Total_Inventories","za_series","const","SBC",2,FALSE,"trace","r <= 1",13.4799263826682,7.52,9.24,12.97,TRUE
"D_deflated_censusIC","LTL","Total_Inventories","za_series","const","SBC",2,FALSE,"eigen","r = 0",26.2354432349041,13.75,15.67,20.2,TRUE
"D_deflated_censusIC","LTL","Total_Inventories","za_series","const","SBC",2,FALSE,"eigen","r <= 1",13.4799263826682,7.52,9.24,12.97,TRUE
"D_deflated_censusIC","LTL","Total_Inventories","za_series","trend","AIC",2,FALSE,"trace","r = 0",45.5383432067024,22.76,25.32,30.45,TRUE
"D_deflated_censusIC","LTL","Total_Inventories","za_series","trend","AIC",2,FALSE,"trace","r <= 1",15.0457267343016,10.49,12.25,16.26,TRUE
"D_deflated_censusIC","LTL","Total_Inventories","za_series","trend","AIC",2,FALSE,"eigen","r = 0",30.4926164724007,16.85,18.96,23.65,TRUE
"D_deflated_censusIC","LTL","Total_Inventories","za_series","trend","AIC",2,FALSE,"eigen","r <= 1",15.0457267343016,10.49,12.25,16.26,TRUE
"D_deflated_censusIC","LTL","Total_Inventories","za_series","trend","SBC",2,FALSE,"trace","r = 0",45.5383432067024,22.76,25.32,30.45,TRUE
"D_deflated_censusIC","LTL","Total_Inventories","za_series","trend","SBC",2,FALSE,"trace","r <= 1",15.0457267343016,10.49,12.25,16.26,TRUE
"D_deflated_censusIC","LTL","Total_Inventories","za_series","trend","SBC",2,FALSE,"eigen","r = 0",30.4926164724007,16.85,18.96,23.65,TRUE
"D_deflated_censusIC","LTL","Total_Inventories","za_series","trend","SBC",2,FALSE,"eigen","r <= 1",15.0457267343016,10.49,12.25,16.26,TRUE
"D_deflated_censusIC","Truckload","Total_Inventories","none","none","AIC",2,TRUE,"trace","r = 0",7.05882805312534,15.66,17.95,23.52,FALSE
"D_deflated_censusIC","Truckload","Total_Inventories","none","none","AIC",2,TRUE,"trace","r <= 1",0.81690856765148,6.5,8.18,11.65,FALSE
"D_deflated_censusIC","Truckload","Total_Inventories","none","none","AIC",2,TRUE,"eigen","r = 0",6.24191948547386,12.91,14.9,19.19,FALSE
"D_deflated_censusIC","Truckload","Total_Inventories","none","none","AIC",2,TRUE,"eigen","r <= 1",0.81690856765148,6.5,8.18,11.65,FALSE
"D_deflated_censusIC","Truckload","Total_Inventories","none","none","SBC",2,TRUE,"trace","r = 0",7.05882805312534,15.66,17.95,23.52,FALSE
"D_deflated_censusIC","Truckload","Total_Inventories","none","none","SBC",2,TRUE,"trace","r <= 1",0.81690856765148,6.5,8.18,11.65,FALSE
"D_deflated_censusIC","Truckload","Total_Inventories","none","none","SBC",2,TRUE,"eigen","r = 0",6.24191948547386,12.91,14.9,19.19,FALSE
"D_deflated_censusIC","Truckload","Total_Inventories","none","none","SBC",2,TRUE,"eigen","r <= 1",0.81690856765148,6.5,8.18,11.65,FALSE
"D_deflated_censusIC","Truckload","Total_Inventories","none","const","AIC",2,TRUE,"trace","r = 0",8.02000778975682,17.85,19.96,24.6,FALSE
"D_deflated_censusIC","Truckload","Total_Inventories","none","const","AIC",2,TRUE,"trace","r <= 1",1.67480976900334,7.52,9.24,12.97,FALSE
"D_deflated_censusIC","Truckload","Total_Inventories","none","const","AIC",2,TRUE,"eigen","r = 0",6.34519802075348,13.75,15.67,20.2,FALSE
"D_deflated_censusIC","Truckload","Total_Inventories","none","const","AIC",2,TRUE,"eigen","r <= 1",1.67480976900331,7.52,9.24,12.97,FALSE
"D_deflated_censusIC","Truckload","Total_Inventories","none","const","SBC",2,TRUE,"trace","r = 0",8.02000778975682,17.85,19.96,24.6,FALSE
"D_deflated_censusIC","Truckload","Total_Inventories","none","const","SBC",2,TRUE,"trace","r <= 1",1.67480976900334,7.52,9.24,12.97,FALSE
"D_deflated_censusIC","Truckload","Total_Inventories","none","const","SBC",2,TRUE,"eigen","r = 0",6.34519802075348,13.75,15.67,20.2,FALSE
"D_deflated_censusIC","Truckload","Total_Inventories","none","const","SBC",2,TRUE,"eigen","r <= 1",1.67480976900331,7.52,9.24,12.97,FALSE
"D_deflated_censusIC","Truckload","Total_Inventories","none","trend","AIC",2,TRUE,"trace","r = 0",11.062202711702,22.76,25.32,30.45,FALSE
"D_deflated_censusIC","Truckload","Total_Inventories","none","trend","AIC",2,TRUE,"trace","r <= 1",3.70293185647816,10.49,12.25,16.26,FALSE
"D_deflated_censusIC","Truckload","Total_Inventories","none","trend","AIC",2,TRUE,"eigen","r = 0",7.35927085522382,16.85,18.96,23.65,FALSE
"D_deflated_censusIC","Truckload","Total_Inventories","none","trend","AIC",2,TRUE,"eigen","r <= 1",3.70293185647816,10.49,12.25,16.26,FALSE
"D_deflated_censusIC","Truckload","Total_Inventories","none","trend","SBC",2,TRUE,"trace","r = 0",11.062202711702,22.76,25.32,30.45,FALSE
"D_deflated_censusIC","Truckload","Total_Inventories","none","trend","SBC",2,TRUE,"trace","r <= 1",3.70293185647816,10.49,12.25,16.26,FALSE
"D_deflated_censusIC","Truckload","Total_Inventories","none","trend","SBC",2,TRUE,"eigen","r = 0",7.35927085522382,16.85,18.96,23.65,FALSE
"D_deflated_censusIC","Truckload","Total_Inventories","none","trend","SBC",2,TRUE,"eigen","r <= 1",3.70293185647816,10.49,12.25,16.26,FALSE
"D_deflated_censusIC","Truckload","Total_Inventories","orig","none","AIC",2,FALSE,"trace","r = 0",15.8470538811371,15.66,17.95,23.52,FALSE
"D_deflated_censusIC","Truckload","Total_Inventories","orig","none","AIC",2,FALSE,"trace","r <= 1",1.43227957143391,6.5,8.18,11.65,FALSE
"D_deflated_censusIC","Truckload","Total_Inventories","orig","none","AIC",2,FALSE,"eigen","r = 0",14.4147743097032,12.91,14.9,19.19,FALSE
"D_deflated_censusIC","Truckload","Total_Inventories","orig","none","AIC",2,FALSE,"eigen","r <= 1",1.43227957143391,6.5,8.18,11.65,FALSE
"D_deflated_censusIC","Truckload","Total_Inventories","orig","none","SBC",2,FALSE,"trace","r = 0",15.8470538811371,15.66,17.95,23.52,FALSE
"D_deflated_censusIC","Truckload","Total_Inventories","orig","none","SBC",2,FALSE,"trace","r <= 1",1.43227957143391,6.5,8.18,11.65,FALSE
"D_deflated_censusIC","Truckload","Total_Inventories","orig","none","SBC",2,FALSE,"eigen","r = 0",14.4147743097032,12.91,14.9,19.19,FALSE
"D_deflated_censusIC","Truckload","Total_Inventories","orig","none","SBC",2,FALSE,"eigen","r <= 1",1.43227957143391,6.5,8.18,11.65,FALSE
"D_deflated_censusIC","Truckload","Total_Inventories","orig","const","AIC",2,FALSE,"trace","r = 0",20.2136018535027,17.85,19.96,24.6,TRUE
"D_deflated_censusIC","Truckload","Total_Inventories","orig","const","AIC",2,FALSE,"trace","r <= 1",4.57400250796318,7.52,9.24,12.97,FALSE
"D_deflated_censusIC","Truckload","Total_Inventories","orig","const","AIC",2,FALSE,"eigen","r = 0",15.6395993455395,13.75,15.67,20.2,FALSE
"D_deflated_censusIC","Truckload","Total_Inventories","orig","const","AIC",2,FALSE,"eigen","r <= 1",4.57400250796318,7.52,9.24,12.97,FALSE
"D_deflated_censusIC","Truckload","Total_Inventories","orig","const","SBC",2,FALSE,"trace","r = 0",20.2136018535027,17.85,19.96,24.6,TRUE
"D_deflated_censusIC","Truckload","Total_Inventories","orig","const","SBC",2,FALSE,"trace","r <= 1",4.57400250796318,7.52,9.24,12.97,FALSE
"D_deflated_censusIC","Truckload","Total_Inventories","orig","const","SBC",2,FALSE,"eigen","r = 0",15.6395993455395,13.75,15.67,20.2,FALSE
"D_deflated_censusIC","Truckload","Total_Inventories","orig","const","SBC",2,FALSE,"eigen","r <= 1",4.57400250796318,7.52,9.24,12.97,FALSE
"D_deflated_censusIC","Truckload","Total_Inventories","orig","trend","AIC",2,FALSE,"trace","r = 0",24.8906251634898,22.76,25.32,30.45,FALSE
"D_deflated_censusIC","Truckload","Total_Inventories","orig","trend","AIC",2,FALSE,"trace","r <= 1",7.24816629836836,10.49,12.25,16.26,FALSE
"D_deflated_censusIC","Truckload","Total_Inventories","orig","trend","AIC",2,FALSE,"eigen","r = 0",17.6424588651214,16.85,18.96,23.65,FALSE
"D_deflated_censusIC","Truckload","Total_Inventories","orig","trend","AIC",2,FALSE,"eigen","r <= 1",7.24816629836836,10.49,12.25,16.26,FALSE
"D_deflated_censusIC","Truckload","Total_Inventories","orig","trend","SBC",2,FALSE,"trace","r = 0",24.8906251634898,22.76,25.32,30.45,FALSE
"D_deflated_censusIC","Truckload","Total_Inventories","orig","trend","SBC",2,FALSE,"trace","r <= 1",7.24816629836836,10.49,12.25,16.26,FALSE
"D_deflated_censusIC","Truckload","Total_Inventories","orig","trend","SBC",2,FALSE,"eigen","r = 0",17.6424588651214,16.85,18.96,23.65,FALSE
"D_deflated_censusIC","Truckload","Total_Inventories","orig","trend","SBC",2,FALSE,"eigen","r <= 1",7.24816629836836,10.49,12.25,16.26,FALSE
"D_deflated_censusIC","Truckload","Total_Inventories","za_step","none","AIC",2,FALSE,"trace","r = 0",11.8943702565981,15.66,17.95,23.52,FALSE
"D_deflated_censusIC","Truckload","Total_Inventories","za_step","none","AIC",2,FALSE,"trace","r <= 1",2.74604878374027,6.5,8.18,11.65,FALSE
"D_deflated_censusIC","Truckload","Total_Inventories","za_step","none","AIC",2,FALSE,"eigen","r = 0",9.1483214728578,12.91,14.9,19.19,FALSE
"D_deflated_censusIC","Truckload","Total_Inventories","za_step","none","AIC",2,FALSE,"eigen","r <= 1",2.74604878374027,6.5,8.18,11.65,FALSE
"D_deflated_censusIC","Truckload","Total_Inventories","za_step","none","SBC",2,FALSE,"trace","r = 0",11.8943702565981,15.66,17.95,23.52,FALSE
"D_deflated_censusIC","Truckload","Total_Inventories","za_step","none","SBC",2,FALSE,"trace","r <= 1",2.74604878374027,6.5,8.18,11.65,FALSE
"D_deflated_censusIC","Truckload","Total_Inventories","za_step","none","SBC",2,FALSE,"eigen","r = 0",9.1483214728578,12.91,14.9,19.19,FALSE
"D_deflated_censusIC","Truckload","Total_Inventories","za_step","none","SBC",2,FALSE,"eigen","r <= 1",2.74604878374027,6.5,8.18,11.65,FALSE
"D_deflated_censusIC","Truckload","Total_Inventories","za_step","const","AIC",2,FALSE,"trace","r = 0",12.6856044513139,17.85,19.96,24.6,FALSE
"D_deflated_censusIC","Truckload","Total_Inventories","za_step","const","AIC",2,FALSE,"trace","r <= 1",3.15867705530764,7.52,9.24,12.97,FALSE
"D_deflated_censusIC","Truckload","Total_Inventories","za_step","const","AIC",2,FALSE,"eigen","r = 0",9.52692739600626,13.75,15.67,20.2,FALSE
"D_deflated_censusIC","Truckload","Total_Inventories","za_step","const","AIC",2,FALSE,"eigen","r <= 1",3.15867705530764,7.52,9.24,12.97,FALSE
"D_deflated_censusIC","Truckload","Total_Inventories","za_step","const","SBC",2,FALSE,"trace","r = 0",12.6856044513139,17.85,19.96,24.6,FALSE
"D_deflated_censusIC","Truckload","Total_Inventories","za_step","const","SBC",2,FALSE,"trace","r <= 1",3.15867705530764,7.52,9.24,12.97,FALSE
"D_deflated_censusIC","Truckload","Total_Inventories","za_step","const","SBC",2,FALSE,"eigen","r = 0",9.52692739600626,13.75,15.67,20.2,FALSE
"D_deflated_censusIC","Truckload","Total_Inventories","za_step","const","SBC",2,FALSE,"eigen","r <= 1",3.15867705530764,7.52,9.24,12.97,FALSE
"D_deflated_censusIC","Truckload","Total_Inventories","za_step","trend","AIC",2,FALSE,"trace","r = 0",12.2600020617648,22.76,25.32,30.45,FALSE
"D_deflated_censusIC","Truckload","Total_Inventories","za_step","trend","AIC",2,FALSE,"trace","r <= 1",3.03322188977782,10.49,12.25,16.26,FALSE
"D_deflated_censusIC","Truckload","Total_Inventories","za_step","trend","AIC",2,FALSE,"eigen","r = 0",9.22678017198696,16.85,18.96,23.65,FALSE
"D_deflated_censusIC","Truckload","Total_Inventories","za_step","trend","AIC",2,FALSE,"eigen","r <= 1",3.03322188977782,10.49,12.25,16.26,FALSE
"D_deflated_censusIC","Truckload","Total_Inventories","za_step","trend","SBC",2,FALSE,"trace","r = 0",12.2600020617648,22.76,25.32,30.45,FALSE
"D_deflated_censusIC","Truckload","Total_Inventories","za_step","trend","SBC",2,FALSE,"trace","r <= 1",3.03322188977782,10.49,12.25,16.26,FALSE
"D_deflated_censusIC","Truckload","Total_Inventories","za_step","trend","SBC",2,FALSE,"eigen","r = 0",9.22678017198696,16.85,18.96,23.65,FALSE
"D_deflated_censusIC","Truckload","Total_Inventories","za_step","trend","SBC",2,FALSE,"eigen","r <= 1",3.03322188977782,10.49,12.25,16.26,FALSE
"D_deflated_censusIC","Truckload","Total_Inventories","za_window","none","AIC",2,FALSE,"trace","r = 0",19.3157891655899,15.66,17.95,23.52,TRUE
"D_deflated_censusIC","Truckload","Total_Inventories","za_window","none","AIC",2,FALSE,"trace","r <= 1",2.24378895837949,6.5,8.18,11.65,FALSE
"D_deflated_censusIC","Truckload","Total_Inventories","za_window","none","AIC",2,FALSE,"eigen","r = 0",17.0720002072104,12.91,14.9,19.19,TRUE
"D_deflated_censusIC","Truckload","Total_Inventories","za_window","none","AIC",2,FALSE,"eigen","r <= 1",2.24378895837949,6.5,8.18,11.65,FALSE
"D_deflated_censusIC","Truckload","Total_Inventories","za_window","none","SBC",2,FALSE,"trace","r = 0",19.3157891655899,15.66,17.95,23.52,TRUE
"D_deflated_censusIC","Truckload","Total_Inventories","za_window","none","SBC",2,FALSE,"trace","r <= 1",2.24378895837949,6.5,8.18,11.65,FALSE
"D_deflated_censusIC","Truckload","Total_Inventories","za_window","none","SBC",2,FALSE,"eigen","r = 0",17.0720002072104,12.91,14.9,19.19,TRUE
"D_deflated_censusIC","Truckload","Total_Inventories","za_window","none","SBC",2,FALSE,"eigen","r <= 1",2.24378895837949,6.5,8.18,11.65,FALSE
"D_deflated_censusIC","Truckload","Total_Inventories","za_window","const","AIC",2,FALSE,"trace","r = 0",21.3134729038909,17.85,19.96,24.6,TRUE
"D_deflated_censusIC","Truckload","Total_Inventories","za_window","const","AIC",2,FALSE,"trace","r <= 1",4.04273663902113,7.52,9.24,12.97,FALSE
"D_deflated_censusIC","Truckload","Total_Inventories","za_window","const","AIC",2,FALSE,"eigen","r = 0",17.2707362648698,13.75,15.67,20.2,TRUE
"D_deflated_censusIC","Truckload","Total_Inventories","za_window","const","AIC",2,FALSE,"eigen","r <= 1",4.04273663902113,7.52,9.24,12.97,FALSE
"D_deflated_censusIC","Truckload","Total_Inventories","za_window","const","SBC",2,FALSE,"trace","r = 0",21.3134729038909,17.85,19.96,24.6,TRUE
"D_deflated_censusIC","Truckload","Total_Inventories","za_window","const","SBC",2,FALSE,"trace","r <= 1",4.04273663902113,7.52,9.24,12.97,FALSE
"D_deflated_censusIC","Truckload","Total_Inventories","za_window","const","SBC",2,FALSE,"eigen","r = 0",17.2707362648698,13.75,15.67,20.2,TRUE
"D_deflated_censusIC","Truckload","Total_Inventories","za_window","const","SBC",2,FALSE,"eigen","r <= 1",4.04273663902113,7.52,9.24,12.97,FALSE
"D_deflated_censusIC","Truckload","Total_Inventories","za_window","trend","AIC",2,FALSE,"trace","r = 0",25.9367916718015,22.76,25.32,30.45,TRUE
"D_deflated_censusIC","Truckload","Total_Inventories","za_window","trend","AIC",2,FALSE,"trace","r <= 1",6.04922227309325,10.49,12.25,16.26,FALSE
"D_deflated_censusIC","Truckload","Total_Inventories","za_window","trend","AIC",2,FALSE,"eigen","r = 0",19.8875693987082,16.85,18.96,23.65,TRUE
"D_deflated_censusIC","Truckload","Total_Inventories","za_window","trend","AIC",2,FALSE,"eigen","r <= 1",6.04922227309325,10.49,12.25,16.26,FALSE
"D_deflated_censusIC","Truckload","Total_Inventories","za_window","trend","SBC",2,FALSE,"trace","r = 0",25.9367916718015,22.76,25.32,30.45,TRUE
"D_deflated_censusIC","Truckload","Total_Inventories","za_window","trend","SBC",2,FALSE,"trace","r <= 1",6.04922227309325,10.49,12.25,16.26,FALSE
"D_deflated_censusIC","Truckload","Total_Inventories","za_window","trend","SBC",2,FALSE,"eigen","r = 0",19.8875693987082,16.85,18.96,23.65,TRUE
"D_deflated_censusIC","Truckload","Total_Inventories","za_window","trend","SBC",2,FALSE,"eigen","r <= 1",6.04922227309325,10.49,12.25,16.26,FALSE
"D_deflated_censusIC","Truckload","Total_Inventories","za_series","none","AIC",2,FALSE,"trace","r = 0",10.2537469864425,15.66,17.95,23.52,FALSE
"D_deflated_censusIC","Truckload","Total_Inventories","za_series","none","AIC",2,FALSE,"trace","r <= 1",3.81113124288223,6.5,8.18,11.65,FALSE
"D_deflated_censusIC","Truckload","Total_Inventories","za_series","none","AIC",2,FALSE,"eigen","r = 0",6.44261574356023,12.91,14.9,19.19,FALSE
"D_deflated_censusIC","Truckload","Total_Inventories","za_series","none","AIC",2,FALSE,"eigen","r <= 1",3.81113124288223,6.5,8.18,11.65,FALSE
"D_deflated_censusIC","Truckload","Total_Inventories","za_series","none","SBC",2,FALSE,"trace","r = 0",10.2537469864425,15.66,17.95,23.52,FALSE
"D_deflated_censusIC","Truckload","Total_Inventories","za_series","none","SBC",2,FALSE,"trace","r <= 1",3.81113124288223,6.5,8.18,11.65,FALSE
"D_deflated_censusIC","Truckload","Total_Inventories","za_series","none","SBC",2,FALSE,"eigen","r = 0",6.44261574356023,12.91,14.9,19.19,FALSE
"D_deflated_censusIC","Truckload","Total_Inventories","za_series","none","SBC",2,FALSE,"eigen","r <= 1",3.81113124288223,6.5,8.18,11.65,FALSE
"D_deflated_censusIC","Truckload","Total_Inventories","za_series","const","AIC",2,FALSE,"trace","r = 0",10.7186656348773,17.85,19.96,24.6,FALSE
"D_deflated_censusIC","Truckload","Total_Inventories","za_series","const","AIC",2,FALSE,"trace","r <= 1",3.81116320144934,7.52,9.24,12.97,FALSE
"D_deflated_censusIC","Truckload","Total_Inventories","za_series","const","AIC",2,FALSE,"eigen","r = 0",6.90750243342799,13.75,15.67,20.2,FALSE
"D_deflated_censusIC","Truckload","Total_Inventories","za_series","const","AIC",2,FALSE,"eigen","r <= 1",3.81116320144934,7.52,9.24,12.97,FALSE
"D_deflated_censusIC","Truckload","Total_Inventories","za_series","const","SBC",2,FALSE,"trace","r = 0",10.7186656348773,17.85,19.96,24.6,FALSE
"D_deflated_censusIC","Truckload","Total_Inventories","za_series","const","SBC",2,FALSE,"trace","r <= 1",3.81116320144934,7.52,9.24,12.97,FALSE
"D_deflated_censusIC","Truckload","Total_Inventories","za_series","const","SBC",2,FALSE,"eigen","r = 0",6.90750243342799,13.75,15.67,20.2,FALSE
"D_deflated_censusIC","Truckload","Total_Inventories","za_series","const","SBC",2,FALSE,"eigen","r <= 1",3.81116320144934,7.52,9.24,12.97,FALSE
"D_deflated_censusIC","Truckload","Total_Inventories","za_series","trend","AIC",2,FALSE,"trace","r = 0",15.1468690277937,22.76,25.32,30.45,FALSE
"D_deflated_censusIC","Truckload","Total_Inventories","za_series","trend","AIC",2,FALSE,"trace","r <= 1",4.23381064722578,10.49,12.25,16.26,FALSE
"D_deflated_censusIC","Truckload","Total_Inventories","za_series","trend","AIC",2,FALSE,"eigen","r = 0",10.9130583805679,16.85,18.96,23.65,FALSE
"D_deflated_censusIC","Truckload","Total_Inventories","za_series","trend","AIC",2,FALSE,"eigen","r <= 1",4.23381064722578,10.49,12.25,16.26,FALSE
"D_deflated_censusIC","Truckload","Total_Inventories","za_series","trend","SBC",2,FALSE,"trace","r = 0",15.1468690277937,22.76,25.32,30.45,FALSE
"D_deflated_censusIC","Truckload","Total_Inventories","za_series","trend","SBC",2,FALSE,"trace","r <= 1",4.23381064722578,10.49,12.25,16.26,FALSE
"D_deflated_censusIC","Truckload","Total_Inventories","za_series","trend","SBC",2,FALSE,"eigen","r = 0",10.9130583805679,16.85,18.96,23.65,FALSE
"D_deflated_censusIC","Truckload","Total_Inventories","za_series","trend","SBC",2,FALSE,"eigen","r <= 1",4.23381064722578,10.49,12.25,16.26,FALSE
"D_deflated_censusIC","Local","Total_Inventories","none","none","AIC",6,TRUE,"trace","r = 0",16.9416258412075,15.66,17.95,23.52,FALSE
"D_deflated_censusIC","Local","Total_Inventories","none","none","AIC",6,TRUE,"trace","r <= 1",1.30460022984617,6.5,8.18,11.65,FALSE
"D_deflated_censusIC","Local","Total_Inventories","none","none","AIC",6,TRUE,"eigen","r = 0",15.6370256113613,12.91,14.9,19.19,TRUE
"D_deflated_censusIC","Local","Total_Inventories","none","none","AIC",6,TRUE,"eigen","r <= 1",1.30460022984617,6.5,8.18,11.65,FALSE
"D_deflated_censusIC","Local","Total_Inventories","none","none","SBC",2,TRUE,"trace","r = 0",13.4391953139469,15.66,17.95,23.52,FALSE
"D_deflated_censusIC","Local","Total_Inventories","none","none","SBC",2,TRUE,"trace","r <= 1",1.08113127943188,6.5,8.18,11.65,FALSE
"D_deflated_censusIC","Local","Total_Inventories","none","none","SBC",2,TRUE,"eigen","r = 0",12.358064034515,12.91,14.9,19.19,FALSE
"D_deflated_censusIC","Local","Total_Inventories","none","none","SBC",2,TRUE,"eigen","r <= 1",1.08113127943188,6.5,8.18,11.65,FALSE
"D_deflated_censusIC","Local","Total_Inventories","none","const","AIC",6,TRUE,"trace","r = 0",17.5898707231068,17.85,19.96,24.6,FALSE
"D_deflated_censusIC","Local","Total_Inventories","none","const","AIC",6,TRUE,"trace","r <= 1",1.92004534412602,7.52,9.24,12.97,FALSE
"D_deflated_censusIC","Local","Total_Inventories","none","const","AIC",6,TRUE,"eigen","r = 0",15.6698253789808,13.75,15.67,20.2,FALSE
"D_deflated_censusIC","Local","Total_Inventories","none","const","AIC",6,TRUE,"eigen","r <= 1",1.92004534412602,7.52,9.24,12.97,FALSE
"D_deflated_censusIC","Local","Total_Inventories","none","const","SBC",2,TRUE,"trace","r = 0",14.3479448475869,17.85,19.96,24.6,FALSE
"D_deflated_censusIC","Local","Total_Inventories","none","const","SBC",2,TRUE,"trace","r <= 1",1.77491343251225,7.52,9.24,12.97,FALSE
"D_deflated_censusIC","Local","Total_Inventories","none","const","SBC",2,TRUE,"eigen","r = 0",12.5730314150747,13.75,15.67,20.2,FALSE
"D_deflated_censusIC","Local","Total_Inventories","none","const","SBC",2,TRUE,"eigen","r <= 1",1.77491343251225,7.52,9.24,12.97,FALSE
"D_deflated_censusIC","Local","Total_Inventories","none","trend","AIC",6,TRUE,"trace","r = 0",22.1805558060652,22.76,25.32,30.45,FALSE
"D_deflated_censusIC","Local","Total_Inventories","none","trend","AIC",6,TRUE,"trace","r <= 1",6.32725773006541,10.49,12.25,16.26,FALSE
"D_deflated_censusIC","Local","Total_Inventories","none","trend","AIC",6,TRUE,"eigen","r = 0",15.8532980759998,16.85,18.96,23.65,FALSE
"D_deflated_censusIC","Local","Total_Inventories","none","trend","AIC",6,TRUE,"eigen","r <= 1",6.32725773006541,10.49,12.25,16.26,FALSE
"D_deflated_censusIC","Local","Total_Inventories","none","trend","SBC",2,TRUE,"trace","r = 0",18.0084980581479,22.76,25.32,30.45,FALSE
"D_deflated_censusIC","Local","Total_Inventories","none","trend","SBC",2,TRUE,"trace","r <= 1",5.49098994423552,10.49,12.25,16.26,FALSE
"D_deflated_censusIC","Local","Total_Inventories","none","trend","SBC",2,TRUE,"eigen","r = 0",12.5175081139124,16.85,18.96,23.65,FALSE
"D_deflated_censusIC","Local","Total_Inventories","none","trend","SBC",2,TRUE,"eigen","r <= 1",5.49098994423552,10.49,12.25,16.26,FALSE
"D_deflated_censusIC","Local","Total_Inventories","orig","none","AIC",6,FALSE,"trace","r = 0",20.48144433398,15.66,17.95,23.52,TRUE
"D_deflated_censusIC","Local","Total_Inventories","orig","none","AIC",6,FALSE,"trace","r <= 1",2.8401256041038,6.5,8.18,11.65,FALSE
"D_deflated_censusIC","Local","Total_Inventories","orig","none","AIC",6,FALSE,"eigen","r = 0",17.6413187298762,12.91,14.9,19.19,TRUE
"D_deflated_censusIC","Local","Total_Inventories","orig","none","AIC",6,FALSE,"eigen","r <= 1",2.8401256041038,6.5,8.18,11.65,FALSE
"D_deflated_censusIC","Local","Total_Inventories","orig","none","SBC",2,FALSE,"trace","r = 0",16.745809809225,15.66,17.95,23.52,FALSE
"D_deflated_censusIC","Local","Total_Inventories","orig","none","SBC",2,FALSE,"trace","r <= 1",3.44874347549471,6.5,8.18,11.65,FALSE
"D_deflated_censusIC","Local","Total_Inventories","orig","none","SBC",2,FALSE,"eigen","r = 0",13.2970663337303,12.91,14.9,19.19,FALSE
"D_deflated_censusIC","Local","Total_Inventories","orig","none","SBC",2,FALSE,"eigen","r <= 1",3.44874347549471,6.5,8.18,11.65,FALSE
"D_deflated_censusIC","Local","Total_Inventories","orig","const","AIC",6,FALSE,"trace","r = 0",23.7245917375357,17.85,19.96,24.6,TRUE
"D_deflated_censusIC","Local","Total_Inventories","orig","const","AIC",6,FALSE,"trace","r <= 1",6.08254430705189,7.52,9.24,12.97,FALSE
"D_deflated_censusIC","Local","Total_Inventories","orig","const","AIC",6,FALSE,"eigen","r = 0",17.6420474304838,13.75,15.67,20.2,TRUE
"D_deflated_censusIC","Local","Total_Inventories","orig","const","AIC",6,FALSE,"eigen","r <= 1",6.08254430705189,7.52,9.24,12.97,FALSE
"D_deflated_censusIC","Local","Total_Inventories","orig","const","SBC",2,FALSE,"trace","r = 0",21.0604328891231,17.85,19.96,24.6,TRUE
"D_deflated_censusIC","Local","Total_Inventories","orig","const","SBC",2,FALSE,"trace","r <= 1",7.71039123013852,7.52,9.24,12.97,FALSE
"D_deflated_censusIC","Local","Total_Inventories","orig","const","SBC",2,FALSE,"eigen","r = 0",13.3500416589845,13.75,15.67,20.2,FALSE
"D_deflated_censusIC","Local","Total_Inventories","orig","const","SBC",2,FALSE,"eigen","r <= 1",7.71039123013849,7.52,9.24,12.97,FALSE
"D_deflated_censusIC","Local","Total_Inventories","orig","trend","AIC",6,FALSE,"trace","r = 0",33.6049585318054,22.76,25.32,30.45,TRUE
"D_deflated_censusIC","Local","Total_Inventories","orig","trend","AIC",6,FALSE,"trace","r <= 1",9.06474152918805,10.49,12.25,16.26,FALSE
"D_deflated_censusIC","Local","Total_Inventories","orig","trend","AIC",6,FALSE,"eigen","r = 0",24.5402170026173,16.85,18.96,23.65,TRUE
"D_deflated_censusIC","Local","Total_Inventories","orig","trend","AIC",6,FALSE,"eigen","r <= 1",9.06474152918805,10.49,12.25,16.26,FALSE
"D_deflated_censusIC","Local","Total_Inventories","orig","trend","SBC",2,FALSE,"trace","r = 0",30.6170266453886,22.76,25.32,30.45,TRUE
"D_deflated_censusIC","Local","Total_Inventories","orig","trend","SBC",2,FALSE,"trace","r <= 1",9.80559231863304,10.49,12.25,16.26,FALSE
"D_deflated_censusIC","Local","Total_Inventories","orig","trend","SBC",2,FALSE,"eigen","r = 0",20.8114343267556,16.85,18.96,23.65,TRUE
"D_deflated_censusIC","Local","Total_Inventories","orig","trend","SBC",2,FALSE,"eigen","r <= 1",9.80559231863304,10.49,12.25,16.26,FALSE
"D_deflated_censusIC","Local","Total_Inventories","za_step","none","AIC",6,FALSE,"trace","r = 0",22.8200533005777,15.66,17.95,23.52,TRUE
"D_deflated_censusIC","Local","Total_Inventories","za_step","none","AIC",6,FALSE,"trace","r <= 1",5.87181016570779,6.5,8.18,11.65,FALSE
"D_deflated_censusIC","Local","Total_Inventories","za_step","none","AIC",6,FALSE,"eigen","r = 0",16.9482431348699,12.91,14.9,19.19,TRUE
"D_deflated_censusIC","Local","Total_Inventories","za_step","none","AIC",6,FALSE,"eigen","r <= 1",5.87181016570779,6.5,8.18,11.65,FALSE
"D_deflated_censusIC","Local","Total_Inventories","za_step","none","SBC",2,FALSE,"trace","r = 0",19.049033188244,15.66,17.95,23.52,TRUE
"D_deflated_censusIC","Local","Total_Inventories","za_step","none","SBC",2,FALSE,"trace","r <= 1",6.84415084669877,6.5,8.18,11.65,FALSE
"D_deflated_censusIC","Local","Total_Inventories","za_step","none","SBC",2,FALSE,"eigen","r = 0",12.2048823415453,12.91,14.9,19.19,FALSE
"D_deflated_censusIC","Local","Total_Inventories","za_step","none","SBC",2,FALSE,"eigen","r <= 1",6.84415084669877,6.5,8.18,11.65,FALSE
"D_deflated_censusIC","Local","Total_Inventories","za_step","const","AIC",6,FALSE,"trace","r = 0",23.7393050762114,17.85,19.96,24.6,TRUE
"D_deflated_censusIC","Local","Total_Inventories","za_step","const","AIC",6,FALSE,"trace","r <= 1",6.7880646903494,7.52,9.24,12.97,FALSE
"D_deflated_censusIC","Local","Total_Inventories","za_step","const","AIC",6,FALSE,"eigen","r = 0",16.951240385862,13.75,15.67,20.2,TRUE
"D_deflated_censusIC","Local","Total_Inventories","za_step","const","AIC",6,FALSE,"eigen","r <= 1",6.7880646903494,7.52,9.24,12.97,FALSE
"D_deflated_censusIC","Local","Total_Inventories","za_step","const","SBC",2,FALSE,"trace","r = 0",20.3060425222566,17.85,19.96,24.6,TRUE
"D_deflated_censusIC","Local","Total_Inventories","za_step","const","SBC",2,FALSE,"trace","r <= 1",8.02065171585098,7.52,9.24,12.97,FALSE
"D_deflated_censusIC","Local","Total_Inventories","za_step","const","SBC",2,FALSE,"eigen","r = 0",12.2853908064056,13.75,15.67,20.2,FALSE
"D_deflated_censusIC","Local","Total_Inventories","za_step","const","SBC",2,FALSE,"eigen","r <= 1",8.02065171585098,7.52,9.24,12.97,FALSE
"D_deflated_censusIC","Local","Total_Inventories","za_step","trend","AIC",6,FALSE,"trace","r = 0",25.2150048164943,22.76,25.32,30.45,FALSE
"D_deflated_censusIC","Local","Total_Inventories","za_step","trend","AIC",6,FALSE,"trace","r <= 1",7.75860282711075,10.49,12.25,16.26,FALSE
"D_deflated_censusIC","Local","Total_Inventories","za_step","trend","AIC",6,FALSE,"eigen","r = 0",17.4564019893835,16.85,18.96,23.65,FALSE
"D_deflated_censusIC","Local","Total_Inventories","za_step","trend","AIC",6,FALSE,"eigen","r <= 1",7.75860282711075,10.49,12.25,16.26,FALSE
"D_deflated_censusIC","Local","Total_Inventories","za_step","trend","SBC",2,FALSE,"trace","r = 0",21.0551969706834,22.76,25.32,30.45,FALSE
"D_deflated_censusIC","Local","Total_Inventories","za_step","trend","SBC",2,FALSE,"trace","r <= 1",8.78033174576715,10.49,12.25,16.26,FALSE
"D_deflated_censusIC","Local","Total_Inventories","za_step","trend","SBC",2,FALSE,"eigen","r = 0",12.2748652249163,16.85,18.96,23.65,FALSE
"D_deflated_censusIC","Local","Total_Inventories","za_step","trend","SBC",2,FALSE,"eigen","r <= 1",8.78033174576715,10.49,12.25,16.26,FALSE
"D_deflated_censusIC","Local","Total_Inventories","za_window","none","AIC",6,FALSE,"trace","r = 0",20.8121395946494,15.66,17.95,23.52,TRUE
"D_deflated_censusIC","Local","Total_Inventories","za_window","none","AIC",6,FALSE,"trace","r <= 1",4.05835284809512,6.5,8.18,11.65,FALSE
"D_deflated_censusIC","Local","Total_Inventories","za_window","none","AIC",6,FALSE,"eigen","r = 0",16.7537867465542,12.91,14.9,19.19,TRUE
"D_deflated_censusIC","Local","Total_Inventories","za_window","none","AIC",6,FALSE,"eigen","r <= 1",4.05835284809512,6.5,8.18,11.65,FALSE
"D_deflated_censusIC","Local","Total_Inventories","za_window","none","SBC",2,FALSE,"trace","r = 0",17.3714412183058,15.66,17.95,23.52,FALSE
"D_deflated_censusIC","Local","Total_Inventories","za_window","none","SBC",2,FALSE,"trace","r <= 1",4.48057541074996,6.5,8.18,11.65,FALSE
"D_deflated_censusIC","Local","Total_Inventories","za_window","none","SBC",2,FALSE,"eigen","r = 0",12.8908658075558,12.91,14.9,19.19,FALSE
"D_deflated_censusIC","Local","Total_Inventories","za_window","none","SBC",2,FALSE,"eigen","r <= 1",4.48057541074996,6.5,8.18,11.65,FALSE
"D_deflated_censusIC","Local","Total_Inventories","za_window","const","AIC",6,FALSE,"trace","r = 0",22.007185345618,17.85,19.96,24.6,TRUE
"D_deflated_censusIC","Local","Total_Inventories","za_window","const","AIC",6,FALSE,"trace","r <= 1",5.25160262132743,7.52,9.24,12.97,FALSE
"D_deflated_censusIC","Local","Total_Inventories","za_window","const","AIC",6,FALSE,"eigen","r = 0",16.7555827242906,13.75,15.67,20.2,TRUE
"D_deflated_censusIC","Local","Total_Inventories","za_window","const","AIC",6,FALSE,"eigen","r <= 1",5.25160262132738,7.52,9.24,12.97,FALSE
"D_deflated_censusIC","Local","Total_Inventories","za_window","const","SBC",2,FALSE,"trace","r = 0",19.3709651799054,17.85,19.96,24.6,FALSE
"D_deflated_censusIC","Local","Total_Inventories","za_window","const","SBC",2,FALSE,"trace","r <= 1",6.34209470476921,7.52,9.24,12.97,FALSE
"D_deflated_censusIC","Local","Total_Inventories","za_window","const","SBC",2,FALSE,"eigen","r = 0",13.0288704751362,13.75,15.67,20.2,FALSE
"D_deflated_censusIC","Local","Total_Inventories","za_window","const","SBC",2,FALSE,"eigen","r <= 1",6.34209470476921,7.52,9.24,12.97,FALSE
"D_deflated_censusIC","Local","Total_Inventories","za_window","trend","AIC",6,FALSE,"trace","r = 0",25.8079257207995,22.76,25.32,30.45,TRUE
"D_deflated_censusIC","Local","Total_Inventories","za_window","trend","AIC",6,FALSE,"trace","r <= 1",7.58288951693564,10.49,12.25,16.26,FALSE
"D_deflated_censusIC","Local","Total_Inventories","za_window","trend","AIC",6,FALSE,"eigen","r = 0",18.2250362038639,16.85,18.96,23.65,FALSE
"D_deflated_censusIC","Local","Total_Inventories","za_window","trend","AIC",6,FALSE,"eigen","r <= 1",7.58288951693564,10.49,12.25,16.26,FALSE
"D_deflated_censusIC","Local","Total_Inventories","za_window","trend","SBC",2,FALSE,"trace","r = 0",22.7465333483447,22.76,25.32,30.45,FALSE
"D_deflated_censusIC","Local","Total_Inventories","za_window","trend","SBC",2,FALSE,"trace","r <= 1",8.99130463011848,10.49,12.25,16.26,FALSE
"D_deflated_censusIC","Local","Total_Inventories","za_window","trend","SBC",2,FALSE,"eigen","r = 0",13.7552287182262,16.85,18.96,23.65,FALSE
"D_deflated_censusIC","Local","Total_Inventories","za_window","trend","SBC",2,FALSE,"eigen","r <= 1",8.99130463011848,10.49,12.25,16.26,FALSE
"D_deflated_censusIC","Local","Total_Inventories","za_series","none","AIC",6,FALSE,"trace","r = 0",22.5210882201249,15.66,17.95,23.52,TRUE
"D_deflated_censusIC","Local","Total_Inventories","za_series","none","AIC",6,FALSE,"trace","r <= 1",3.90677680973509,6.5,8.18,11.65,FALSE
"D_deflated_censusIC","Local","Total_Inventories","za_series","none","AIC",6,FALSE,"eigen","r = 0",18.6143114103898,12.91,14.9,19.19,TRUE
"D_deflated_censusIC","Local","Total_Inventories","za_series","none","AIC",6,FALSE,"eigen","r <= 1",3.90677680973509,6.5,8.18,11.65,FALSE
"D_deflated_censusIC","Local","Total_Inventories","za_series","none","SBC",2,FALSE,"trace","r = 0",18.7662828266958,15.66,17.95,23.52,TRUE
"D_deflated_censusIC","Local","Total_Inventories","za_series","none","SBC",2,FALSE,"trace","r <= 1",4.25002795656313,6.5,8.18,11.65,FALSE
"D_deflated_censusIC","Local","Total_Inventories","za_series","none","SBC",2,FALSE,"eigen","r = 0",14.5162548701327,12.91,14.9,19.19,FALSE
"D_deflated_censusIC","Local","Total_Inventories","za_series","none","SBC",2,FALSE,"eigen","r <= 1",4.25002795656313,6.5,8.18,11.65,FALSE
"D_deflated_censusIC","Local","Total_Inventories","za_series","const","AIC",6,FALSE,"trace","r = 0",23.0906212554549,17.85,19.96,24.6,TRUE
"D_deflated_censusIC","Local","Total_Inventories","za_series","const","AIC",6,FALSE,"trace","r <= 1",3.90776822131276,7.52,9.24,12.97,FALSE
"D_deflated_censusIC","Local","Total_Inventories","za_series","const","AIC",6,FALSE,"eigen","r = 0",19.1828530341421,13.75,15.67,20.2,TRUE
"D_deflated_censusIC","Local","Total_Inventories","za_series","const","AIC",6,FALSE,"eigen","r <= 1",3.90776822131276,7.52,9.24,12.97,FALSE
"D_deflated_censusIC","Local","Total_Inventories","za_series","const","SBC",2,FALSE,"trace","r = 0",19.0624659989164,17.85,19.96,24.6,FALSE
"D_deflated_censusIC","Local","Total_Inventories","za_series","const","SBC",2,FALSE,"trace","r <= 1",4.28467408688272,7.52,9.24,12.97,FALSE
"D_deflated_censusIC","Local","Total_Inventories","za_series","const","SBC",2,FALSE,"eigen","r = 0",14.7777919120336,13.75,15.67,20.2,FALSE
"D_deflated_censusIC","Local","Total_Inventories","za_series","const","SBC",2,FALSE,"eigen","r <= 1",4.28467408688272,7.52,9.24,12.97,FALSE
"D_deflated_censusIC","Local","Total_Inventories","za_series","trend","AIC",6,FALSE,"trace","r = 0",42.9117057759767,22.76,25.32,30.45,TRUE
"D_deflated_censusIC","Local","Total_Inventories","za_series","trend","AIC",6,FALSE,"trace","r <= 1",6.66847396643894,10.49,12.25,16.26,FALSE
"D_deflated_censusIC","Local","Total_Inventories","za_series","trend","AIC",6,FALSE,"eigen","r = 0",36.2432318095378,16.85,18.96,23.65,TRUE
"D_deflated_censusIC","Local","Total_Inventories","za_series","trend","AIC",6,FALSE,"eigen","r <= 1",6.66847396643894,10.49,12.25,16.26,FALSE
"D_deflated_censusIC","Local","Total_Inventories","za_series","trend","SBC",2,FALSE,"trace","r = 0",37.0650473920957,22.76,25.32,30.45,TRUE
"D_deflated_censusIC","Local","Total_Inventories","za_series","trend","SBC",2,FALSE,"trace","r <= 1",7.52664437221257,10.49,12.25,16.26,FALSE
"D_deflated_censusIC","Local","Total_Inventories","za_series","trend","SBC",2,FALSE,"eigen","r = 0",29.5384030198831,16.85,18.96,23.65,TRUE
"D_deflated_censusIC","Local","Total_Inventories","za_series","trend","SBC",2,FALSE,"eigen","r <= 1",7.52664437221254,10.49,12.25,16.26,FALSE
"D_deflated_censusIC","Airfreight","Total_Inventories","none","none","AIC",6,TRUE,"trace","r = 0",4.92731414059283,15.66,17.95,23.52,FALSE
"D_deflated_censusIC","Airfreight","Total_Inventories","none","none","AIC",6,TRUE,"trace","r <= 1",0.832895178056673,6.5,8.18,11.65,FALSE
"D_deflated_censusIC","Airfreight","Total_Inventories","none","none","AIC",6,TRUE,"eigen","r = 0",4.09441896253616,12.91,14.9,19.19,FALSE
"D_deflated_censusIC","Airfreight","Total_Inventories","none","none","AIC",6,TRUE,"eigen","r <= 1",0.832895178056673,6.5,8.18,11.65,FALSE
"D_deflated_censusIC","Airfreight","Total_Inventories","none","none","SBC",2,TRUE,"trace","r = 0",6.0504798911573,15.66,17.95,23.52,FALSE
"D_deflated_censusIC","Airfreight","Total_Inventories","none","none","SBC",2,TRUE,"trace","r <= 1",1.74730896877947,6.5,8.18,11.65,FALSE
"D_deflated_censusIC","Airfreight","Total_Inventories","none","none","SBC",2,TRUE,"eigen","r = 0",4.30317092237783,12.91,14.9,19.19,FALSE
"D_deflated_censusIC","Airfreight","Total_Inventories","none","none","SBC",2,TRUE,"eigen","r <= 1",1.74730896877947,6.5,8.18,11.65,FALSE
"D_deflated_censusIC","Airfreight","Total_Inventories","none","const","AIC",6,TRUE,"trace","r = 0",5.67511572436226,17.85,19.96,24.6,FALSE
"D_deflated_censusIC","Airfreight","Total_Inventories","none","const","AIC",6,TRUE,"trace","r <= 1",1.53711107330182,7.52,9.24,12.97,FALSE
"D_deflated_censusIC","Airfreight","Total_Inventories","none","const","AIC",6,TRUE,"eigen","r = 0",4.13800465106044,13.75,15.67,20.2,FALSE
"D_deflated_censusIC","Airfreight","Total_Inventories","none","const","AIC",6,TRUE,"eigen","r <= 1",1.53711107330182,7.52,9.24,12.97,FALSE
"D_deflated_censusIC","Airfreight","Total_Inventories","none","const","SBC",2,TRUE,"trace","r = 0",6.88753865476409,17.85,19.96,24.6,FALSE
"D_deflated_censusIC","Airfreight","Total_Inventories","none","const","SBC",2,TRUE,"trace","r <= 1",2.20871501596186,7.52,9.24,12.97,FALSE
"D_deflated_censusIC","Airfreight","Total_Inventories","none","const","SBC",2,TRUE,"eigen","r = 0",4.67882363880223,13.75,15.67,20.2,FALSE
"D_deflated_censusIC","Airfreight","Total_Inventories","none","const","SBC",2,TRUE,"eigen","r <= 1",2.20871501596186,7.52,9.24,12.97,FALSE
"D_deflated_censusIC","Airfreight","Total_Inventories","none","trend","AIC",6,TRUE,"trace","r = 0",9.43898747823043,22.76,25.32,30.45,FALSE
"D_deflated_censusIC","Airfreight","Total_Inventories","none","trend","AIC",6,TRUE,"trace","r <= 1",4.09342526215416,10.49,12.25,16.26,FALSE
"D_deflated_censusIC","Airfreight","Total_Inventories","none","trend","AIC",6,TRUE,"eigen","r = 0",5.34556221607627,16.85,18.96,23.65,FALSE
"D_deflated_censusIC","Airfreight","Total_Inventories","none","trend","AIC",6,TRUE,"eigen","r <= 1",4.09342526215416,10.49,12.25,16.26,FALSE
"D_deflated_censusIC","Airfreight","Total_Inventories","none","trend","SBC",2,TRUE,"trace","r = 0",9.9519936737963,22.76,25.32,30.45,FALSE
"D_deflated_censusIC","Airfreight","Total_Inventories","none","trend","SBC",2,TRUE,"trace","r <= 1",4.11548621589972,10.49,12.25,16.26,FALSE
"D_deflated_censusIC","Airfreight","Total_Inventories","none","trend","SBC",2,TRUE,"eigen","r = 0",5.83650745789659,16.85,18.96,23.65,FALSE
"D_deflated_censusIC","Airfreight","Total_Inventories","none","trend","SBC",2,TRUE,"eigen","r <= 1",4.11548621589972,10.49,12.25,16.26,FALSE
"D_deflated_censusIC","Airfreight","Total_Inventories","orig","none","AIC",6,FALSE,"trace","r = 0",2.22803623624494,15.66,17.95,23.52,FALSE
"D_deflated_censusIC","Airfreight","Total_Inventories","orig","none","AIC",6,FALSE,"trace","r <= 1",0.522526225477927,6.5,8.18,11.65,FALSE
"D_deflated_censusIC","Airfreight","Total_Inventories","orig","none","AIC",6,FALSE,"eigen","r = 0",1.70551001076701,12.91,14.9,19.19,FALSE
"D_deflated_censusIC","Airfreight","Total_Inventories","orig","none","AIC",6,FALSE,"eigen","r <= 1",0.522526225477927,6.5,8.18,11.65,FALSE
"D_deflated_censusIC","Airfreight","Total_Inventories","orig","none","SBC",2,FALSE,"trace","r = 0",4.60093354206452,15.66,17.95,23.52,FALSE
"D_deflated_censusIC","Airfreight","Total_Inventories","orig","none","SBC",2,FALSE,"trace","r <= 1",2.0631794604794,6.5,8.18,11.65,FALSE
"D_deflated_censusIC","Airfreight","Total_Inventories","orig","none","SBC",2,FALSE,"eigen","r = 0",2.53775408158512,12.91,14.9,19.19,FALSE
"D_deflated_censusIC","Airfreight","Total_Inventories","orig","none","SBC",2,FALSE,"eigen","r <= 1",2.0631794604794,6.5,8.18,11.65,FALSE
"D_deflated_censusIC","Airfreight","Total_Inventories","orig","const","AIC",6,FALSE,"trace","r = 0",5.30210084704478,17.85,19.96,24.6,FALSE
"D_deflated_censusIC","Airfreight","Total_Inventories","orig","const","AIC",6,FALSE,"trace","r <= 1",1.28308860440503,7.52,9.24,12.97,FALSE
"D_deflated_censusIC","Airfreight","Total_Inventories","orig","const","AIC",6,FALSE,"eigen","r = 0",4.01901224263976,13.75,15.67,20.2,FALSE
"D_deflated_censusIC","Airfreight","Total_Inventories","orig","const","AIC",6,FALSE,"eigen","r <= 1",1.28308860440503,7.52,9.24,12.97,FALSE
"D_deflated_censusIC","Airfreight","Total_Inventories","orig","const","SBC",2,FALSE,"trace","r = 0",7.18431820198716,17.85,19.96,24.6,FALSE
"D_deflated_censusIC","Airfreight","Total_Inventories","orig","const","SBC",2,FALSE,"trace","r <= 1",2.51677149559317,7.52,9.24,12.97,FALSE
"D_deflated_censusIC","Airfreight","Total_Inventories","orig","const","SBC",2,FALSE,"eigen","r = 0",4.66754670639399,13.75,15.67,20.2,FALSE
"D_deflated_censusIC","Airfreight","Total_Inventories","orig","const","SBC",2,FALSE,"eigen","r <= 1",2.51677149559317,7.52,9.24,12.97,FALSE
"D_deflated_censusIC","Airfreight","Total_Inventories","orig","trend","AIC",6,FALSE,"trace","r = 0",8.56377477449186,22.76,25.32,30.45,FALSE
"D_deflated_censusIC","Airfreight","Total_Inventories","orig","trend","AIC",6,FALSE,"trace","r <= 1",1.12525516966105,10.49,12.25,16.26,FALSE
"D_deflated_censusIC","Airfreight","Total_Inventories","orig","trend","AIC",6,FALSE,"eigen","r = 0",7.43851960483081,16.85,18.96,23.65,FALSE
"D_deflated_censusIC","Airfreight","Total_Inventories","orig","trend","AIC",6,FALSE,"eigen","r <= 1",1.12525516966105,10.49,12.25,16.26,FALSE
"D_deflated_censusIC","Airfreight","Total_Inventories","orig","trend","SBC",2,FALSE,"trace","r = 0",10.9404860645412,22.76,25.32,30.45,FALSE
"D_deflated_censusIC","Airfreight","Total_Inventories","orig","trend","SBC",2,FALSE,"trace","r <= 1",2.4486949260089,10.49,12.25,16.26,FALSE
"D_deflated_censusIC","Airfreight","Total_Inventories","orig","trend","SBC",2,FALSE,"eigen","r = 0",8.49179113853227,16.85,18.96,23.65,FALSE
"D_deflated_censusIC","Airfreight","Total_Inventories","orig","trend","SBC",2,FALSE,"eigen","r <= 1",2.4486949260089,10.49,12.25,16.26,FALSE
"D_deflated_censusIC","Airfreight","Total_Inventories","za_step","none","AIC",6,FALSE,"trace","r = 0",7.64955845253715,15.66,17.95,23.52,FALSE
"D_deflated_censusIC","Airfreight","Total_Inventories","za_step","none","AIC",6,FALSE,"trace","r <= 1",3.16286459138162,6.5,8.18,11.65,FALSE
"D_deflated_censusIC","Airfreight","Total_Inventories","za_step","none","AIC",6,FALSE,"eigen","r = 0",4.48669386115553,12.91,14.9,19.19,FALSE
"D_deflated_censusIC","Airfreight","Total_Inventories","za_step","none","AIC",6,FALSE,"eigen","r <= 1",3.16286459138162,6.5,8.18,11.65,FALSE
"D_deflated_censusIC","Airfreight","Total_Inventories","za_step","none","SBC",2,FALSE,"trace","r = 0",11.0784791406732,15.66,17.95,23.52,FALSE
"D_deflated_censusIC","Airfreight","Total_Inventories","za_step","none","SBC",2,FALSE,"trace","r <= 1",3.42147664336935,6.5,8.18,11.65,FALSE
"D_deflated_censusIC","Airfreight","Total_Inventories","za_step","none","SBC",2,FALSE,"eigen","r = 0",7.65700249730384,12.91,14.9,19.19,FALSE
"D_deflated_censusIC","Airfreight","Total_Inventories","za_step","none","SBC",2,FALSE,"eigen","r <= 1",3.42147664336935,6.5,8.18,11.65,FALSE
"D_deflated_censusIC","Airfreight","Total_Inventories","za_step","const","AIC",6,FALSE,"trace","r = 0",8.64445413370657,17.85,19.96,24.6,FALSE
"D_deflated_censusIC","Airfreight","Total_Inventories","za_step","const","AIC",6,FALSE,"trace","r <= 1",3.19409279396299,7.52,9.24,12.97,FALSE
"D_deflated_censusIC","Airfreight","Total_Inventories","za_step","const","AIC",6,FALSE,"eigen","r = 0",5.45036133974358,13.75,15.67,20.2,FALSE
"D_deflated_censusIC","Airfreight","Total_Inventories","za_step","const","AIC",6,FALSE,"eigen","r <= 1",3.19409279396299,7.52,9.24,12.97,FALSE
"D_deflated_censusIC","Airfreight","Total_Inventories","za_step","const","SBC",2,FALSE,"trace","r = 0",12.0373796078624,17.85,19.96,24.6,FALSE
"D_deflated_censusIC","Airfreight","Total_Inventories","za_step","const","SBC",2,FALSE,"trace","r <= 1",3.42824934930454,7.52,9.24,12.97,FALSE
"D_deflated_censusIC","Airfreight","Total_Inventories","za_step","const","SBC",2,FALSE,"eigen","r = 0",8.60913025855784,13.75,15.67,20.2,FALSE
"D_deflated_censusIC","Airfreight","Total_Inventories","za_step","const","SBC",2,FALSE,"eigen","r <= 1",3.42824934930454,7.52,9.24,12.97,FALSE
"D_deflated_censusIC","Airfreight","Total_Inventories","za_step","trend","AIC",6,FALSE,"trace","r = 0",12.8856170458467,22.76,25.32,30.45,FALSE
"D_deflated_censusIC","Airfreight","Total_Inventories","za_step","trend","AIC",6,FALSE,"trace","r <= 1",4.41874979288826,10.49,12.25,16.26,FALSE
"D_deflated_censusIC","Airfreight","Total_Inventories","za_step","trend","AIC",6,FALSE,"eigen","r = 0",8.46686725295846,16.85,18.96,23.65,FALSE
"D_deflated_censusIC","Airfreight","Total_Inventories","za_step","trend","AIC",6,FALSE,"eigen","r <= 1",4.41874979288826,10.49,12.25,16.26,FALSE
"D_deflated_censusIC","Airfreight","Total_Inventories","za_step","trend","SBC",2,FALSE,"trace","r = 0",19.997622355268,22.76,25.32,30.45,FALSE
"D_deflated_censusIC","Airfreight","Total_Inventories","za_step","trend","SBC",2,FALSE,"trace","r <= 1",6.30326519003216,10.49,12.25,16.26,FALSE
"D_deflated_censusIC","Airfreight","Total_Inventories","za_step","trend","SBC",2,FALSE,"eigen","r = 0",13.6943571652359,16.85,18.96,23.65,FALSE
"D_deflated_censusIC","Airfreight","Total_Inventories","za_step","trend","SBC",2,FALSE,"eigen","r <= 1",6.30326519003216,10.49,12.25,16.26,FALSE
"D_deflated_censusIC","Airfreight","Total_Inventories","za_window","none","AIC",6,FALSE,"trace","r = 0",4.31907007081114,15.66,17.95,23.52,FALSE
"D_deflated_censusIC","Airfreight","Total_Inventories","za_window","none","AIC",6,FALSE,"trace","r <= 1",0.931990178696953,6.5,8.18,11.65,FALSE
"D_deflated_censusIC","Airfreight","Total_Inventories","za_window","none","AIC",6,FALSE,"eigen","r = 0",3.38707989211418,12.91,14.9,19.19,FALSE
"D_deflated_censusIC","Airfreight","Total_Inventories","za_window","none","AIC",6,FALSE,"eigen","r <= 1",0.931990178696953,6.5,8.18,11.65,FALSE
"D_deflated_censusIC","Airfreight","Total_Inventories","za_window","none","SBC",2,FALSE,"trace","r = 0",6.63896836010673,15.66,17.95,23.52,FALSE
"D_deflated_censusIC","Airfreight","Total_Inventories","za_window","none","SBC",2,FALSE,"trace","r <= 1",2.97105653234084,6.5,8.18,11.65,FALSE
"D_deflated_censusIC","Airfreight","Total_Inventories","za_window","none","SBC",2,FALSE,"eigen","r = 0",3.6679118277659,12.91,14.9,19.19,FALSE
"D_deflated_censusIC","Airfreight","Total_Inventories","za_window","none","SBC",2,FALSE,"eigen","r <= 1",2.97105653234084,6.5,8.18,11.65,FALSE
"D_deflated_censusIC","Airfreight","Total_Inventories","za_window","const","AIC",6,FALSE,"trace","r = 0",5.86387728334973,17.85,19.96,24.6,FALSE
"D_deflated_censusIC","Airfreight","Total_Inventories","za_window","const","AIC",6,FALSE,"trace","r <= 1",2.27228926814372,7.52,9.24,12.97,FALSE
"D_deflated_censusIC","Airfreight","Total_Inventories","za_window","const","AIC",6,FALSE,"eigen","r = 0",3.59158801520601,13.75,15.67,20.2,FALSE
"D_deflated_censusIC","Airfreight","Total_Inventories","za_window","const","AIC",6,FALSE,"eigen","r <= 1",2.27228926814372,7.52,9.24,12.97,FALSE
"D_deflated_censusIC","Airfreight","Total_Inventories","za_window","const","SBC",2,FALSE,"trace","r = 0",7.93751239663588,17.85,19.96,24.6,FALSE
"D_deflated_censusIC","Airfreight","Total_Inventories","za_window","const","SBC",2,FALSE,"trace","r <= 1",3.58726827176738,7.52,9.24,12.97,FALSE
"D_deflated_censusIC","Airfreight","Total_Inventories","za_window","const","SBC",2,FALSE,"eigen","r = 0",4.3502441248685,13.75,15.67,20.2,FALSE
"D_deflated_censusIC","Airfreight","Total_Inventories","za_window","const","SBC",2,FALSE,"eigen","r <= 1",3.58726827176738,7.52,9.24,12.97,FALSE
"D_deflated_censusIC","Airfreight","Total_Inventories","za_window","trend","AIC",6,FALSE,"trace","r = 0",8.16985007288148,22.76,25.32,30.45,FALSE
"D_deflated_censusIC","Airfreight","Total_Inventories","za_window","trend","AIC",6,FALSE,"trace","r <= 1",1.47650142030213,10.49,12.25,16.26,FALSE
"D_deflated_censusIC","Airfreight","Total_Inventories","za_window","trend","AIC",6,FALSE,"eigen","r = 0",6.69334865257934,16.85,18.96,23.65,FALSE
"D_deflated_censusIC","Airfreight","Total_Inventories","za_window","trend","AIC",6,FALSE,"eigen","r <= 1",1.47650142030213,10.49,12.25,16.26,FALSE
"D_deflated_censusIC","Airfreight","Total_Inventories","za_window","trend","SBC",2,FALSE,"trace","r = 0",11.1302137452193,22.76,25.32,30.45,FALSE
"D_deflated_censusIC","Airfreight","Total_Inventories","za_window","trend","SBC",2,FALSE,"trace","r <= 1",3.18120534777476,10.49,12.25,16.26,FALSE
"D_deflated_censusIC","Airfreight","Total_Inventories","za_window","trend","SBC",2,FALSE,"eigen","r = 0",7.94900839744452,16.85,18.96,23.65,FALSE
"D_deflated_censusIC","Airfreight","Total_Inventories","za_window","trend","SBC",2,FALSE,"eigen","r <= 1",3.18120534777476,10.49,12.25,16.26,FALSE
"D_deflated_censusIC","Airfreight","Total_Inventories","za_series","none","AIC",6,FALSE,"trace","r = 0",3.46651016406641,15.66,17.95,23.52,FALSE
"D_deflated_censusIC","Airfreight","Total_Inventories","za_series","none","AIC",6,FALSE,"trace","r <= 1",0.1583175431586,6.5,8.18,11.65,FALSE
"D_deflated_censusIC","Airfreight","Total_Inventories","za_series","none","AIC",6,FALSE,"eigen","r = 0",3.30819262090781,12.91,14.9,19.19,FALSE
"D_deflated_censusIC","Airfreight","Total_Inventories","za_series","none","AIC",6,FALSE,"eigen","r <= 1",0.1583175431586,6.5,8.18,11.65,FALSE
"D_deflated_censusIC","Airfreight","Total_Inventories","za_series","none","SBC",2,FALSE,"trace","r = 0",6.79880325135776,15.66,17.95,23.52,FALSE
"D_deflated_censusIC","Airfreight","Total_Inventories","za_series","none","SBC",2,FALSE,"trace","r <= 1",1.36089244756509,6.5,8.18,11.65,FALSE
"D_deflated_censusIC","Airfreight","Total_Inventories","za_series","none","SBC",2,FALSE,"eigen","r = 0",5.43791080379267,12.91,14.9,19.19,FALSE
"D_deflated_censusIC","Airfreight","Total_Inventories","za_series","none","SBC",2,FALSE,"eigen","r <= 1",1.36089244756509,6.5,8.18,11.65,FALSE
"D_deflated_censusIC","Airfreight","Total_Inventories","za_series","const","AIC",6,FALSE,"trace","r = 0",3.5509340474568,17.85,19.96,24.6,FALSE
"D_deflated_censusIC","Airfreight","Total_Inventories","za_series","const","AIC",6,FALSE,"trace","r <= 1",0.210810792821093,7.52,9.24,12.97,FALSE
"D_deflated_censusIC","Airfreight","Total_Inventories","za_series","const","AIC",6,FALSE,"eigen","r = 0",3.34012325463571,13.75,15.67,20.2,FALSE
"D_deflated_censusIC","Airfreight","Total_Inventories","za_series","const","AIC",6,FALSE,"eigen","r <= 1",0.210810792821093,7.52,9.24,12.97,FALSE
"D_deflated_censusIC","Airfreight","Total_Inventories","za_series","const","SBC",2,FALSE,"trace","r = 0",6.9360464807819,17.85,19.96,24.6,FALSE
"D_deflated_censusIC","Airfreight","Total_Inventories","za_series","const","SBC",2,FALSE,"trace","r <= 1",1.36092808038002,7.52,9.24,12.97,FALSE
"D_deflated_censusIC","Airfreight","Total_Inventories","za_series","const","SBC",2,FALSE,"eigen","r = 0",5.57511840040188,13.75,15.67,20.2,FALSE
"D_deflated_censusIC","Airfreight","Total_Inventories","za_series","const","SBC",2,FALSE,"eigen","r <= 1",1.36092808038002,7.52,9.24,12.97,FALSE
"D_deflated_censusIC","Airfreight","Total_Inventories","za_series","trend","AIC",6,FALSE,"trace","r = 0",5.82453595365569,22.76,25.32,30.45,FALSE
"D_deflated_censusIC","Airfreight","Total_Inventories","za_series","trend","AIC",6,FALSE,"trace","r <= 1",2.38998942342104,10.49,12.25,16.26,FALSE
"D_deflated_censusIC","Airfreight","Total_Inventories","za_series","trend","AIC",6,FALSE,"eigen","r = 0",3.43454653023464,16.85,18.96,23.65,FALSE
"D_deflated_censusIC","Airfreight","Total_Inventories","za_series","trend","AIC",6,FALSE,"eigen","r <= 1",2.38998942342104,10.49,12.25,16.26,FALSE
"D_deflated_censusIC","Airfreight","Total_Inventories","za_series","trend","SBC",2,FALSE,"trace","r = 0",9.89452634009164,22.76,25.32,30.45,FALSE
"D_deflated_censusIC","Airfreight","Total_Inventories","za_series","trend","SBC",2,FALSE,"trace","r <= 1",3.29717412856599,10.49,12.25,16.26,FALSE
"D_deflated_censusIC","Airfreight","Total_Inventories","za_series","trend","SBC",2,FALSE,"eigen","r = 0",6.59735221152565,16.85,18.96,23.65,FALSE
"D_deflated_censusIC","Airfreight","Total_Inventories","za_series","trend","SBC",2,FALSE,"eigen","r <= 1",3.29717412856599,10.49,12.25,16.26,FALSE
"E_prepandemic_censusIC","LTL","Total_Inventories","none","none","AIC",6,TRUE,"trace","r = 0",14.177476800027,15.66,17.95,23.52,FALSE
"E_prepandemic_censusIC","LTL","Total_Inventories","none","none","AIC",6,TRUE,"trace","r <= 1",1.47595636118407,6.5,8.18,11.65,FALSE
"E_prepandemic_censusIC","LTL","Total_Inventories","none","none","AIC",6,TRUE,"eigen","r = 0",12.7015204388429,12.91,14.9,19.19,FALSE
"E_prepandemic_censusIC","LTL","Total_Inventories","none","none","AIC",6,TRUE,"eigen","r <= 1",1.47595636118407,6.5,8.18,11.65,FALSE
"E_prepandemic_censusIC","LTL","Total_Inventories","none","none","SBC",2,TRUE,"trace","r = 0",7.96764673358776,15.66,17.95,23.52,FALSE
"E_prepandemic_censusIC","LTL","Total_Inventories","none","none","SBC",2,TRUE,"trace","r <= 1",0.711742837957506,6.5,8.18,11.65,FALSE
"E_prepandemic_censusIC","LTL","Total_Inventories","none","none","SBC",2,TRUE,"eigen","r = 0",7.25590389563026,12.91,14.9,19.19,FALSE
"E_prepandemic_censusIC","LTL","Total_Inventories","none","none","SBC",2,TRUE,"eigen","r <= 1",0.711742837957506,6.5,8.18,11.65,FALSE
"E_prepandemic_censusIC","LTL","Total_Inventories","none","const","AIC",6,TRUE,"trace","r = 0",22.7105811978673,17.85,19.96,24.6,TRUE
"E_prepandemic_censusIC","LTL","Total_Inventories","none","const","AIC",6,TRUE,"trace","r <= 1",8.0529883740274,7.52,9.24,12.97,FALSE
"E_prepandemic_censusIC","LTL","Total_Inventories","none","const","AIC",6,TRUE,"eigen","r = 0",14.6575928238399,13.75,15.67,20.2,FALSE
"E_prepandemic_censusIC","LTL","Total_Inventories","none","const","AIC",6,TRUE,"eigen","r <= 1",8.0529883740274,7.52,9.24,12.97,FALSE
"E_prepandemic_censusIC","LTL","Total_Inventories","none","const","SBC",2,TRUE,"trace","r = 0",24.311796193111,17.85,19.96,24.6,TRUE
"E_prepandemic_censusIC","LTL","Total_Inventories","none","const","SBC",2,TRUE,"trace","r <= 1",7.24015303433222,7.52,9.24,12.97,FALSE
"E_prepandemic_censusIC","LTL","Total_Inventories","none","const","SBC",2,TRUE,"eigen","r = 0",17.0716431587788,13.75,15.67,20.2,TRUE
"E_prepandemic_censusIC","LTL","Total_Inventories","none","const","SBC",2,TRUE,"eigen","r <= 1",7.2401530343322,7.52,9.24,12.97,FALSE
"E_prepandemic_censusIC","LTL","Total_Inventories","none","trend","AIC",6,TRUE,"trace","r = 0",25.9901947616856,22.76,25.32,30.45,TRUE
"E_prepandemic_censusIC","LTL","Total_Inventories","none","trend","AIC",6,TRUE,"trace","r <= 1",11.17385403167,10.49,12.25,16.26,FALSE
"E_prepandemic_censusIC","LTL","Total_Inventories","none","trend","AIC",6,TRUE,"eigen","r = 0",14.8163407300156,16.85,18.96,23.65,FALSE
"E_prepandemic_censusIC","LTL","Total_Inventories","none","trend","AIC",6,TRUE,"eigen","r <= 1",11.17385403167,10.49,12.25,16.26,FALSE
"E_prepandemic_censusIC","LTL","Total_Inventories","none","trend","SBC",2,TRUE,"trace","r = 0",16.2128824527159,22.76,25.32,30.45,FALSE
"E_prepandemic_censusIC","LTL","Total_Inventories","none","trend","SBC",2,TRUE,"trace","r <= 1",3.70280810765914,10.49,12.25,16.26,FALSE
"E_prepandemic_censusIC","LTL","Total_Inventories","none","trend","SBC",2,TRUE,"eigen","r = 0",12.5100743450568,16.85,18.96,23.65,FALSE
"E_prepandemic_censusIC","LTL","Total_Inventories","none","trend","SBC",2,TRUE,"eigen","r <= 1",3.70280810765914,10.49,12.25,16.26,FALSE
"E_prepandemic_censusIC","LTL","Total_Inventories","crisis_only","none","AIC",6,FALSE,"trace","r = 0",16.5216401557834,15.66,17.95,23.52,FALSE
"E_prepandemic_censusIC","LTL","Total_Inventories","crisis_only","none","AIC",6,FALSE,"trace","r <= 1",3.4836205031081,6.5,8.18,11.65,FALSE
"E_prepandemic_censusIC","LTL","Total_Inventories","crisis_only","none","AIC",6,FALSE,"eigen","r = 0",13.0380196526753,12.91,14.9,19.19,FALSE
"E_prepandemic_censusIC","LTL","Total_Inventories","crisis_only","none","AIC",6,FALSE,"eigen","r <= 1",3.4836205031081,6.5,8.18,11.65,FALSE
"E_prepandemic_censusIC","LTL","Total_Inventories","crisis_only","none","SBC",2,FALSE,"trace","r = 0",13.3206035201941,15.66,17.95,23.52,FALSE
"E_prepandemic_censusIC","LTL","Total_Inventories","crisis_only","none","SBC",2,FALSE,"trace","r <= 1",2.96086026126898,6.5,8.18,11.65,FALSE
"E_prepandemic_censusIC","LTL","Total_Inventories","crisis_only","none","SBC",2,FALSE,"eigen","r = 0",10.3597432589251,12.91,14.9,19.19,FALSE
"E_prepandemic_censusIC","LTL","Total_Inventories","crisis_only","none","SBC",2,FALSE,"eigen","r <= 1",2.96086026126898,6.5,8.18,11.65,FALSE
"E_prepandemic_censusIC","LTL","Total_Inventories","crisis_only","const","AIC",6,FALSE,"trace","r = 0",28.3551510456389,17.85,19.96,24.6,TRUE
"E_prepandemic_censusIC","LTL","Total_Inventories","crisis_only","const","AIC",6,FALSE,"trace","r <= 1",11.2109029400404,7.52,9.24,12.97,TRUE
"E_prepandemic_censusIC","LTL","Total_Inventories","crisis_only","const","AIC",6,FALSE,"eigen","r = 0",17.1442481055984,13.75,15.67,20.2,TRUE
"E_prepandemic_censusIC","LTL","Total_Inventories","crisis_only","const","AIC",6,FALSE,"eigen","r <= 1",11.2109029400404,7.52,9.24,12.97,TRUE
"E_prepandemic_censusIC","LTL","Total_Inventories","crisis_only","const","SBC",2,FALSE,"trace","r = 0",42.9611051148654,17.85,19.96,24.6,TRUE
"E_prepandemic_censusIC","LTL","Total_Inventories","crisis_only","const","SBC",2,FALSE,"trace","r <= 1",7.314407204048,7.52,9.24,12.97,FALSE
"E_prepandemic_censusIC","LTL","Total_Inventories","crisis_only","const","SBC",2,FALSE,"eigen","r = 0",35.6466979108174,13.75,15.67,20.2,TRUE
"E_prepandemic_censusIC","LTL","Total_Inventories","crisis_only","const","SBC",2,FALSE,"eigen","r <= 1",7.31440720404798,7.52,9.24,12.97,FALSE
"E_prepandemic_censusIC","LTL","Total_Inventories","crisis_only","trend","AIC",6,FALSE,"trace","r = 0",24.5739761861093,22.76,25.32,30.45,FALSE
"E_prepandemic_censusIC","LTL","Total_Inventories","crisis_only","trend","AIC",6,FALSE,"trace","r <= 1",11.1451827177785,10.49,12.25,16.26,FALSE
"E_prepandemic_censusIC","LTL","Total_Inventories","crisis_only","trend","AIC",6,FALSE,"eigen","r = 0",13.4287934683307,16.85,18.96,23.65,FALSE
"E_prepandemic_censusIC","LTL","Total_Inventories","crisis_only","trend","AIC",6,FALSE,"eigen","r <= 1",11.1451827177785,10.49,12.25,16.26,FALSE
"E_prepandemic_censusIC","LTL","Total_Inventories","crisis_only","trend","SBC",2,FALSE,"trace","r = 0",20.9375595900409,22.76,25.32,30.45,FALSE
"E_prepandemic_censusIC","LTL","Total_Inventories","crisis_only","trend","SBC",2,FALSE,"trace","r <= 1",6.23083516878415,10.49,12.25,16.26,FALSE
"E_prepandemic_censusIC","LTL","Total_Inventories","crisis_only","trend","SBC",2,FALSE,"eigen","r = 0",14.7067244212568,16.85,18.96,23.65,FALSE
"E_prepandemic_censusIC","LTL","Total_Inventories","crisis_only","trend","SBC",2,FALSE,"eigen","r <= 1",6.23083516878415,10.49,12.25,16.26,FALSE
"E_prepandemic_censusIC","Truckload","Total_Inventories","none","none","AIC",3,TRUE,"trace","r = 0",7.05969597509114,15.66,17.95,23.52,FALSE
"E_prepandemic_censusIC","Truckload","Total_Inventories","none","none","AIC",3,TRUE,"trace","r <= 1",0.191623617366837,6.5,8.18,11.65,FALSE
"E_prepandemic_censusIC","Truckload","Total_Inventories","none","none","AIC",3,TRUE,"eigen","r = 0",6.8680723577243,12.91,14.9,19.19,FALSE
"E_prepandemic_censusIC","Truckload","Total_Inventories","none","none","AIC",3,TRUE,"eigen","r <= 1",0.191623617366837,6.5,8.18,11.65,FALSE
"E_prepandemic_censusIC","Truckload","Total_Inventories","none","none","SBC",2,TRUE,"trace","r = 0",7.33036480828105,15.66,17.95,23.52,FALSE
"E_prepandemic_censusIC","Truckload","Total_Inventories","none","none","SBC",2,TRUE,"trace","r <= 1",0.269225645735023,6.5,8.18,11.65,FALSE
"E_prepandemic_censusIC","Truckload","Total_Inventories","none","none","SBC",2,TRUE,"eigen","r = 0",7.06113916254603,12.91,14.9,19.19,FALSE
"E_prepandemic_censusIC","Truckload","Total_Inventories","none","none","SBC",2,TRUE,"eigen","r <= 1",0.269225645735023,6.5,8.18,11.65,FALSE
"E_prepandemic_censusIC","Truckload","Total_Inventories","none","const","AIC",3,TRUE,"trace","r = 0",14.9425017351034,17.85,19.96,24.6,FALSE
"E_prepandemic_censusIC","Truckload","Total_Inventories","none","const","AIC",3,TRUE,"trace","r <= 1",5.86894283287328,7.52,9.24,12.97,FALSE
"E_prepandemic_censusIC","Truckload","Total_Inventories","none","const","AIC",3,TRUE,"eigen","r = 0",9.07355890223015,13.75,15.67,20.2,FALSE
"E_prepandemic_censusIC","Truckload","Total_Inventories","none","const","AIC",3,TRUE,"eigen","r <= 1",5.86894283287328,7.52,9.24,12.97,FALSE
"E_prepandemic_censusIC","Truckload","Total_Inventories","none","const","SBC",2,TRUE,"trace","r = 0",19.5024502396385,17.85,19.96,24.6,FALSE
"E_prepandemic_censusIC","Truckload","Total_Inventories","none","const","SBC",2,TRUE,"trace","r <= 1",7.02464990846617,7.52,9.24,12.97,FALSE
"E_prepandemic_censusIC","Truckload","Total_Inventories","none","const","SBC",2,TRUE,"eigen","r = 0",12.4778003311723,13.75,15.67,20.2,FALSE
"E_prepandemic_censusIC","Truckload","Total_Inventories","none","const","SBC",2,TRUE,"eigen","r <= 1",7.02464990846621,7.52,9.24,12.97,FALSE
"E_prepandemic_censusIC","Truckload","Total_Inventories","none","trend","AIC",3,TRUE,"trace","r = 0",12.3161029046904,22.76,25.32,30.45,FALSE
"E_prepandemic_censusIC","Truckload","Total_Inventories","none","trend","AIC",3,TRUE,"trace","r <= 1",4.09577737168021,10.49,12.25,16.26,FALSE
"E_prepandemic_censusIC","Truckload","Total_Inventories","none","trend","AIC",3,TRUE,"eigen","r = 0",8.22032553301021,16.85,18.96,23.65,FALSE
"E_prepandemic_censusIC","Truckload","Total_Inventories","none","trend","AIC",3,TRUE,"eigen","r <= 1",4.09577737168021,10.49,12.25,16.26,FALSE
"E_prepandemic_censusIC","Truckload","Total_Inventories","none","trend","SBC",2,TRUE,"trace","r = 0",11.003958127595,22.76,25.32,30.45,FALSE
"E_prepandemic_censusIC","Truckload","Total_Inventories","none","trend","SBC",2,TRUE,"trace","r <= 1",3.12929234816232,10.49,12.25,16.26,FALSE
"E_prepandemic_censusIC","Truckload","Total_Inventories","none","trend","SBC",2,TRUE,"eigen","r = 0",7.87466577943268,16.85,18.96,23.65,FALSE
"E_prepandemic_censusIC","Truckload","Total_Inventories","none","trend","SBC",2,TRUE,"eigen","r <= 1",3.12929234816232,10.49,12.25,16.26,FALSE
"E_prepandemic_censusIC","Truckload","Total_Inventories","crisis_only","none","AIC",3,FALSE,"trace","r = 0",10.0086277861364,15.66,17.95,23.52,FALSE
"E_prepandemic_censusIC","Truckload","Total_Inventories","crisis_only","none","AIC",3,FALSE,"trace","r <= 1",2.67519581636781,6.5,8.18,11.65,FALSE
"E_prepandemic_censusIC","Truckload","Total_Inventories","crisis_only","none","AIC",3,FALSE,"eigen","r = 0",7.33343196976859,12.91,14.9,19.19,FALSE
"E_prepandemic_censusIC","Truckload","Total_Inventories","crisis_only","none","AIC",3,FALSE,"eigen","r <= 1",2.67519581636781,6.5,8.18,11.65,FALSE
"E_prepandemic_censusIC","Truckload","Total_Inventories","crisis_only","none","SBC",2,FALSE,"trace","r = 0",11.9420584881825,15.66,17.95,23.52,FALSE
"E_prepandemic_censusIC","Truckload","Total_Inventories","crisis_only","none","SBC",2,FALSE,"trace","r <= 1",3.10834828432154,6.5,8.18,11.65,FALSE
"E_prepandemic_censusIC","Truckload","Total_Inventories","crisis_only","none","SBC",2,FALSE,"eigen","r = 0",8.83371020386095,12.91,14.9,19.19,FALSE
"E_prepandemic_censusIC","Truckload","Total_Inventories","crisis_only","none","SBC",2,FALSE,"eigen","r <= 1",3.10834828432154,6.5,8.18,11.65,FALSE
"E_prepandemic_censusIC","Truckload","Total_Inventories","crisis_only","const","AIC",3,FALSE,"trace","r = 0",30.3470308827708,17.85,19.96,24.6,TRUE
"E_prepandemic_censusIC","Truckload","Total_Inventories","crisis_only","const","AIC",3,FALSE,"trace","r <= 1",7.02087982053593,7.52,9.24,12.97,FALSE
"E_prepandemic_censusIC","Truckload","Total_Inventories","crisis_only","const","AIC",3,FALSE,"eigen","r = 0",23.3261510622349,13.75,15.67,20.2,TRUE
"E_prepandemic_censusIC","Truckload","Total_Inventories","crisis_only","const","AIC",3,FALSE,"eigen","r <= 1",7.02087982053601,7.52,9.24,12.97,FALSE
"E_prepandemic_censusIC","Truckload","Total_Inventories","crisis_only","const","SBC",2,FALSE,"trace","r = 0",39.2276400004364,17.85,19.96,24.6,TRUE
"E_prepandemic_censusIC","Truckload","Total_Inventories","crisis_only","const","SBC",2,FALSE,"trace","r <= 1",7.05850143660062,7.52,9.24,12.97,FALSE
"E_prepandemic_censusIC","Truckload","Total_Inventories","crisis_only","const","SBC",2,FALSE,"eigen","r = 0",32.1691385638358,13.75,15.67,20.2,TRUE
"E_prepandemic_censusIC","Truckload","Total_Inventories","crisis_only","const","SBC",2,FALSE,"eigen","r <= 1",7.0585014366006,7.52,9.24,12.97,FALSE
"E_prepandemic_censusIC","Truckload","Total_Inventories","crisis_only","trend","AIC",3,FALSE,"trace","r = 0",13.6452648440985,22.76,25.32,30.45,FALSE
"E_prepandemic_censusIC","Truckload","Total_Inventories","crisis_only","trend","AIC",3,FALSE,"trace","r <= 1",6.31156403386345,10.49,12.25,16.26,FALSE
"E_prepandemic_censusIC","Truckload","Total_Inventories","crisis_only","trend","AIC",3,FALSE,"eigen","r = 0",7.33370081023509,16.85,18.96,23.65,FALSE
"E_prepandemic_censusIC","Truckload","Total_Inventories","crisis_only","trend","AIC",3,FALSE,"eigen","r <= 1",6.31156403386345,10.49,12.25,16.26,FALSE
"E_prepandemic_censusIC","Truckload","Total_Inventories","crisis_only","trend","SBC",2,FALSE,"trace","r = 0",14.846088683782,22.76,25.32,30.45,FALSE
"E_prepandemic_censusIC","Truckload","Total_Inventories","crisis_only","trend","SBC",2,FALSE,"trace","r <= 1",6.01132101570139,10.49,12.25,16.26,FALSE
"E_prepandemic_censusIC","Truckload","Total_Inventories","crisis_only","trend","SBC",2,FALSE,"eigen","r = 0",8.83476766808063,16.85,18.96,23.65,FALSE
"E_prepandemic_censusIC","Truckload","Total_Inventories","crisis_only","trend","SBC",2,FALSE,"eigen","r <= 1",6.01132101570139,10.49,12.25,16.26,FALSE
"E_prepandemic_censusIC","Local","Total_Inventories","none","none","AIC",6,TRUE,"trace","r = 0",6.84317937246211,15.66,17.95,23.52,FALSE
"E_prepandemic_censusIC","Local","Total_Inventories","none","none","AIC",6,TRUE,"trace","r <= 1",0.434052156344449,6.5,8.18,11.65,FALSE
"E_prepandemic_censusIC","Local","Total_Inventories","none","none","AIC",6,TRUE,"eigen","r = 0",6.40912721611766,12.91,14.9,19.19,FALSE
"E_prepandemic_censusIC","Local","Total_Inventories","none","none","AIC",6,TRUE,"eigen","r <= 1",0.434052156344449,6.5,8.18,11.65,FALSE
"E_prepandemic_censusIC","Local","Total_Inventories","none","none","SBC",3,TRUE,"trace","r = 0",6.6413894747683,15.66,17.95,23.52,FALSE
"E_prepandemic_censusIC","Local","Total_Inventories","none","none","SBC",3,TRUE,"trace","r <= 1",0.0608360720327985,6.5,8.18,11.65,FALSE
"E_prepandemic_censusIC","Local","Total_Inventories","none","none","SBC",3,TRUE,"eigen","r = 0",6.5805534027355,12.91,14.9,19.19,FALSE
"E_prepandemic_censusIC","Local","Total_Inventories","none","none","SBC",3,TRUE,"eigen","r <= 1",0.0608360720327985,6.5,8.18,11.65,FALSE
"E_prepandemic_censusIC","Local","Total_Inventories","none","const","AIC",6,TRUE,"trace","r = 0",9.89756158453094,17.85,19.96,24.6,FALSE
"E_prepandemic_censusIC","Local","Total_Inventories","none","const","AIC",6,TRUE,"trace","r <= 1",1.80856527280292,7.52,9.24,12.97,FALSE
"E_prepandemic_censusIC","Local","Total_Inventories","none","const","AIC",6,TRUE,"eigen","r = 0",8.08899631172802,13.75,15.67,20.2,FALSE
"E_prepandemic_censusIC","Local","Total_Inventories","none","const","AIC",6,TRUE,"eigen","r <= 1",1.80856527280292,7.52,9.24,12.97,FALSE
"E_prepandemic_censusIC","Local","Total_Inventories","none","const","SBC",3,TRUE,"trace","r = 0",13.5478796241792,17.85,19.96,24.6,FALSE
"E_prepandemic_censusIC","Local","Total_Inventories","none","const","SBC",3,TRUE,"trace","r <= 1",2.38504143831396,7.52,9.24,12.97,FALSE
"E_prepandemic_censusIC","Local","Total_Inventories","none","const","SBC",3,TRUE,"eigen","r = 0",11.1628381858652,13.75,15.67,20.2,FALSE
"E_prepandemic_censusIC","Local","Total_Inventories","none","const","SBC",3,TRUE,"eigen","r <= 1",2.38504143831396,7.52,9.24,12.97,FALSE
"E_prepandemic_censusIC","Local","Total_Inventories","none","trend","AIC",6,TRUE,"trace","r = 0",24.8767211463457,22.76,25.32,30.45,FALSE
"E_prepandemic_censusIC","Local","Total_Inventories","none","trend","AIC",6,TRUE,"trace","r <= 1",6.34436600340323,10.49,12.25,16.26,FALSE
"E_prepandemic_censusIC","Local","Total_Inventories","none","trend","AIC",6,TRUE,"eigen","r = 0",18.5323551429424,16.85,18.96,23.65,FALSE
"E_prepandemic_censusIC","Local","Total_Inventories","none","trend","AIC",6,TRUE,"eigen","r <= 1",6.34436600340323,10.49,12.25,16.26,FALSE
"E_prepandemic_censusIC","Local","Total_Inventories","none","trend","SBC",3,TRUE,"trace","r = 0",16.4244672558915,22.76,25.32,30.45,FALSE
"E_prepandemic_censusIC","Local","Total_Inventories","none","trend","SBC",3,TRUE,"trace","r <= 1",5.50068959023846,10.49,12.25,16.26,FALSE
"E_prepandemic_censusIC","Local","Total_Inventories","none","trend","SBC",3,TRUE,"eigen","r = 0",10.9237776656531,16.85,18.96,23.65,FALSE
"E_prepandemic_censusIC","Local","Total_Inventories","none","trend","SBC",3,TRUE,"eigen","r <= 1",5.50068959023846,10.49,12.25,16.26,FALSE
"E_prepandemic_censusIC","Local","Total_Inventories","crisis_only","none","AIC",3,FALSE,"trace","r = 0",14.5751735435283,15.66,17.95,23.52,FALSE
"E_prepandemic_censusIC","Local","Total_Inventories","crisis_only","none","AIC",3,FALSE,"trace","r <= 1",2.96999195732872,6.5,8.18,11.65,FALSE
"E_prepandemic_censusIC","Local","Total_Inventories","crisis_only","none","AIC",3,FALSE,"eigen","r = 0",11.6051815861996,12.91,14.9,19.19,FALSE
"E_prepandemic_censusIC","Local","Total_Inventories","crisis_only","none","AIC",3,FALSE,"eigen","r <= 1",2.96999195732872,6.5,8.18,11.65,FALSE
"E_prepandemic_censusIC","Local","Total_Inventories","crisis_only","none","SBC",3,FALSE,"trace","r = 0",14.5751735435283,15.66,17.95,23.52,FALSE
"E_prepandemic_censusIC","Local","Total_Inventories","crisis_only","none","SBC",3,FALSE,"trace","r <= 1",2.96999195732872,6.5,8.18,11.65,FALSE
"E_prepandemic_censusIC","Local","Total_Inventories","crisis_only","none","SBC",3,FALSE,"eigen","r = 0",11.6051815861996,12.91,14.9,19.19,FALSE
"E_prepandemic_censusIC","Local","Total_Inventories","crisis_only","none","SBC",3,FALSE,"eigen","r <= 1",2.96999195732872,6.5,8.18,11.65,FALSE
"E_prepandemic_censusIC","Local","Total_Inventories","crisis_only","const","AIC",3,FALSE,"trace","r = 0",33.5955112843789,17.85,19.96,24.6,TRUE
"E_prepandemic_censusIC","Local","Total_Inventories","crisis_only","const","AIC",3,FALSE,"trace","r <= 1",9.03451131179456,7.52,9.24,12.97,FALSE
"E_prepandemic_censusIC","Local","Total_Inventories","crisis_only","const","AIC",3,FALSE,"eigen","r = 0",24.5609999725843,13.75,15.67,20.2,TRUE
"E_prepandemic_censusIC","Local","Total_Inventories","crisis_only","const","AIC",3,FALSE,"eigen","r <= 1",9.03451131179461,7.52,9.24,12.97,FALSE
"E_prepandemic_censusIC","Local","Total_Inventories","crisis_only","const","SBC",3,FALSE,"trace","r = 0",33.5955112843789,17.85,19.96,24.6,TRUE
"E_prepandemic_censusIC","Local","Total_Inventories","crisis_only","const","SBC",3,FALSE,"trace","r <= 1",9.03451131179456,7.52,9.24,12.97,FALSE
"E_prepandemic_censusIC","Local","Total_Inventories","crisis_only","const","SBC",3,FALSE,"eigen","r = 0",24.5609999725843,13.75,15.67,20.2,TRUE
"E_prepandemic_censusIC","Local","Total_Inventories","crisis_only","const","SBC",3,FALSE,"eigen","r <= 1",9.03451131179461,7.52,9.24,12.97,FALSE
"E_prepandemic_censusIC","Local","Total_Inventories","crisis_only","trend","AIC",3,FALSE,"trace","r = 0",18.0600045001903,22.76,25.32,30.45,FALSE
"E_prepandemic_censusIC","Local","Total_Inventories","crisis_only","trend","AIC",3,FALSE,"trace","r <= 1",6.0710985774745,10.49,12.25,16.26,FALSE
"E_prepandemic_censusIC","Local","Total_Inventories","crisis_only","trend","AIC",3,FALSE,"eigen","r = 0",11.9889059227158,16.85,18.96,23.65,FALSE
"E_prepandemic_censusIC","Local","Total_Inventories","crisis_only","trend","AIC",3,FALSE,"eigen","r <= 1",6.0710985774745,10.49,12.25,16.26,FALSE
"E_prepandemic_censusIC","Local","Total_Inventories","crisis_only","trend","SBC",3,FALSE,"trace","r = 0",18.0600045001903,22.76,25.32,30.45,FALSE
"E_prepandemic_censusIC","Local","Total_Inventories","crisis_only","trend","SBC",3,FALSE,"trace","r <= 1",6.0710985774745,10.49,12.25,16.26,FALSE
"E_prepandemic_censusIC","Local","Total_Inventories","crisis_only","trend","SBC",3,FALSE,"eigen","r = 0",11.9889059227158,16.85,18.96,23.65,FALSE
"E_prepandemic_censusIC","Local","Total_Inventories","crisis_only","trend","SBC",3,FALSE,"eigen","r <= 1",6.0710985774745,10.49,12.25,16.26,FALSE
"E_prepandemic_censusIC","Airfreight","Total_Inventories","none","none","AIC",4,TRUE,"trace","r = 0",4.33815279440616,15.66,17.95,23.52,FALSE
"E_prepandemic_censusIC","Airfreight","Total_Inventories","none","none","AIC",4,TRUE,"trace","r <= 1",0.254556046270975,6.5,8.18,11.65,FALSE
"E_prepandemic_censusIC","Airfreight","Total_Inventories","none","none","AIC",4,TRUE,"eigen","r = 0",4.08359674813519,12.91,14.9,19.19,FALSE
"E_prepandemic_censusIC","Airfreight","Total_Inventories","none","none","AIC",4,TRUE,"eigen","r <= 1",0.254556046270975,6.5,8.18,11.65,FALSE
"E_prepandemic_censusIC","Airfreight","Total_Inventories","none","none","SBC",3,TRUE,"trace","r = 0",3.16269879719304,15.66,17.95,23.52,FALSE
"E_prepandemic_censusIC","Airfreight","Total_Inventories","none","none","SBC",3,TRUE,"trace","r <= 1",0.380056976593422,6.5,8.18,11.65,FALSE
"E_prepandemic_censusIC","Airfreight","Total_Inventories","none","none","SBC",3,TRUE,"eigen","r = 0",2.78264182059962,12.91,14.9,19.19,FALSE
"E_prepandemic_censusIC","Airfreight","Total_Inventories","none","none","SBC",3,TRUE,"eigen","r <= 1",0.380056976593422,6.5,8.18,11.65,FALSE
"E_prepandemic_censusIC","Airfreight","Total_Inventories","none","const","AIC",4,TRUE,"trace","r = 0",8.88601113342182,17.85,19.96,24.6,FALSE
"E_prepandemic_censusIC","Airfreight","Total_Inventories","none","const","AIC",4,TRUE,"trace","r <= 1",3.45051003324471,7.52,9.24,12.97,FALSE
"E_prepandemic_censusIC","Airfreight","Total_Inventories","none","const","AIC",4,TRUE,"eigen","r = 0",5.43550110017711,13.75,15.67,20.2,FALSE
"E_prepandemic_censusIC","Airfreight","Total_Inventories","none","const","AIC",4,TRUE,"eigen","r <= 1",3.45051003324471,7.52,9.24,12.97,FALSE
"E_prepandemic_censusIC","Airfreight","Total_Inventories","none","const","SBC",3,TRUE,"trace","r = 0",10.1042127695036,17.85,19.96,24.6,FALSE
"E_prepandemic_censusIC","Airfreight","Total_Inventories","none","const","SBC",3,TRUE,"trace","r <= 1",2.73510027535065,7.52,9.24,12.97,FALSE
"E_prepandemic_censusIC","Airfreight","Total_Inventories","none","const","SBC",3,TRUE,"eigen","r = 0",7.3691124941529,13.75,15.67,20.2,FALSE
"E_prepandemic_censusIC","Airfreight","Total_Inventories","none","const","SBC",3,TRUE,"eigen","r <= 1",2.73510027535065,7.52,9.24,12.97,FALSE
"E_prepandemic_censusIC","Airfreight","Total_Inventories","none","trend","AIC",4,TRUE,"trace","r = 0",14.5515537996337,22.76,25.32,30.45,FALSE
"E_prepandemic_censusIC","Airfreight","Total_Inventories","none","trend","AIC",4,TRUE,"trace","r <= 1",2.91656978956359,10.49,12.25,16.26,FALSE
"E_prepandemic_censusIC","Airfreight","Total_Inventories","none","trend","AIC",4,TRUE,"eigen","r = 0",11.6349840100701,16.85,18.96,23.65,FALSE
"E_prepandemic_censusIC","Airfreight","Total_Inventories","none","trend","AIC",4,TRUE,"eigen","r <= 1",2.91656978956359,10.49,12.25,16.26,FALSE
"E_prepandemic_censusIC","Airfreight","Total_Inventories","none","trend","SBC",3,TRUE,"trace","r = 0",10.5191164000054,22.76,25.32,30.45,FALSE
"E_prepandemic_censusIC","Airfreight","Total_Inventories","none","trend","SBC",3,TRUE,"trace","r <= 1",1.78714000285279,10.49,12.25,16.26,FALSE
"E_prepandemic_censusIC","Airfreight","Total_Inventories","none","trend","SBC",3,TRUE,"eigen","r = 0",8.73197639715258,16.85,18.96,23.65,FALSE
"E_prepandemic_censusIC","Airfreight","Total_Inventories","none","trend","SBC",3,TRUE,"eigen","r <= 1",1.78714000285279,10.49,12.25,16.26,FALSE
"E_prepandemic_censusIC","Airfreight","Total_Inventories","crisis_only","none","AIC",3,FALSE,"trace","r = 0",4.96548838081339,15.66,17.95,23.52,FALSE
"E_prepandemic_censusIC","Airfreight","Total_Inventories","crisis_only","none","AIC",3,FALSE,"trace","r <= 1",1.72107282713923,6.5,8.18,11.65,FALSE
"E_prepandemic_censusIC","Airfreight","Total_Inventories","crisis_only","none","AIC",3,FALSE,"eigen","r = 0",3.24441555367416,12.91,14.9,19.19,FALSE
"E_prepandemic_censusIC","Airfreight","Total_Inventories","crisis_only","none","AIC",3,FALSE,"eigen","r <= 1",1.72107282713923,6.5,8.18,11.65,FALSE
"E_prepandemic_censusIC","Airfreight","Total_Inventories","crisis_only","none","SBC",3,FALSE,"trace","r = 0",4.96548838081339,15.66,17.95,23.52,FALSE
"E_prepandemic_censusIC","Airfreight","Total_Inventories","crisis_only","none","SBC",3,FALSE,"trace","r <= 1",1.72107282713923,6.5,8.18,11.65,FALSE
"E_prepandemic_censusIC","Airfreight","Total_Inventories","crisis_only","none","SBC",3,FALSE,"eigen","r = 0",3.24441555367416,12.91,14.9,19.19,FALSE
"E_prepandemic_censusIC","Airfreight","Total_Inventories","crisis_only","none","SBC",3,FALSE,"eigen","r <= 1",1.72107282713923,6.5,8.18,11.65,FALSE
"E_prepandemic_censusIC","Airfreight","Total_Inventories","crisis_only","const","AIC",3,FALSE,"trace","r = 0",24.9222409441339,17.85,19.96,24.6,TRUE
"E_prepandemic_censusIC","Airfreight","Total_Inventories","crisis_only","const","AIC",3,FALSE,"trace","r <= 1",2.2402026067242,7.52,9.24,12.97,FALSE
"E_prepandemic_censusIC","Airfreight","Total_Inventories","crisis_only","const","AIC",3,FALSE,"eigen","r = 0",22.6820383374098,13.75,15.67,20.2,TRUE
"E_prepandemic_censusIC","Airfreight","Total_Inventories","crisis_only","const","AIC",3,FALSE,"eigen","r <= 1",2.24020260672403,7.52,9.24,12.97,FALSE
"E_prepandemic_censusIC","Airfreight","Total_Inventories","crisis_only","const","SBC",3,FALSE,"trace","r = 0",24.9222409441339,17.85,19.96,24.6,TRUE
"E_prepandemic_censusIC","Airfreight","Total_Inventories","crisis_only","const","SBC",3,FALSE,"trace","r <= 1",2.2402026067242,7.52,9.24,12.97,FALSE
"E_prepandemic_censusIC","Airfreight","Total_Inventories","crisis_only","const","SBC",3,FALSE,"eigen","r = 0",22.6820383374098,13.75,15.67,20.2,TRUE
"E_prepandemic_censusIC","Airfreight","Total_Inventories","crisis_only","const","SBC",3,FALSE,"eigen","r <= 1",2.24020260672403,7.52,9.24,12.97,FALSE
"E_prepandemic_censusIC","Airfreight","Total_Inventories","crisis_only","trend","AIC",3,FALSE,"trace","r = 0",10.6518674951858,22.76,25.32,30.45,FALSE
"E_prepandemic_censusIC","Airfreight","Total_Inventories","crisis_only","trend","AIC",3,FALSE,"trace","r <= 1",1.84849441871376,10.49,12.25,16.26,FALSE
"E_prepandemic_censusIC","Airfreight","Total_Inventories","crisis_only","trend","AIC",3,FALSE,"eigen","r = 0",8.80337307647205,16.85,18.96,23.65,FALSE
"E_prepandemic_censusIC","Airfreight","Total_Inventories","crisis_only","trend","AIC",3,FALSE,"eigen","r <= 1",1.84849441871376,10.49,12.25,16.26,FALSE
"E_prepandemic_censusIC","Airfreight","Total_Inventories","crisis_only","trend","SBC",3,FALSE,"trace","r = 0",10.6518674951858,22.76,25.32,30.45,FALSE
"E_prepandemic_censusIC","Airfreight","Total_Inventories","crisis_only","trend","SBC",3,FALSE,"trace","r <= 1",1.84849441871376,10.49,12.25,16.26,FALSE
"E_prepandemic_censusIC","Airfreight","Total_Inventories","crisis_only","trend","SBC",3,FALSE,"eigen","r = 0",8.80337307647205,16.85,18.96,23.65,FALSE
"E_prepandemic_censusIC","Airfreight","Total_Inventories","crisis_only","trend","SBC",3,FALSE,"eigen","r <= 1",1.84849441871376,10.49,12.25,16.26,FALSE
"F_prepandemic_2009_censusIC","LTL","Total_Inventories","none","none","AIC",2,TRUE,"trace","r = 0",4.91844533091408,15.66,17.95,23.52,FALSE
"F_prepandemic_2009_censusIC","LTL","Total_Inventories","none","none","AIC",2,TRUE,"trace","r <= 1",0.319963863211635,6.5,8.18,11.65,FALSE
"F_prepandemic_2009_censusIC","LTL","Total_Inventories","none","none","AIC",2,TRUE,"eigen","r = 0",4.59848146770245,12.91,14.9,19.19,FALSE
"F_prepandemic_2009_censusIC","LTL","Total_Inventories","none","none","AIC",2,TRUE,"eigen","r <= 1",0.319963863211635,6.5,8.18,11.65,FALSE
"F_prepandemic_2009_censusIC","LTL","Total_Inventories","none","none","SBC",2,TRUE,"trace","r = 0",4.91844533091408,15.66,17.95,23.52,FALSE
"F_prepandemic_2009_censusIC","LTL","Total_Inventories","none","none","SBC",2,TRUE,"trace","r <= 1",0.319963863211635,6.5,8.18,11.65,FALSE
"F_prepandemic_2009_censusIC","LTL","Total_Inventories","none","none","SBC",2,TRUE,"eigen","r = 0",4.59848146770245,12.91,14.9,19.19,FALSE
"F_prepandemic_2009_censusIC","LTL","Total_Inventories","none","none","SBC",2,TRUE,"eigen","r <= 1",0.319963863211635,6.5,8.18,11.65,FALSE
"F_prepandemic_2009_censusIC","LTL","Total_Inventories","none","const","AIC",2,TRUE,"trace","r = 0",17.5072234318893,17.85,19.96,24.6,FALSE
"F_prepandemic_2009_censusIC","LTL","Total_Inventories","none","const","AIC",2,TRUE,"trace","r <= 1",4.57261538689353,7.52,9.24,12.97,FALSE
"F_prepandemic_2009_censusIC","LTL","Total_Inventories","none","const","AIC",2,TRUE,"eigen","r = 0",12.9346080449958,13.75,15.67,20.2,FALSE
"F_prepandemic_2009_censusIC","LTL","Total_Inventories","none","const","AIC",2,TRUE,"eigen","r <= 1",4.57261538689353,7.52,9.24,12.97,FALSE
"F_prepandemic_2009_censusIC","LTL","Total_Inventories","none","const","SBC",2,TRUE,"trace","r = 0",17.5072234318893,17.85,19.96,24.6,FALSE
"F_prepandemic_2009_censusIC","LTL","Total_Inventories","none","const","SBC",2,TRUE,"trace","r <= 1",4.57261538689353,7.52,9.24,12.97,FALSE
"F_prepandemic_2009_censusIC","LTL","Total_Inventories","none","const","SBC",2,TRUE,"eigen","r = 0",12.9346080449958,13.75,15.67,20.2,FALSE
"F_prepandemic_2009_censusIC","LTL","Total_Inventories","none","const","SBC",2,TRUE,"eigen","r <= 1",4.57261538689353,7.52,9.24,12.97,FALSE
"F_prepandemic_2009_censusIC","LTL","Total_Inventories","none","trend","AIC",2,TRUE,"trace","r = 0",8.53532940892789,22.76,25.32,30.45,FALSE
"F_prepandemic_2009_censusIC","LTL","Total_Inventories","none","trend","AIC",2,TRUE,"trace","r <= 1",3.28339091856473,10.49,12.25,16.26,FALSE
"F_prepandemic_2009_censusIC","LTL","Total_Inventories","none","trend","AIC",2,TRUE,"eigen","r = 0",5.25193849036316,16.85,18.96,23.65,FALSE
"F_prepandemic_2009_censusIC","LTL","Total_Inventories","none","trend","AIC",2,TRUE,"eigen","r <= 1",3.28339091856473,10.49,12.25,16.26,FALSE
"F_prepandemic_2009_censusIC","LTL","Total_Inventories","none","trend","SBC",2,TRUE,"trace","r = 0",8.53532940892789,22.76,25.32,30.45,FALSE
"F_prepandemic_2009_censusIC","LTL","Total_Inventories","none","trend","SBC",2,TRUE,"trace","r <= 1",3.28339091856473,10.49,12.25,16.26,FALSE
"F_prepandemic_2009_censusIC","LTL","Total_Inventories","none","trend","SBC",2,TRUE,"eigen","r = 0",5.25193849036316,16.85,18.96,23.65,FALSE
"F_prepandemic_2009_censusIC","LTL","Total_Inventories","none","trend","SBC",2,TRUE,"eigen","r <= 1",3.28339091856473,10.49,12.25,16.26,FALSE
"F_prepandemic_2009_censusIC","LTL","Total_Inventories","crisis_only","none","AIC",2,FALSE,"trace","r = 0",27.5357523773093,15.66,17.95,23.52,TRUE
"F_prepandemic_2009_censusIC","LTL","Total_Inventories","crisis_only","none","AIC",2,FALSE,"trace","r <= 1",2.52971540538136,6.5,8.18,11.65,FALSE
"F_prepandemic_2009_censusIC","LTL","Total_Inventories","crisis_only","none","AIC",2,FALSE,"eigen","r = 0",25.006036971928,12.91,14.9,19.19,TRUE
"F_prepandemic_2009_censusIC","LTL","Total_Inventories","crisis_only","none","AIC",2,FALSE,"eigen","r <= 1",2.52971540538136,6.5,8.18,11.65,FALSE
"F_prepandemic_2009_censusIC","LTL","Total_Inventories","crisis_only","none","SBC",2,FALSE,"trace","r = 0",27.5357523773093,15.66,17.95,23.52,TRUE
"F_prepandemic_2009_censusIC","LTL","Total_Inventories","crisis_only","none","SBC",2,FALSE,"trace","r <= 1",2.52971540538136,6.5,8.18,11.65,FALSE
"F_prepandemic_2009_censusIC","LTL","Total_Inventories","crisis_only","none","SBC",2,FALSE,"eigen","r = 0",25.006036971928,12.91,14.9,19.19,TRUE
"F_prepandemic_2009_censusIC","LTL","Total_Inventories","crisis_only","none","SBC",2,FALSE,"eigen","r <= 1",2.52971540538136,6.5,8.18,11.65,FALSE
"F_prepandemic_2009_censusIC","LTL","Total_Inventories","crisis_only","const","AIC",2,FALSE,"trace","r = 0",53.9594473689991,17.85,19.96,24.6,TRUE
"F_prepandemic_2009_censusIC","LTL","Total_Inventories","crisis_only","const","AIC",2,FALSE,"trace","r <= 1",5.3975332312948,7.52,9.24,12.97,FALSE
"F_prepandemic_2009_censusIC","LTL","Total_Inventories","crisis_only","const","AIC",2,FALSE,"eigen","r = 0",48.5619141377043,13.75,15.67,20.2,TRUE
"F_prepandemic_2009_censusIC","LTL","Total_Inventories","crisis_only","const","AIC",2,FALSE,"eigen","r <= 1",5.3975332312948,7.52,9.24,12.97,FALSE
"F_prepandemic_2009_censusIC","LTL","Total_Inventories","crisis_only","const","SBC",2,FALSE,"trace","r = 0",53.9594473689991,17.85,19.96,24.6,TRUE
"F_prepandemic_2009_censusIC","LTL","Total_Inventories","crisis_only","const","SBC",2,FALSE,"trace","r <= 1",5.3975332312948,7.52,9.24,12.97,FALSE
"F_prepandemic_2009_censusIC","LTL","Total_Inventories","crisis_only","const","SBC",2,FALSE,"eigen","r = 0",48.5619141377043,13.75,15.67,20.2,TRUE
"F_prepandemic_2009_censusIC","LTL","Total_Inventories","crisis_only","const","SBC",2,FALSE,"eigen","r <= 1",5.3975332312948,7.52,9.24,12.97,FALSE
"F_prepandemic_2009_censusIC","LTL","Total_Inventories","crisis_only","trend","AIC",2,FALSE,"trace","r = 0",32.7350191978015,22.76,25.32,30.45,TRUE
"F_prepandemic_2009_censusIC","LTL","Total_Inventories","crisis_only","trend","AIC",2,FALSE,"trace","r <= 1",5.15498218662735,10.49,12.25,16.26,FALSE
"F_prepandemic_2009_censusIC","LTL","Total_Inventories","crisis_only","trend","AIC",2,FALSE,"eigen","r = 0",27.5800370111742,16.85,18.96,23.65,TRUE
"F_prepandemic_2009_censusIC","LTL","Total_Inventories","crisis_only","trend","AIC",2,FALSE,"eigen","r <= 1",5.15498218662735,10.49,12.25,16.26,FALSE
"F_prepandemic_2009_censusIC","LTL","Total_Inventories","crisis_only","trend","SBC",2,FALSE,"trace","r = 0",32.7350191978015,22.76,25.32,30.45,TRUE
"F_prepandemic_2009_censusIC","LTL","Total_Inventories","crisis_only","trend","SBC",2,FALSE,"trace","r <= 1",5.15498218662735,10.49,12.25,16.26,FALSE
"F_prepandemic_2009_censusIC","LTL","Total_Inventories","crisis_only","trend","SBC",2,FALSE,"eigen","r = 0",27.5800370111742,16.85,18.96,23.65,TRUE
"F_prepandemic_2009_censusIC","LTL","Total_Inventories","crisis_only","trend","SBC",2,FALSE,"eigen","r <= 1",5.15498218662735,10.49,12.25,16.26,FALSE
"F_prepandemic_2009_censusIC","Truckload","Total_Inventories","none","none","AIC",2,TRUE,"trace","r = 0",5.82855529990928,15.66,17.95,23.52,FALSE
"F_prepandemic_2009_censusIC","Truckload","Total_Inventories","none","none","AIC",2,TRUE,"trace","r <= 1",0.29784377794661,6.5,8.18,11.65,FALSE
"F_prepandemic_2009_censusIC","Truckload","Total_Inventories","none","none","AIC",2,TRUE,"eigen","r = 0",5.53071152196267,12.91,14.9,19.19,FALSE
"F_prepandemic_2009_censusIC","Truckload","Total_Inventories","none","none","AIC",2,TRUE,"eigen","r <= 1",0.29784377794661,6.5,8.18,11.65,FALSE
"F_prepandemic_2009_censusIC","Truckload","Total_Inventories","none","none","SBC",2,TRUE,"trace","r = 0",5.82855529990928,15.66,17.95,23.52,FALSE
"F_prepandemic_2009_censusIC","Truckload","Total_Inventories","none","none","SBC",2,TRUE,"trace","r <= 1",0.29784377794661,6.5,8.18,11.65,FALSE
"F_prepandemic_2009_censusIC","Truckload","Total_Inventories","none","none","SBC",2,TRUE,"eigen","r = 0",5.53071152196267,12.91,14.9,19.19,FALSE
"F_prepandemic_2009_censusIC","Truckload","Total_Inventories","none","none","SBC",2,TRUE,"eigen","r <= 1",0.29784377794661,6.5,8.18,11.65,FALSE
"F_prepandemic_2009_censusIC","Truckload","Total_Inventories","none","const","AIC",2,TRUE,"trace","r = 0",17.0689238159089,17.85,19.96,24.6,FALSE
"F_prepandemic_2009_censusIC","Truckload","Total_Inventories","none","const","AIC",2,TRUE,"trace","r <= 1",3.75718956756154,7.52,9.24,12.97,FALSE
"F_prepandemic_2009_censusIC","Truckload","Total_Inventories","none","const","AIC",2,TRUE,"eigen","r = 0",13.3117342483474,13.75,15.67,20.2,FALSE
"F_prepandemic_2009_censusIC","Truckload","Total_Inventories","none","const","AIC",2,TRUE,"eigen","r <= 1",3.75718956756154,7.52,9.24,12.97,FALSE
"F_prepandemic_2009_censusIC","Truckload","Total_Inventories","none","const","SBC",2,TRUE,"trace","r = 0",17.0689238159089,17.85,19.96,24.6,FALSE
"F_prepandemic_2009_censusIC","Truckload","Total_Inventories","none","const","SBC",2,TRUE,"trace","r <= 1",3.75718956756154,7.52,9.24,12.97,FALSE
"F_prepandemic_2009_censusIC","Truckload","Total_Inventories","none","const","SBC",2,TRUE,"eigen","r = 0",13.3117342483474,13.75,15.67,20.2,FALSE
"F_prepandemic_2009_censusIC","Truckload","Total_Inventories","none","const","SBC",2,TRUE,"eigen","r <= 1",3.75718956756154,7.52,9.24,12.97,FALSE
"F_prepandemic_2009_censusIC","Truckload","Total_Inventories","none","trend","AIC",2,TRUE,"trace","r = 0",13.7066598523857,22.76,25.32,30.45,FALSE
"F_prepandemic_2009_censusIC","Truckload","Total_Inventories","none","trend","AIC",2,TRUE,"trace","r <= 1",4.64196990315882,10.49,12.25,16.26,FALSE
"F_prepandemic_2009_censusIC","Truckload","Total_Inventories","none","trend","AIC",2,TRUE,"eigen","r = 0",9.06468994922684,16.85,18.96,23.65,FALSE
"F_prepandemic_2009_censusIC","Truckload","Total_Inventories","none","trend","AIC",2,TRUE,"eigen","r <= 1",4.64196990315882,10.49,12.25,16.26,FALSE
"F_prepandemic_2009_censusIC","Truckload","Total_Inventories","none","trend","SBC",2,TRUE,"trace","r = 0",13.7066598523857,22.76,25.32,30.45,FALSE
"F_prepandemic_2009_censusIC","Truckload","Total_Inventories","none","trend","SBC",2,TRUE,"trace","r <= 1",4.64196990315882,10.49,12.25,16.26,FALSE
"F_prepandemic_2009_censusIC","Truckload","Total_Inventories","none","trend","SBC",2,TRUE,"eigen","r = 0",9.06468994922684,16.85,18.96,23.65,FALSE
"F_prepandemic_2009_censusIC","Truckload","Total_Inventories","none","trend","SBC",2,TRUE,"eigen","r <= 1",4.64196990315882,10.49,12.25,16.26,FALSE
"F_prepandemic_2009_censusIC","Truckload","Total_Inventories","crisis_only","none","AIC",2,FALSE,"trace","r = 0",18.0926678806999,15.66,17.95,23.52,TRUE
"F_prepandemic_2009_censusIC","Truckload","Total_Inventories","crisis_only","none","AIC",2,FALSE,"trace","r <= 1",2.71457867995582,6.5,8.18,11.65,FALSE
"F_prepandemic_2009_censusIC","Truckload","Total_Inventories","crisis_only","none","AIC",2,FALSE,"eigen","r = 0",15.3780892007441,12.91,14.9,19.19,TRUE
"F_prepandemic_2009_censusIC","Truckload","Total_Inventories","crisis_only","none","AIC",2,FALSE,"eigen","r <= 1",2.71457867995582,6.5,8.18,11.65,FALSE
"F_prepandemic_2009_censusIC","Truckload","Total_Inventories","crisis_only","none","SBC",2,FALSE,"trace","r = 0",18.0926678806999,15.66,17.95,23.52,TRUE
"F_prepandemic_2009_censusIC","Truckload","Total_Inventories","crisis_only","none","SBC",2,FALSE,"trace","r <= 1",2.71457867995582,6.5,8.18,11.65,FALSE
"F_prepandemic_2009_censusIC","Truckload","Total_Inventories","crisis_only","none","SBC",2,FALSE,"eigen","r = 0",15.3780892007441,12.91,14.9,19.19,TRUE
"F_prepandemic_2009_censusIC","Truckload","Total_Inventories","crisis_only","none","SBC",2,FALSE,"eigen","r <= 1",2.71457867995582,6.5,8.18,11.65,FALSE
"F_prepandemic_2009_censusIC","Truckload","Total_Inventories","crisis_only","const","AIC",2,FALSE,"trace","r = 0",44.3183468782986,17.85,19.96,24.6,TRUE
"F_prepandemic_2009_censusIC","Truckload","Total_Inventories","crisis_only","const","AIC",2,FALSE,"trace","r <= 1",3.0032293520959,7.52,9.24,12.97,FALSE
"F_prepandemic_2009_censusIC","Truckload","Total_Inventories","crisis_only","const","AIC",2,FALSE,"eigen","r = 0",41.3151175262027,13.75,15.67,20.2,TRUE
"F_prepandemic_2009_censusIC","Truckload","Total_Inventories","crisis_only","const","AIC",2,FALSE,"eigen","r <= 1",3.00322935209583,7.52,9.24,12.97,FALSE
"F_prepandemic_2009_censusIC","Truckload","Total_Inventories","crisis_only","const","SBC",2,FALSE,"trace","r = 0",44.3183468782986,17.85,19.96,24.6,TRUE
"F_prepandemic_2009_censusIC","Truckload","Total_Inventories","crisis_only","const","SBC",2,FALSE,"trace","r <= 1",3.0032293520959,7.52,9.24,12.97,FALSE
"F_prepandemic_2009_censusIC","Truckload","Total_Inventories","crisis_only","const","SBC",2,FALSE,"eigen","r = 0",41.3151175262027,13.75,15.67,20.2,TRUE
"F_prepandemic_2009_censusIC","Truckload","Total_Inventories","crisis_only","const","SBC",2,FALSE,"eigen","r <= 1",3.00322935209583,7.52,9.24,12.97,FALSE
"F_prepandemic_2009_censusIC","Truckload","Total_Inventories","crisis_only","trend","AIC",2,FALSE,"trace","r = 0",33.6879179642743,22.76,25.32,30.45,TRUE
"F_prepandemic_2009_censusIC","Truckload","Total_Inventories","crisis_only","trend","AIC",2,FALSE,"trace","r <= 1",4.00658690776689,10.49,12.25,16.26,FALSE
"F_prepandemic_2009_censusIC","Truckload","Total_Inventories","crisis_only","trend","AIC",2,FALSE,"eigen","r = 0",29.6813310565074,16.85,18.96,23.65,TRUE
"F_prepandemic_2009_censusIC","Truckload","Total_Inventories","crisis_only","trend","AIC",2,FALSE,"eigen","r <= 1",4.00658690776689,10.49,12.25,16.26,FALSE
"F_prepandemic_2009_censusIC","Truckload","Total_Inventories","crisis_only","trend","SBC",2,FALSE,"trace","r = 0",33.6879179642743,22.76,25.32,30.45,TRUE
"F_prepandemic_2009_censusIC","Truckload","Total_Inventories","crisis_only","trend","SBC",2,FALSE,"trace","r <= 1",4.00658690776689,10.49,12.25,16.26,FALSE
"F_prepandemic_2009_censusIC","Truckload","Total_Inventories","crisis_only","trend","SBC",2,FALSE,"eigen","r = 0",29.6813310565074,16.85,18.96,23.65,TRUE
"F_prepandemic_2009_censusIC","Truckload","Total_Inventories","crisis_only","trend","SBC",2,FALSE,"eigen","r <= 1",4.00658690776689,10.49,12.25,16.26,FALSE
"F_prepandemic_2009_censusIC","Local","Total_Inventories","none","none","AIC",6,TRUE,"trace","r = 0",12.5352795158701,15.66,17.95,23.52,FALSE
"F_prepandemic_2009_censusIC","Local","Total_Inventories","none","none","AIC",6,TRUE,"trace","r <= 1",3.98655586596447,6.5,8.18,11.65,FALSE
"F_prepandemic_2009_censusIC","Local","Total_Inventories","none","none","AIC",6,TRUE,"eigen","r = 0",8.54872364990559,12.91,14.9,19.19,FALSE
"F_prepandemic_2009_censusIC","Local","Total_Inventories","none","none","AIC",6,TRUE,"eigen","r <= 1",3.98655586596447,6.5,8.18,11.65,FALSE
"F_prepandemic_2009_censusIC","Local","Total_Inventories","none","none","SBC",2,TRUE,"trace","r = 0",2.4155164530151,15.66,17.95,23.52,FALSE
"F_prepandemic_2009_censusIC","Local","Total_Inventories","none","none","SBC",2,TRUE,"trace","r <= 1",0.0223178350136864,6.5,8.18,11.65,FALSE
"F_prepandemic_2009_censusIC","Local","Total_Inventories","none","none","SBC",2,TRUE,"eigen","r = 0",2.39319861800141,12.91,14.9,19.19,FALSE
"F_prepandemic_2009_censusIC","Local","Total_Inventories","none","none","SBC",2,TRUE,"eigen","r <= 1",0.0223178350136864,6.5,8.18,11.65,FALSE
"F_prepandemic_2009_censusIC","Local","Total_Inventories","none","const","AIC",6,TRUE,"trace","r = 0",21.1429257337922,17.85,19.96,24.6,TRUE
"F_prepandemic_2009_censusIC","Local","Total_Inventories","none","const","AIC",6,TRUE,"trace","r <= 1",3.98660973820822,7.52,9.24,12.97,FALSE
"F_prepandemic_2009_censusIC","Local","Total_Inventories","none","const","AIC",6,TRUE,"eigen","r = 0",17.156315995584,13.75,15.67,20.2,TRUE
"F_prepandemic_2009_censusIC","Local","Total_Inventories","none","const","AIC",6,TRUE,"eigen","r <= 1",3.98660973820824,7.52,9.24,12.97,FALSE
"F_prepandemic_2009_censusIC","Local","Total_Inventories","none","const","SBC",2,TRUE,"trace","r = 0",16.1394689696714,17.85,19.96,24.6,FALSE
"F_prepandemic_2009_censusIC","Local","Total_Inventories","none","const","SBC",2,TRUE,"trace","r <= 1",2.22510388770212,7.52,9.24,12.97,FALSE
"F_prepandemic_2009_censusIC","Local","Total_Inventories","none","const","SBC",2,TRUE,"eigen","r = 0",13.9143650819693,13.75,15.67,20.2,FALSE
"F_prepandemic_2009_censusIC","Local","Total_Inventories","none","const","SBC",2,TRUE,"eigen","r <= 1",2.22510388770212,7.52,9.24,12.97,FALSE
"F_prepandemic_2009_censusIC","Local","Total_Inventories","none","trend","AIC",6,TRUE,"trace","r = 0",20.762743651126,22.76,25.32,30.45,FALSE
"F_prepandemic_2009_censusIC","Local","Total_Inventories","none","trend","AIC",6,TRUE,"trace","r <= 1",4.31057814899111,10.49,12.25,16.26,FALSE
"F_prepandemic_2009_censusIC","Local","Total_Inventories","none","trend","AIC",6,TRUE,"eigen","r = 0",16.4521655021349,16.85,18.96,23.65,FALSE
"F_prepandemic_2009_censusIC","Local","Total_Inventories","none","trend","AIC",6,TRUE,"eigen","r <= 1",4.31057814899111,10.49,12.25,16.26,FALSE
"F_prepandemic_2009_censusIC","Local","Total_Inventories","none","trend","SBC",2,TRUE,"trace","r = 0",6.30530821296194,22.76,25.32,30.45,FALSE
"F_prepandemic_2009_censusIC","Local","Total_Inventories","none","trend","SBC",2,TRUE,"trace","r <= 1",2.00583952998554,10.49,12.25,16.26,FALSE
"F_prepandemic_2009_censusIC","Local","Total_Inventories","none","trend","SBC",2,TRUE,"eigen","r = 0",4.2994686829764,16.85,18.96,23.65,FALSE
"F_prepandemic_2009_censusIC","Local","Total_Inventories","none","trend","SBC",2,TRUE,"eigen","r <= 1",2.00583952998554,10.49,12.25,16.26,FALSE
"F_prepandemic_2009_censusIC","Local","Total_Inventories","crisis_only","none","AIC",6,FALSE,"trace","r = 0",18.2625495936687,15.66,17.95,23.52,TRUE
"F_prepandemic_2009_censusIC","Local","Total_Inventories","crisis_only","none","AIC",6,FALSE,"trace","r <= 1",4.28191565005011,6.5,8.18,11.65,FALSE
"F_prepandemic_2009_censusIC","Local","Total_Inventories","crisis_only","none","AIC",6,FALSE,"eigen","r = 0",13.9806339436186,12.91,14.9,19.19,FALSE
"F_prepandemic_2009_censusIC","Local","Total_Inventories","crisis_only","none","AIC",6,FALSE,"eigen","r <= 1",4.28191565005011,6.5,8.18,11.65,FALSE
"F_prepandemic_2009_censusIC","Local","Total_Inventories","crisis_only","none","SBC",2,FALSE,"trace","r = 0",18.1214707165442,15.66,17.95,23.52,TRUE
"F_prepandemic_2009_censusIC","Local","Total_Inventories","crisis_only","none","SBC",2,FALSE,"trace","r <= 1",0.838313180677525,6.5,8.18,11.65,FALSE
"F_prepandemic_2009_censusIC","Local","Total_Inventories","crisis_only","none","SBC",2,FALSE,"eigen","r = 0",17.2831575358667,12.91,14.9,19.19,TRUE
"F_prepandemic_2009_censusIC","Local","Total_Inventories","crisis_only","none","SBC",2,FALSE,"eigen","r <= 1",0.838313180677525,6.5,8.18,11.65,FALSE
"F_prepandemic_2009_censusIC","Local","Total_Inventories","crisis_only","const","AIC",6,FALSE,"trace","r = 0",23.1117925396305,17.85,19.96,24.6,TRUE
"F_prepandemic_2009_censusIC","Local","Total_Inventories","crisis_only","const","AIC",6,FALSE,"trace","r <= 1",4.31948775615181,7.52,9.24,12.97,FALSE
"F_prepandemic_2009_censusIC","Local","Total_Inventories","crisis_only","const","AIC",6,FALSE,"eigen","r = 0",18.7923047834787,13.75,15.67,20.2,TRUE
"F_prepandemic_2009_censusIC","Local","Total_Inventories","crisis_only","const","AIC",6,FALSE,"eigen","r <= 1",4.31948775615181,7.52,9.24,12.97,FALSE
"F_prepandemic_2009_censusIC","Local","Total_Inventories","crisis_only","const","SBC",2,FALSE,"trace","r = 0",46.1835154498739,17.85,19.96,24.6,TRUE
"F_prepandemic_2009_censusIC","Local","Total_Inventories","crisis_only","const","SBC",2,FALSE,"trace","r <= 1",3.04824242582968,7.52,9.24,12.97,FALSE
"F_prepandemic_2009_censusIC","Local","Total_Inventories","crisis_only","const","SBC",2,FALSE,"eigen","r = 0",43.1352730240442,13.75,15.67,20.2,TRUE
"F_prepandemic_2009_censusIC","Local","Total_Inventories","crisis_only","const","SBC",2,FALSE,"eigen","r <= 1",3.04824242582983,7.52,9.24,12.97,FALSE
"F_prepandemic_2009_censusIC","Local","Total_Inventories","crisis_only","trend","AIC",6,FALSE,"trace","r = 0",27.2855118636826,22.76,25.32,30.45,TRUE
"F_prepandemic_2009_censusIC","Local","Total_Inventories","crisis_only","trend","AIC",6,FALSE,"trace","r <= 1",6.29320264504183,10.49,12.25,16.26,FALSE
"F_prepandemic_2009_censusIC","Local","Total_Inventories","crisis_only","trend","AIC",6,FALSE,"eigen","r = 0",20.9923092186407,16.85,18.96,23.65,TRUE
"F_prepandemic_2009_censusIC","Local","Total_Inventories","crisis_only","trend","AIC",6,FALSE,"eigen","r <= 1",6.29320264504183,10.49,12.25,16.26,FALSE
"F_prepandemic_2009_censusIC","Local","Total_Inventories","crisis_only","trend","SBC",2,FALSE,"trace","r = 0",28.2285041199894,22.76,25.32,30.45,TRUE
"F_prepandemic_2009_censusIC","Local","Total_Inventories","crisis_only","trend","SBC",2,FALSE,"trace","r <= 1",2.10801887442189,10.49,12.25,16.26,FALSE
"F_prepandemic_2009_censusIC","Local","Total_Inventories","crisis_only","trend","SBC",2,FALSE,"eigen","r = 0",26.1204852455676,16.85,18.96,23.65,TRUE
"F_prepandemic_2009_censusIC","Local","Total_Inventories","crisis_only","trend","SBC",2,FALSE,"eigen","r <= 1",2.10801887442189,10.49,12.25,16.26,FALSE
"F_prepandemic_2009_censusIC","Airfreight","Total_Inventories","none","none","AIC",7,TRUE,"trace","r = 0",23.0002022355328,15.66,17.95,23.52,TRUE
"F_prepandemic_2009_censusIC","Airfreight","Total_Inventories","none","none","AIC",7,TRUE,"trace","r <= 1",0.966287508422651,6.5,8.18,11.65,FALSE
"F_prepandemic_2009_censusIC","Airfreight","Total_Inventories","none","none","AIC",7,TRUE,"eigen","r = 0",22.0339147271101,12.91,14.9,19.19,TRUE
"F_prepandemic_2009_censusIC","Airfreight","Total_Inventories","none","none","AIC",7,TRUE,"eigen","r <= 1",0.966287508422651,6.5,8.18,11.65,FALSE
"F_prepandemic_2009_censusIC","Airfreight","Total_Inventories","none","none","SBC",2,TRUE,"trace","r = 0",12.9789219397432,15.66,17.95,23.52,FALSE
"F_prepandemic_2009_censusIC","Airfreight","Total_Inventories","none","none","SBC",2,TRUE,"trace","r <= 1",2.57691096758673,6.5,8.18,11.65,FALSE
"F_prepandemic_2009_censusIC","Airfreight","Total_Inventories","none","none","SBC",2,TRUE,"eigen","r = 0",10.4020109721565,12.91,14.9,19.19,FALSE
"F_prepandemic_2009_censusIC","Airfreight","Total_Inventories","none","none","SBC",2,TRUE,"eigen","r <= 1",2.57691096758673,6.5,8.18,11.65,FALSE
"F_prepandemic_2009_censusIC","Airfreight","Total_Inventories","none","const","AIC",7,TRUE,"trace","r = 0",37.8934493614579,17.85,19.96,24.6,TRUE
"F_prepandemic_2009_censusIC","Airfreight","Total_Inventories","none","const","AIC",7,TRUE,"trace","r <= 1",4.60109759167106,7.52,9.24,12.97,FALSE
"F_prepandemic_2009_censusIC","Airfreight","Total_Inventories","none","const","AIC",7,TRUE,"eigen","r = 0",33.2923517697868,13.75,15.67,20.2,TRUE
"F_prepandemic_2009_censusIC","Airfreight","Total_Inventories","none","const","AIC",7,TRUE,"eigen","r <= 1",4.60109759167117,7.52,9.24,12.97,FALSE
"F_prepandemic_2009_censusIC","Airfreight","Total_Inventories","none","const","SBC",2,TRUE,"trace","r = 0",24.6037806428078,17.85,19.96,24.6,TRUE
"F_prepandemic_2009_censusIC","Airfreight","Total_Inventories","none","const","SBC",2,TRUE,"trace","r <= 1",6.84385662399994,7.52,9.24,12.97,FALSE
"F_prepandemic_2009_censusIC","Airfreight","Total_Inventories","none","const","SBC",2,TRUE,"eigen","r = 0",17.7599240188079,13.75,15.67,20.2,TRUE
"F_prepandemic_2009_censusIC","Airfreight","Total_Inventories","none","const","SBC",2,TRUE,"eigen","r <= 1",6.84385662399991,7.52,9.24,12.97,FALSE
"F_prepandemic_2009_censusIC","Airfreight","Total_Inventories","none","trend","AIC",7,TRUE,"trace","r = 0",40.1827442544582,22.76,25.32,30.45,TRUE
"F_prepandemic_2009_censusIC","Airfreight","Total_Inventories","none","trend","AIC",7,TRUE,"trace","r <= 1",15.0162217834351,10.49,12.25,16.26,TRUE
"F_prepandemic_2009_censusIC","Airfreight","Total_Inventories","none","trend","AIC",7,TRUE,"eigen","r = 0",25.166522471023,16.85,18.96,23.65,TRUE
"F_prepandemic_2009_censusIC","Airfreight","Total_Inventories","none","trend","AIC",7,TRUE,"eigen","r <= 1",15.0162217834351,10.49,12.25,16.26,TRUE
"F_prepandemic_2009_censusIC","Airfreight","Total_Inventories","none","trend","SBC",2,TRUE,"trace","r = 0",45.1527739744948,22.76,25.32,30.45,TRUE
"F_prepandemic_2009_censusIC","Airfreight","Total_Inventories","none","trend","SBC",2,TRUE,"trace","r <= 1",8.1585730693674,10.49,12.25,16.26,FALSE
"F_prepandemic_2009_censusIC","Airfreight","Total_Inventories","none","trend","SBC",2,TRUE,"eigen","r = 0",36.9942009051274,16.85,18.96,23.65,TRUE
"F_prepandemic_2009_censusIC","Airfreight","Total_Inventories","none","trend","SBC",2,TRUE,"eigen","r <= 1",8.1585730693674,10.49,12.25,16.26,FALSE
"F_prepandemic_2009_censusIC","Airfreight","Total_Inventories","crisis_only","none","AIC",7,FALSE,"trace","r = 0",24.4637069138508,15.66,17.95,23.52,TRUE
"F_prepandemic_2009_censusIC","Airfreight","Total_Inventories","crisis_only","none","AIC",7,FALSE,"trace","r <= 1",1.06536940338101,6.5,8.18,11.65,FALSE
"F_prepandemic_2009_censusIC","Airfreight","Total_Inventories","crisis_only","none","AIC",7,FALSE,"eigen","r = 0",23.3983375104697,12.91,14.9,19.19,TRUE
"F_prepandemic_2009_censusIC","Airfreight","Total_Inventories","crisis_only","none","AIC",7,FALSE,"eigen","r <= 1",1.06536940338101,6.5,8.18,11.65,FALSE
"F_prepandemic_2009_censusIC","Airfreight","Total_Inventories","crisis_only","none","SBC",2,FALSE,"trace","r = 0",32.8012354020368,15.66,17.95,23.52,TRUE
"F_prepandemic_2009_censusIC","Airfreight","Total_Inventories","crisis_only","none","SBC",2,FALSE,"trace","r <= 1",2.9866283310493,6.5,8.18,11.65,FALSE
"F_prepandemic_2009_censusIC","Airfreight","Total_Inventories","crisis_only","none","SBC",2,FALSE,"eigen","r = 0",29.8146070709875,12.91,14.9,19.19,TRUE
"F_prepandemic_2009_censusIC","Airfreight","Total_Inventories","crisis_only","none","SBC",2,FALSE,"eigen","r <= 1",2.9866283310493,6.5,8.18,11.65,FALSE
"F_prepandemic_2009_censusIC","Airfreight","Total_Inventories","crisis_only","const","AIC",7,FALSE,"trace","r = 0",30.8348310287958,17.85,19.96,24.6,TRUE
"F_prepandemic_2009_censusIC","Airfreight","Total_Inventories","crisis_only","const","AIC",7,FALSE,"trace","r <= 1",4.45110072890366,7.52,9.24,12.97,FALSE
"F_prepandemic_2009_censusIC","Airfreight","Total_Inventories","crisis_only","const","AIC",7,FALSE,"eigen","r = 0",26.3837302998921,13.75,15.67,20.2,TRUE
"F_prepandemic_2009_censusIC","Airfreight","Total_Inventories","crisis_only","const","AIC",7,FALSE,"eigen","r <= 1",4.45110072890359,7.52,9.24,12.97,FALSE
"F_prepandemic_2009_censusIC","Airfreight","Total_Inventories","crisis_only","const","SBC",2,FALSE,"trace","r = 0",60.572730211961,17.85,19.96,24.6,TRUE
"F_prepandemic_2009_censusIC","Airfreight","Total_Inventories","crisis_only","const","SBC",2,FALSE,"trace","r <= 1",10.6132787475854,7.52,9.24,12.97,TRUE
"F_prepandemic_2009_censusIC","Airfreight","Total_Inventories","crisis_only","const","SBC",2,FALSE,"eigen","r = 0",49.9594514643756,13.75,15.67,20.2,TRUE
"F_prepandemic_2009_censusIC","Airfreight","Total_Inventories","crisis_only","const","SBC",2,FALSE,"eigen","r <= 1",10.6132787475854,7.52,9.24,12.97,TRUE
"F_prepandemic_2009_censusIC","Airfreight","Total_Inventories","crisis_only","trend","AIC",7,FALSE,"trace","r = 0",41.1272980872501,22.76,25.32,30.45,TRUE
"F_prepandemic_2009_censusIC","Airfreight","Total_Inventories","crisis_only","trend","AIC",7,FALSE,"trace","r <= 1",16.2371892610208,10.49,12.25,16.26,TRUE
"F_prepandemic_2009_censusIC","Airfreight","Total_Inventories","crisis_only","trend","AIC",7,FALSE,"eigen","r = 0",24.8901088262294,16.85,18.96,23.65,TRUE
"F_prepandemic_2009_censusIC","Airfreight","Total_Inventories","crisis_only","trend","AIC",7,FALSE,"eigen","r <= 1",16.2371892610208,10.49,12.25,16.26,TRUE
"F_prepandemic_2009_censusIC","Airfreight","Total_Inventories","crisis_only","trend","SBC",2,FALSE,"trace","r = 0",46.6916755216934,22.76,25.32,30.45,TRUE
"F_prepandemic_2009_censusIC","Airfreight","Total_Inventories","crisis_only","trend","SBC",2,FALSE,"trace","r <= 1",10.1587445067944,10.49,12.25,16.26,FALSE
"F_prepandemic_2009_censusIC","Airfreight","Total_Inventories","crisis_only","trend","SBC",2,FALSE,"eigen","r = 0",36.532931014899,16.85,18.96,23.65,TRUE
"F_prepandemic_2009_censusIC","Airfreight","Total_Inventories","crisis_only","trend","SBC",2,FALSE,"eigen","r <= 1",10.1587445067944,10.49,12.25,16.26,FALSE
